[Rank 2] Base totals  →  elems=30 conn-rows=112
[Rank 2] SubPartitionedMesh(etypes=['quad', 'tri'],
                   eidxs_base={'quad': array([ 1,  2, 15, 17,  3, 10, 16]),
                               'tri': array([2, 7])},
                   eidxs={'quad': array([ 1,  3, 10, 15, 16]),
                          'tri': array([2, 7])},
                   conn=array([[ 0,  2,  0,  2,  1, 16,  2],
       [ 0,  2,  1, -1, -1, -1,  0],
       [ 0,  2,  2,  2,  0,  7,  0],
       [ 0,  7,  0,  2,  0,  2,  2],
       [ 0,  7,  1, -1, -1, -1,  2],
       [ 0,  7,  2,  2,  1, 10,  2],
       [ 1,  1,  0,  2,  1,  3,  3],
       [ 1,  1,  1,  0,  1, 12,  1],
       [ 1,  1,  2,  1,  1,  2,  2],
       [ 1,  1,  3,  1,  1, 17,  1],
       [ 1,  3,  0,  2,  1, 16,  3],
       [ 1,  3,  1,  2,  1, 10,  1],
       [ 1,  3,  2,  2,  1, 15,  2],
       [ 1,  3,  3,  2,  1,  1,  0],
       [ 1, 10,  0,  2,  1, 15,  3],
       [ 1, 10,  1,  2,  1,  3,  1],
       [ 1, 10,  2,  2,  0,  7,  2],
       [ 1, 10,  3, -1, -1, -1,  2],
       [ 1, 15,  0,  0,  1,  0,  1],
       [ 1, 15,  1,  0,  1, 12,  2],
       [ 1, 15,  2,  2,  1,  3,  2],
       [ 1, 15,  3,  2,  1, 10,  0],
       [ 1, 16,  0,  1,  1, 17,  0],
       [ 1, 16,  1, -1, -1, -1,  0],
       [ 1, 16,  2,  2,  0,  2,  0],
       [ 1, 16,  3,  2,  1,  3,  0]]),
                   spts={'quad': array([[[0.62359953, 0.22794287],
        [0.68074413, 0.41970635],
        [0.49541325, 0.31519935],
        [0.49592129, 0.49379152]],

       [[1.        , 0.5       ],
        [0.7818017 , 0.58014363],
        [0.83472002, 0.36749615],
        [0.68074413, 0.41970635]],

       [[0.62359953, 0.22794287],
        [0.82341592, 0.18278211],
        [0.68074413, 0.41970635],
        [0.83472002, 0.36749615]],

       [[1.        , 0.5       ],
        [0.83472002, 0.36749615],
        [1.        , 0.25      ],
        [0.82341592, 0.18278211]],

       [[0.62359953, 0.22794287],
        [0.5       , 0.        ],
        [0.82341592, 0.18278211],
        [0.75      , 0.        ]]]),
                         'tri': array([[[0.82341592, 0.18278211],
        [0.75      , 0.        ],
        [1.        , 0.        ]],

       [[0.82341592, 0.18278211],
        [1.        , 0.        ],
        [1.        , 0.25      ]]])},
                   spts_nodes={'quad': array([[26, 29, 27, 31],
       [10, 28, 30, 29],
       [26, 16, 29, 30],
       [10, 30,  9, 16],
       [26,  6, 16,  7]]),
                               'tri': array([[16,  7,  8],
       [16,  8,  9]])},
                   spts_curved={'quad': array([False, False, False, False, False]),
                                'tri': array([False, False])},
                   strict_geometry=True)
[Rank 2] Base totals  →  elems=30 conn-rows=112
[Rank 2] SubPartitionedMesh(etypes=['quad', 'tri'],
                   eidxs_base={'quad': array([ 1,  2, 15, 17,  3, 10, 16]),
                               'tri': array([2, 7])},
                   eidxs={'quad': array([ 1,  3, 10, 15, 16]),
                          'tri': array([2, 7])},
                   conn=array([[ 0,  2,  0,  2,  1, 16,  2],
       [ 0,  2,  1, -1, -1, -1,  0],
       [ 0,  2,  2,  2,  0,  7,  0],
       [ 0,  7,  0,  2,  0,  2,  2],
       [ 0,  7,  1, -1, -1, -1,  2],
       [ 0,  7,  2,  2,  1, 10,  2],
       [ 1,  1,  0,  2,  1,  3,  3],
       [ 1,  1,  1,  0,  1, 12,  1],
       [ 1,  1,  2,  1,  1,  2,  2],
       [ 1,  1,  3,  1,  1, 17,  1],
       [ 1,  3,  0,  2,  1, 16,  3],
       [ 1,  3,  1,  2,  1, 10,  1],
       [ 1,  3,  2,  2,  1, 15,  2],
       [ 1,  3,  3,  2,  1,  1,  0],
       [ 1, 10,  0,  2,  1, 15,  3],
       [ 1, 10,  1,  2,  1,  3,  1],
       [ 1, 10,  2,  2,  0,  7,  2],
       [ 1, 10,  3, -1, -1, -1,  2],
       [ 1, 15,  0,  0,  1,  0,  1],
       [ 1, 15,  1,  0,  1, 12,  2],
       [ 1, 15,  2,  2,  1,  3,  2],
       [ 1, 15,  3,  2,  1, 10,  0],
       [ 1, 16,  0,  1,  1, 17,  0],
       [ 1, 16,  1, -1, -1, -1,  0],
       [ 1, 16,  2,  2,  0,  2,  0],
       [ 1, 16,  3,  2,  1,  3,  0]]),
                   spts={'quad': array([[[0.62359953, 0.22794287],
        [0.68074413, 0.41970635],
        [0.49541325, 0.31519935],
        [0.49592129, 0.49379152]],

       [[1.        , 0.5       ],
        [0.7818017 , 0.58014363],
        [0.83472002, 0.36749615],
        [0.68074413, 0.41970635]],

       [[0.62359953, 0.22794287],
        [0.82341592, 0.18278211],
        [0.68074413, 0.41970635],
        [0.83472002, 0.36749615]],

       [[1.        , 0.5       ],
        [0.83472002, 0.36749615],
        [1.        , 0.25      ],
        [0.82341592, 0.18278211]],

       [[0.62359953, 0.22794287],
        [0.5       , 0.        ],
        [0.82341592, 0.18278211],
        [0.75      , 0.        ]]]),
                         'tri': array([[[0.82341592, 0.18278211],
        [0.75      , 0.        ],
        [1.        , 0.        ]],

       [[0.82341592, 0.18278211],
        [1.        , 0.        ],
        [1.        , 0.25      ]]])},
                   spts_nodes={'quad': array([[26, 29, 27, 31],
       [10, 28, 30, 29],
       [26, 16, 29, 30],
       [10, 30,  9, 16],
       [26,  6, 16,  7]]),
                               'tri': array([[16,  7,  8],
       [16,  8,  9]])},
                   spts_curved={'quad': array([False, False, False, False, False]),
                                'tri': array([False, False])},
                   strict_geometry=True)
[Rank 2] Base totals  →  elems=30 conn-rows=112
[Rank 2] SubPartitionedMesh(etypes=['quad', 'tri'],
                   eidxs_base={'quad': array([ 1,  2, 15, 17,  3, 10, 16]),
                               'tri': array([2, 7])},
                   eidxs={'quad': array([ 1,  3, 10, 15, 16]),
                          'tri': array([2, 7])},
                   conn=array([[ 0,  2,  0,  2,  1, 16,  2],
       [ 0,  2,  1, -1, -1, -1,  0],
       [ 0,  2,  2,  2,  0,  7,  0],
       [ 0,  7,  0,  2,  0,  2,  2],
       [ 0,  7,  1, -1, -1, -1,  2],
       [ 0,  7,  2,  2,  1, 10,  2],
       [ 1,  1,  0,  2,  1,  3,  3],
       [ 1,  1,  1,  0,  1, 12,  1],
       [ 1,  1,  2,  1,  1,  2,  2],
       [ 1,  1,  3,  1,  1, 17,  1],
       [ 1,  3,  0,  2,  1, 16,  3],
       [ 1,  3,  1,  2,  1, 10,  1],
       [ 1,  3,  2,  2,  1, 15,  2],
       [ 1,  3,  3,  2,  1,  1,  0],
       [ 1, 10,  0,  2,  1, 15,  3],
       [ 1, 10,  1,  2,  1,  3,  1],
       [ 1, 10,  2,  2,  0,  7,  2],
       [ 1, 10,  3, -1, -1, -1,  2],
       [ 1, 15,  0,  0,  1,  0,  1],
       [ 1, 15,  1,  0,  1, 12,  2],
       [ 1, 15,  2,  2,  1,  3,  2],
       [ 1, 15,  3,  2,  1, 10,  0],
       [ 1, 16,  0,  1,  1, 17,  0],
       [ 1, 16,  1, -1, -1, -1,  0],
       [ 1, 16,  2,  2,  0,  2,  0],
       [ 1, 16,  3,  2,  1,  3,  0]]),
                   spts={'quad': array([[[0.62359953, 0.22794287],
        [0.68074413, 0.41970635],
        [0.49541325, 0.31519935],
        [0.49592129, 0.49379152]],

       [[1.        , 0.5       ],
        [0.7818017 , 0.58014363],
        [0.83472002, 0.36749615],
        [0.68074413, 0.41970635]],

       [[0.62359953, 0.22794287],
        [0.82341592, 0.18278211],
        [0.68074413, 0.41970635],
        [0.83472002, 0.36749615]],

       [[1.        , 0.5       ],
        [0.83472002, 0.36749615],
        [1.        , 0.25      ],
        [0.82341592, 0.18278211]],

       [[0.62359953, 0.22794287],
        [0.5       , 0.        ],
        [0.82341592, 0.18278211],
        [0.75      , 0.        ]]]),
                         'tri': array([[[0.82341592, 0.18278211],
        [0.75      , 0.        ],
        [1.        , 0.        ]],

       [[0.82341592, 0.18278211],
        [1.        , 0.        ],
        [1.        , 0.25      ]]])},
                   spts_nodes={'quad': array([[26, 29, 27, 31],
       [10, 28, 30, 29],
       [26, 16, 29, 30],
       [10, 30,  9, 16],
       [26,  6, 16,  7]]),
                               'tri': array([[16,  7,  8],
       [16,  8,  9]])},
                   spts_curved={'quad': array([False, False, False, False, False]),
                                'tri': array([False, False])},
                   strict_geometry=True)
[Rank 2] Base totals  →  elems=30 conn-rows=112
[Rank 2] Base totals  →  elems=30 conn-rows=112
[Rank 2] Base totals  →  elems=30 conn-rows=112
[Rank 2] Base totals  →  elems=30 conn-rows=112
[Rank 2] Base totals  →  elems=30 conn-rows=112
[Rank 2] Base totals  →  elems=30 conn-rows=112
[Rank 2] Base totals  →  elems=30 conn-rows=112
[Rank 2] Base totals  →  elems=30 conn-rows=112
[Rank 2] Base totals  →  elems=30 conn-rows=112
[Rank 2] Base totals  →  elems=30 conn-rows=112
[Rank 2] Base totals  →  elems=30 conn-rows=112
[Rank 2] Base totals  →  elems=30 conn-rows=112
[Rank 2] Base totals  →  elems=30 conn-rows=112
[Rank 2] Base totals  →  elems=30 conn-rows=112
[Rank 2] Base totals  →  elems=30 conn-rows=112
[Rank 2] Base totals  →  elems=30 conn-rows=112
[Rank 2] Base totals  →  elems=30 conn-rows=112
[Rank 2] Base totals  →  elems=30 conn-rows=112
[Rank 2] Base totals  →  elems=30 conn-rows=112
[Rank 2] Base totals  →  elems=30 conn-rows=112
[Rank 2] Base totals  →  elems=30 conn-rows=112
[Rank 2] Base totals  →  elems=30 conn-rows=112
[Rank 2] Base totals  →  elems=30 conn-rows=112
[Rank 2] Base totals  →  elems=30 conn-rows=112
[Rank 2] Base totals  →  elems=30 conn-rows=112
[Rank 2] Base totals  →  elems=30 conn-rows=112
[Rank 2] SubPartitionedMesh(etypes=['quad', 'tri'],
                   eidxs_base={'quad': array([ 1,  2, 15, 17,  3, 10, 16]),
                               'tri': array([2, 7])},
                   eidxs={'quad': array([ 1,  3, 10, 15, 16]),
                          'tri': array([2, 7])},
                   conn=array([[ 0,  2,  0,  2,  1, 16,  2],
       [ 0,  2,  1, -1, -1, -1,  0],
       [ 0,  2,  2,  2,  0,  7,  0],
       [ 0,  7,  0,  2,  0,  2,  2],
       [ 0,  7,  1, -1, -1, -1,  2],
       [ 0,  7,  2,  2,  1, 10,  2],
       [ 1,  1,  0,  2,  1,  3,  3],
       [ 1,  1,  1,  0,  1, 12,  1],
       [ 1,  1,  2,  1,  1,  2,  2],
       [ 1,  1,  3,  1,  1, 17,  1],
       [ 1,  3,  0,  2,  1, 16,  3],
       [ 1,  3,  1,  2,  1, 10,  1],
       [ 1,  3,  2,  2,  1, 15,  2],
       [ 1,  3,  3,  2,  1,  1,  0],
       [ 1, 10,  0,  2,  1, 15,  3],
       [ 1, 10,  1,  2,  1,  3,  1],
       [ 1, 10,  2,  2,  0,  7,  2],
       [ 1, 10,  3, -1, -1, -1,  2],
       [ 1, 15,  0,  0,  1,  0,  1],
       [ 1, 15,  1,  0,  1, 12,  2],
       [ 1, 15,  2,  2,  1,  3,  2],
       [ 1, 15,  3,  2,  1, 10,  0],
       [ 1, 16,  0,  1,  1, 17,  0],
       [ 1, 16,  1, -1, -1, -1,  0],
       [ 1, 16,  2,  2,  0,  2,  0],
       [ 1, 16,  3,  2,  1,  3,  0]]),
                   strict_geometry=True)
[Rank 2] Base totals  →  elems=30 conn-rows=112
[Rank 2] SubPartitionedMesh(etypes=['quad', 'tri'],
                   eidxs_base={'quad': array([ 1,  2, 15, 17,  3, 10, 16]),
                               'tri': array([2, 7])},
                   eidxs={'quad': array([ 1,  3, 10, 15, 16]),
                          'tri': array([2, 7])},
                   conn=array([[ 0,  2,  0,  2,  1, 16,  2],
       [ 0,  2,  1, -1, -1, -1,  0],
       [ 0,  2,  2,  2,  0,  7,  0],
       [ 0,  7,  0,  2,  0,  2,  2],
       [ 0,  7,  1, -1, -1, -1,  2],
       [ 0,  7,  2,  2,  1, 10,  2],
       [ 1,  1,  0,  2,  1,  3,  3],
       [ 1,  1,  1,  0,  1, 12,  1],
       [ 1,  1,  2,  1,  1,  2,  2],
       [ 1,  1,  3,  1,  1, 17,  1],
       [ 1,  3,  0,  2,  1, 16,  3],
       [ 1,  3,  1,  2,  1, 10,  1],
       [ 1,  3,  2,  2,  1, 15,  2],
       [ 1,  3,  3,  2,  1,  1,  0],
       [ 1, 10,  0,  2,  1, 15,  3],
       [ 1, 10,  1,  2,  1,  3,  1],
       [ 1, 10,  2,  2,  0,  7,  2],
       [ 1, 10,  3, -1, -1, -1,  2],
       [ 1, 15,  0,  0,  1,  0,  1],
       [ 1, 15,  1,  0,  1, 12,  2],
       [ 1, 15,  2,  2,  1,  3,  2],
       [ 1, 15,  3,  2,  1, 10,  0],
       [ 1, 16,  0,  1,  1, 17,  0],
       [ 1, 16,  1, -1, -1, -1,  0],
       [ 1, 16,  2,  2,  0,  2,  0],
       [ 1, 16,  3,  2,  1,  3,  0]]),
                   strict_geometry=True)
[Rank 2] Base totals  →  elems=30 conn-rows=112
[Rank 2] SubPartitionedMesh(etypes=['quad', 'tri'],
                   eidxs_base={'quad': array([ 1,  2, 15, 17,  3, 10, 16]),
                               'tri': array([2, 7])},
                   eidxs={'quad': array([ 1,  3, 10, 15, 16]),
                          'tri': array([2, 7])},
                   conn=array([[ 0,  2,  0,  2,  1, 16,  2],
       [ 0,  2,  1, -1, -1, -1,  0],
       [ 0,  2,  2,  2,  0,  7,  0],
       [ 0,  7,  0,  2,  0,  2,  2],
       [ 0,  7,  1, -1, -1, -1,  2],
       [ 0,  7,  2,  2,  1, 10,  2],
       [ 1,  1,  0,  2,  1,  3,  3],
       [ 1,  1,  1,  0,  1, 12,  1],
       [ 1,  1,  2,  1,  1,  2,  2],
       [ 1,  1,  3,  1,  1, 17,  1],
       [ 1,  3,  0,  2,  1, 16,  3],
       [ 1,  3,  1,  2,  1, 10,  1],
       [ 1,  3,  2,  2,  1, 15,  2],
       [ 1,  3,  3,  2,  1,  1,  0],
       [ 1, 10,  0,  2,  1, 15,  3],
       [ 1, 10,  1,  2,  1,  3,  1],
       [ 1, 10,  2,  2,  0,  7,  2],
       [ 1, 10,  3, -1, -1, -1,  2],
       [ 1, 15,  0,  0,  1,  0,  1],
       [ 1, 15,  1,  0,  1, 12,  2],
       [ 1, 15,  2,  2,  1,  3,  2],
       [ 1, 15,  3,  2,  1, 10,  0],
       [ 1, 16,  0,  1,  1, 17,  0],
       [ 1, 16,  1, -1, -1, -1,  0],
       [ 1, 16,  2,  2,  0,  2,  0],
       [ 1, 16,  3,  2,  1,  3,  0]]),
                   strict_geometry=True)
[Rank 2] Base totals  →  elems=30 conn-rows=112
[Rank 2] SubPartitionedMesh(etypes=['quad', 'tri'],
                   eidxs_base={'quad': array([ 1,  2, 15, 17,  3, 10, 16]),
                               'tri': array([2, 7])},
                   eidxs={'quad': array([ 1,  3, 10, 15, 16]),
                          'tri': array([2, 7])},
                   conn=array([[ 0,  2,  0,  2,  1, 16,  2],
       [ 0,  2,  1, -1, -1, -1,  0],
       [ 0,  2,  2,  2,  0,  7,  0],
       [ 0,  7,  0,  2,  0,  2,  2],
       [ 0,  7,  1, -1, -1, -1,  2],
       [ 0,  7,  2,  2,  1, 10,  2],
       [ 1,  1,  0,  2,  1,  3,  3],
       [ 1,  1,  1,  0,  1, 12,  1],
       [ 1,  1,  2,  1,  1,  2,  2],
       [ 1,  1,  3,  1,  1, 17,  1],
       [ 1,  3,  0,  2,  1, 16,  3],
       [ 1,  3,  1,  2,  1, 10,  1],
       [ 1,  3,  2,  2,  1, 15,  2],
       [ 1,  3,  3,  2,  1,  1,  0],
       [ 1, 10,  0,  2,  1, 15,  3],
       [ 1, 10,  1,  2,  1,  3,  1],
       [ 1, 10,  2,  2,  0,  7,  2],
       [ 1, 10,  3, -1, -1, -1,  2],
       [ 1, 15,  0,  0,  1,  0,  1],
       [ 1, 15,  1,  0,  1, 12,  2],
       [ 1, 15,  2,  2,  1,  3,  2],
       [ 1, 15,  3,  2,  1, 10,  0],
       [ 1, 16,  0,  1,  1, 17,  0],
       [ 1, 16,  1, -1, -1, -1,  0],
       [ 1, 16,  2,  2,  0,  2,  0],
       [ 1, 16,  3,  2,  1,  3,  0]]),
                   strict_geometry=True)
[Rank 2] Base totals  →  elems=30 conn-rows=112
[Rank 2] Base totals  →  elems=30 conn-rows=112
[Rank 2] Base totals  →  elems=30 conn-rows=112
[Rank 2] Base totals  →  elems=30 conn-rows=112
[Rank 2] SubPartitionedMesh(etypes=['quad', 'tri'],
                   eidxs_base={'quad': array([ 1,  2, 15, 17,  3, 10, 16]),
                               'tri': array([2, 7])},
                   eidxs={'quad': array([ 1,  3, 10, 15, 16]),
                          'tri': array([2, 7])},
                   conn=array([[ 0,  2,  0,  2,  1, 16,  2],
       [ 0,  2,  1, -1, -1, -1,  0],
       [ 0,  2,  2,  2,  0,  7,  0],
       [ 0,  7,  0,  2,  0,  2,  2],
       [ 0,  7,  1, -1, -1, -1,  2],
       [ 0,  7,  2,  2,  1, 10,  2],
       [ 1,  1,  0,  2,  1,  3,  3],
       [ 1,  1,  1,  0,  1, 12,  1],
       [ 1,  1,  2,  1,  1,  2,  2],
       [ 1,  1,  3,  1,  1, 17,  1],
       [ 1,  3,  0,  2,  1, 16,  3],
       [ 1,  3,  1,  2,  1, 10,  1],
       [ 1,  3,  2,  2,  1, 15,  2],
       [ 1,  3,  3,  2,  1,  1,  0],
       [ 1, 10,  0,  2,  1, 15,  3],
       [ 1, 10,  1,  2,  1,  3,  1],
       [ 1, 10,  2,  2,  0,  7,  2],
       [ 1, 10,  3, -1, -1, -1,  2],
       [ 1, 15,  0,  0,  1,  0,  1],
       [ 1, 15,  1,  0,  1, 12,  2],
       [ 1, 15,  2,  2,  1,  3,  2],
       [ 1, 15,  3,  2,  1, 10,  0],
       [ 1, 16,  0,  1,  1, 17,  0],
       [ 1, 16,  1, -1, -1, -1,  0],
       [ 1, 16,  2,  2,  0,  2,  0],
       [ 1, 16,  3,  2,  1,  3,  0]]),
                   strict_geometry=True)
[Rank 2] Base totals  →  elems=30 conn-rows=112
[Rank 2] SubPartitionedMesh(etypes=['quad', 'tri'],
                   eidxs_base={'quad': array([ 1,  2, 15, 17,  3, 10, 16]),
                               'tri': array([2, 7])},
                   eidxs={'quad': array([ 1,  3, 10, 15, 16]),
                          'tri': array([2, 7])},
                   conn=array([[ 0,  2,  0,  2,  1, 16,  2],
       [ 0,  2,  1, -1, -1, -1,  0],
       [ 0,  2,  2,  2,  0,  7,  0],
       [ 0,  7,  0,  2,  0,  2,  2],
       [ 0,  7,  1, -1, -1, -1,  2],
       [ 0,  7,  2,  2,  1, 10,  2],
       [ 1,  1,  0,  2,  1,  3,  3],
       [ 1,  1,  1,  0,  1, 12,  1],
       [ 1,  1,  2,  1,  1,  2,  2],
       [ 1,  1,  3,  1,  1, 17,  1],
       [ 1,  3,  0,  2,  1, 16,  3],
       [ 1,  3,  1,  2,  1, 10,  1],
       [ 1,  3,  2,  2,  1, 15,  2],
       [ 1,  3,  3,  2,  1,  1,  0],
       [ 1, 10,  0,  2,  1, 15,  3],
       [ 1, 10,  1,  2,  1,  3,  1],
       [ 1, 10,  2,  2,  0,  7,  2],
       [ 1, 10,  3, -1, -1, -1,  2],
       [ 1, 15,  0,  0,  1,  0,  1],
       [ 1, 15,  1,  0,  1, 12,  2],
       [ 1, 15,  2,  2,  1,  3,  2],
       [ 1, 15,  3,  2,  1, 10,  0],
       [ 1, 16,  0,  1,  1, 17,  0],
       [ 1, 16,  1, -1, -1, -1,  0],
       [ 1, 16,  2,  2,  0,  2,  0],
       [ 1, 16,  3,  2,  1,  3,  0]]),
                   strict_geometry=True)
[Rank 2] Base totals  →  elems=30 conn-rows=112
[Rank 2] SubPartitionedMesh(etypes=['quad', 'tri'],
                   eidxs_base={'quad': array([ 1,  2, 15, 17,  3, 10, 16]),
                               'tri': array([2, 7])},
                   eidxs={'quad': array([ 1,  3, 10, 15, 16]),
                          'tri': array([2, 7])},
                   conn=array([[ 0,  2,  0,  2,  1, 16,  2],
       [ 0,  2,  1, -1, -1, -1,  0],
       [ 0,  2,  2,  2,  0,  7,  0],
       [ 0,  7,  0,  2,  0,  2,  2],
       [ 0,  7,  1, -1, -1, -1,  2],
       [ 0,  7,  2,  2,  1, 10,  2],
       [ 1,  1,  0,  2,  1,  3,  3],
       [ 1,  1,  1,  0,  1, 12,  1],
       [ 1,  1,  2,  1,  1,  2,  2],
       [ 1,  1,  3,  1,  1, 17,  1],
       [ 1,  3,  0,  2,  1, 16,  3],
       [ 1,  3,  1,  2,  1, 10,  1],
       [ 1,  3,  2,  2,  1, 15,  2],
       [ 1,  3,  3,  2,  1,  1,  0],
       [ 1, 10,  0,  2,  1, 15,  3],
       [ 1, 10,  1,  2,  1,  3,  1],
       [ 1, 10,  2,  2,  0,  7,  2],
       [ 1, 10,  3, -1, -1, -1,  2],
       [ 1, 15,  0,  0,  1,  0,  1],
       [ 1, 15,  1,  0,  1, 12,  2],
       [ 1, 15,  2,  2,  1,  3,  2],
       [ 1, 15,  3,  2,  1, 10,  0],
       [ 1, 16,  0,  1,  1, 17,  0],
       [ 1, 16,  1, -1, -1, -1,  0],
       [ 1, 16,  2,  2,  0,  2,  0],
       [ 1, 16,  3,  2,  1,  3,  0]]),
                   strict_geometry=True)
[Rank 2] Base totals  →  elems=30 conn-rows=112
[Rank 2] SubPartitionedMesh(etypes=['quad', 'tri'],
                   eidxs_base={'quad': array([ 1,  2, 15, 17,  3, 10, 16]),
                               'tri': array([2, 7])},
                   eidxs={'quad': array([ 1,  3, 10, 15, 16]),
                          'tri': array([2, 7])},
                   conn=array([[ 0,  2,  0,  2,  1, 16,  2],
       [ 0,  2,  1, -1, -1, -1,  0],
       [ 0,  2,  2,  2,  0,  7,  0],
       [ 0,  7,  0,  2,  0,  2,  2],
       [ 0,  7,  1, -1, -1, -1,  2],
       [ 0,  7,  2,  2,  1, 10,  2],
       [ 1,  1,  0,  2,  1,  3,  3],
       [ 1,  1,  1,  0,  1, 12,  1],
       [ 1,  1,  2,  1,  1,  2,  2],
       [ 1,  1,  3,  1,  1, 17,  1],
       [ 1,  3,  0,  2,  1, 16,  3],
       [ 1,  3,  1,  2,  1, 10,  1],
       [ 1,  3,  2,  2,  1, 15,  2],
       [ 1,  3,  3,  2,  1,  1,  0],
       [ 1, 10,  0,  2,  1, 15,  3],
       [ 1, 10,  1,  2,  1,  3,  1],
       [ 1, 10,  2,  2,  0,  7,  2],
       [ 1, 10,  3, -1, -1, -1,  2],
       [ 1, 15,  0,  0,  1,  0,  1],
       [ 1, 15,  1,  0,  1, 12,  2],
       [ 1, 15,  2,  2,  1,  3,  2],
       [ 1, 15,  3,  2,  1, 10,  0],
       [ 1, 16,  0,  1,  1, 17,  0],
       [ 1, 16,  1, -1, -1, -1,  0],
       [ 1, 16,  2,  2,  0,  2,  0],
       [ 1, 16,  3,  2,  1,  3,  0]]),
                   strict_geometry=True)
[Rank 2] Base totals  →  elems=30 conn-rows=112
[Rank 2] SubPartitionedMesh(etypes=['quad', 'tri'],
                   eidxs_base={'quad': array([ 1,  2, 15, 17,  3, 10, 16]),
                               'tri': array([2, 7])},
                   eidxs={'quad': array([ 1,  3, 10, 15, 16]),
                          'tri': array([2, 7])},
                   conn=array([[ 0,  2,  0,  2,  1, 16,  2],
       [ 0,  2,  1, -1, -1, -1,  0],
       [ 0,  2,  2,  2,  0,  7,  0],
       [ 0,  7,  0,  2,  0,  2,  2],
       [ 0,  7,  1, -1, -1, -1,  2],
       [ 0,  7,  2,  2,  1, 10,  2],
       [ 1,  1,  0,  2,  1,  3,  3],
       [ 1,  1,  1,  0,  1, 12,  1],
       [ 1,  1,  2,  1,  1,  2,  2],
       [ 1,  1,  3,  1,  1, 17,  1],
       [ 1,  3,  0,  2,  1, 16,  3],
       [ 1,  3,  1,  2,  1, 10,  1],
       [ 1,  3,  2,  2,  1, 15,  2],
       [ 1,  3,  3,  2,  1,  1,  0],
       [ 1, 10,  0,  2,  1, 15,  3],
       [ 1, 10,  1,  2,  1,  3,  1],
       [ 1, 10,  2,  2,  0,  7,  2],
       [ 1, 10,  3, -1, -1, -1,  2],
       [ 1, 15,  0,  0,  1,  0,  1],
       [ 1, 15,  1,  0,  1, 12,  2],
       [ 1, 15,  2,  2,  1,  3,  2],
       [ 1, 15,  3,  2,  1, 10,  0],
       [ 1, 16,  0,  1,  1, 17,  0],
       [ 1, 16,  1, -1, -1, -1,  0],
       [ 1, 16,  2,  2,  0,  2,  0],
       [ 1, 16,  3,  2,  1,  3,  0]]),
                   strict_geometry=True)
[Rank 2] Base totals  →  elems=30 conn-rows=112
[Rank 2] SubPartitionedMesh(etypes=['quad', 'tri'],
                   eidxs_base={'quad': array([ 1,  2, 15, 17,  3, 10, 16]),
                               'tri': array([2, 7])},
                   eidxs={'quad': array([ 1,  3, 10, 15, 16]),
                          'tri': array([2, 7])},
                   conn=array([[ 0,  2,  0,  2,  1, 16,  2],
       [ 0,  2,  1, -1, -1, -1,  0],
       [ 0,  2,  2,  2,  0,  7,  0],
       [ 0,  7,  0,  2,  0,  2,  2],
       [ 0,  7,  1, -1, -1, -1,  2],
       [ 0,  7,  2,  2,  1, 10,  2],
       [ 1,  1,  0,  2,  1,  3,  3],
       [ 1,  1,  1,  0,  1, 12,  1],
       [ 1,  1,  2,  1,  1,  2,  2],
       [ 1,  1,  3,  1,  1, 17,  1],
       [ 1,  3,  0,  2,  1, 16,  3],
       [ 1,  3,  1,  2,  1, 10,  1],
       [ 1,  3,  2,  2,  1, 15,  2],
       [ 1,  3,  3,  2,  1,  1,  0],
       [ 1, 10,  0,  2,  1, 15,  3],
       [ 1, 10,  1,  2,  1,  3,  1],
       [ 1, 10,  2,  2,  0,  7,  2],
       [ 1, 10,  3, -1, -1, -1,  2],
       [ 1, 15,  0,  0,  1,  0,  1],
       [ 1, 15,  1,  0,  1, 12,  2],
       [ 1, 15,  2,  2,  1,  3,  2],
       [ 1, 15,  3,  2,  1, 10,  0],
       [ 1, 16,  0,  1,  1, 17,  0],
       [ 1, 16,  1, -1, -1, -1,  0],
       [ 1, 16,  2,  2,  0,  2,  0],
       [ 1, 16,  3,  2,  1,  3,  0]]),
                   strict_geometry=True)
[Rank 2] Base totals  →  elems=30 conn-rows=112
[Rank 2] SubPartitionedMesh(etypes=['quad', 'tri'],
                   eidxs_base={'quad': array([ 1,  2, 15, 17,  3, 10, 16]),
                               'tri': array([2, 7])},
                   eidxs={'quad': array([ 1,  3, 10, 15, 16]),
                          'tri': array([2, 7])},
                   conn=array([[ 0,  2,  0,  2,  1, 16,  2],
       [ 0,  2,  1, -1, -1, -1,  0],
       [ 0,  2,  2,  2,  0,  7,  0],
       [ 0,  7,  0,  2,  0,  2,  2],
       [ 0,  7,  1, -1, -1, -1,  2],
       [ 0,  7,  2,  2,  1, 10,  2],
       [ 1,  1,  0,  2,  1,  3,  3],
       [ 1,  1,  1,  0,  1, 12,  1],
       [ 1,  1,  2,  1,  1,  2,  2],
       [ 1,  1,  3,  1,  1, 17,  1],
       [ 1,  3,  0,  2,  1, 16,  3],
       [ 1,  3,  1,  2,  1, 10,  1],
       [ 1,  3,  2,  2,  1, 15,  2],
       [ 1,  3,  3,  2,  1,  1,  0],
       [ 1, 10,  0,  2,  1, 15,  3],
       [ 1, 10,  1,  2,  1,  3,  1],
       [ 1, 10,  2,  2,  0,  7,  2],
       [ 1, 10,  3, -1, -1, -1,  2],
       [ 1, 15,  0,  0,  1,  0,  1],
       [ 1, 15,  1,  0,  1, 12,  2],
       [ 1, 15,  2,  2,  1,  3,  2],
       [ 1, 15,  3,  2,  1, 10,  0],
       [ 1, 16,  0,  1,  1, 17,  0],
       [ 1, 16,  1, -1, -1, -1,  0],
       [ 1, 16,  2,  2,  0,  2,  0],
       [ 1, 16,  3,  2,  1,  3,  0]]),
                   strict_geometry=True)
[Rank 2] Base totals  →  elems=30 conn-rows=112
[Rank 2] Base totals  →  elems=30 conn-rows=112
[Rank 2] SubPartitionedMesh(etypes=['quad', 'tri'],
                   eidxs_base={'quad': array([ 1,  2, 15, 17,  3, 10, 16]),
                               'tri': array([2, 7])},
                   eidxs={'quad': array([ 1,  3, 10, 15, 16]),
                          'tri': array([2, 7])},
                   conn=array([[ 0,  2,  0,  2,  1, 16,  2],
       [ 0,  2,  1, -1, -1, -1,  0],
       [ 0,  2,  2,  2,  0,  7,  0],
       [ 0,  7,  0,  2,  0,  2,  2],
       [ 0,  7,  1, -1, -1, -1,  2],
       [ 0,  7,  2,  2,  1, 10,  2],
       [ 1,  1,  0,  2,  1,  3,  3],
       [ 1,  1,  1,  0,  1, 12,  1],
       [ 1,  1,  2,  1,  1,  2,  2],
       [ 1,  1,  3,  1,  1, 17,  1],
       [ 1,  3,  0,  2,  1, 16,  3],
       [ 1,  3,  1,  2,  1, 10,  1],
       [ 1,  3,  2,  2,  1, 15,  2],
       [ 1,  3,  3,  2,  1,  1,  0],
       [ 1, 10,  0,  2,  1, 15,  3],
       [ 1, 10,  1,  2,  1,  3,  1],
       [ 1, 10,  2,  2,  0,  7,  2],
       [ 1, 10,  3, -1, -1, -1,  2],
       [ 1, 15,  0,  0,  1,  0,  1],
       [ 1, 15,  1,  0,  1, 12,  2],
       [ 1, 15,  2,  2,  1,  3,  2],
       [ 1, 15,  3,  2,  1, 10,  0],
       [ 1, 16,  0,  1,  1, 17,  0],
       [ 1, 16,  1, -1, -1, -1,  0],
       [ 1, 16,  2,  2,  0,  2,  0],
       [ 1, 16,  3,  2,  1,  3,  0]]),
                   spts={'quad': array([[[0.62359953, 0.22794287],
        [0.68074413, 0.41970635],
        [0.49541325, 0.31519935],
        [0.49592129, 0.49379152]],

       [[1.        , 0.5       ],
        [0.7818017 , 0.58014363],
        [0.83472002, 0.36749615],
        [0.68074413, 0.41970635]],

       [[0.62359953, 0.22794287],
        [0.82341592, 0.18278211],
        [0.68074413, 0.41970635],
        [0.83472002, 0.36749615]],

       [[1.        , 0.5       ],
        [0.83472002, 0.36749615],
        [1.        , 0.25      ],
        [0.82341592, 0.18278211]],

       [[0.62359953, 0.22794287],
        [0.5       , 0.        ],
        [0.82341592, 0.18278211],
        [0.75      , 0.        ]]]),
                         'tri': array([[[0.82341592, 0.18278211],
        [0.75      , 0.        ],
        [1.        , 0.        ]],

       [[0.82341592, 0.18278211],
        [1.        , 0.        ],
        [1.        , 0.25      ]]])},
                   spts_nodes={'quad': array([[26, 29, 27, 31],
       [10, 28, 30, 29],
       [26, 16, 29, 30],
       [10, 30,  9, 16],
       [26,  6, 16,  7]]),
                               'tri': array([[16,  7,  8],
       [16,  8,  9]])},
                   spts_curved={'quad': array([False, False, False, False, False]),
                                'tri': array([False, False])},
                   strict_geometry=True)
[Rank 2] Base totals  →  elems=30 conn-rows=112
[Rank 2] SubPartitionedMesh(etypes=['quad', 'tri'],
                   eidxs_base={'quad': array([ 1,  2, 15, 17,  3, 10, 16]),
                               'tri': array([2, 7])},
                   eidxs={'quad': array([ 1,  3, 10, 15, 16]),
                          'tri': array([2, 7])},
                   conn=array([[ 0,  2,  0,  2,  1, 16,  2],
       [ 0,  2,  1, -1, -1, -1,  0],
       [ 0,  2,  2,  2,  0,  7,  0],
       [ 0,  7,  0,  2,  0,  2,  2],
       [ 0,  7,  1, -1, -1, -1,  2],
       [ 0,  7,  2,  2,  1, 10,  2],
       [ 1,  1,  0,  2,  1,  3,  3],
       [ 1,  1,  1,  0,  1, 12,  1],
       [ 1,  1,  2,  1,  1,  2,  2],
       [ 1,  1,  3,  1,  1, 17,  1],
       [ 1,  3,  0,  2,  1, 16,  3],
       [ 1,  3,  1,  2,  1, 10,  1],
       [ 1,  3,  2,  2,  1, 15,  2],
       [ 1,  3,  3,  2,  1,  1,  0],
       [ 1, 10,  0,  2,  1, 15,  3],
       [ 1, 10,  1,  2,  1,  3,  1],
       [ 1, 10,  2,  2,  0,  7,  2],
       [ 1, 10,  3, -1, -1, -1,  2],
       [ 1, 15,  0,  0,  1,  0,  1],
       [ 1, 15,  1,  0,  1, 12,  2],
       [ 1, 15,  2,  2,  1,  3,  2],
       [ 1, 15,  3,  2,  1, 10,  0],
       [ 1, 16,  0,  1,  1, 17,  0],
       [ 1, 16,  1, -1, -1, -1,  0],
       [ 1, 16,  2,  2,  0,  2,  0],
       [ 1, 16,  3,  2,  1,  3,  0]]),
                   spts={'quad': array([[[0.62359953, 0.22794287],
        [0.68074413, 0.41970635],
        [0.49541325, 0.31519935],
        [0.49592129, 0.49379152]],

       [[1.        , 0.5       ],
        [0.7818017 , 0.58014363],
        [0.83472002, 0.36749615],
        [0.68074413, 0.41970635]],

       [[0.62359953, 0.22794287],
        [0.82341592, 0.18278211],
        [0.68074413, 0.41970635],
        [0.83472002, 0.36749615]],

       [[1.        , 0.5       ],
        [0.83472002, 0.36749615],
        [1.        , 0.25      ],
        [0.82341592, 0.18278211]],

       [[0.62359953, 0.22794287],
        [0.5       , 0.        ],
        [0.82341592, 0.18278211],
        [0.75      , 0.        ]]]),
                         'tri': array([[[0.82341592, 0.18278211],
        [0.75      , 0.        ],
        [1.        , 0.        ]],

       [[0.82341592, 0.18278211],
        [1.        , 0.        ],
        [1.        , 0.25      ]]])},
                   spts_nodes={'quad': array([[26, 29, 27, 31],
       [10, 28, 30, 29],
       [26, 16, 29, 30],
       [10, 30,  9, 16],
       [26,  6, 16,  7]]),
                               'tri': array([[16,  7,  8],
       [16,  8,  9]])},
                   spts_curved={'quad': array([False, False, False, False, False]),
                                'tri': array([False, False])},
                   strict_geometry=True)
[Rank 2] Base totals  →  elems=30 conn-rows=112
[Rank 2] Base totals  →  elems=30 conn-rows=112
[Rank 2] Base totals  →  elems=30 conn-rows=112
[Rank 2] Base totals  →  elems=30 conn-rows=112
[Rank 2] Base totals  →  elems=30 conn-rows=112
[Rank 2] Base totals  →  elems=30 conn-rows=112
[Rank 2] Base totals  →  elems=30 conn-rows=112
[Rank 2] Base totals  →  elems=30 conn-rows=112
[Rank 2] Base totals  →  elems=30 conn-rows=112
[Rank 2] Base totals  →  elems=30 conn-rows=112
[Rank 2] Base totals  →  elems=30 conn-rows=112
[Rank 2] Base totals  →  elems=30 conn-rows=112
[Rank 2] Base totals  →  elems=30 conn-rows=112
[Rank 2] Base totals  →  elems=30 conn-rows=112
[Rank 2] Base totals  →  elems=30 conn-rows=112
[Rank 2] Base totals  →  elems=30 conn-rows=112
[Rank 2] Base totals  →  elems=30 conn-rows=112
[Rank 2] Base totals  →  elems=30 conn-rows=112
[Rank 2] SubMesh(etypes=['quad', 'tri'],
        eidxs_base={'quad': array([ 1,  2, 15, 17,  3, 10, 16]),
                    'tri': array([2, 7])},
        eidxs={'quad': array([ 1,  3, 10, 15, 16]), 'tri': array([2, 7])},
        conn=array([[ 0,  2,  0,  2,  1, 16,  2],
       [ 0,  2,  1, -1, -1, -1,  0],
       [ 0,  2,  2,  2,  0,  7,  0],
       [ 0,  7,  0,  2,  0,  2,  2],
       [ 0,  7,  1, -1, -1, -1,  2],
       [ 0,  7,  2,  2,  1, 10,  2],
       [ 1,  1,  0,  2,  1,  3,  3],
       [ 1,  1,  1,  0,  1, 12,  1],
       [ 1,  1,  2,  1,  1,  2,  2],
       [ 1,  1,  3,  1,  1, 17,  1],
       [ 1,  3,  0,  2,  1, 16,  3],
       [ 1,  3,  1,  2,  1, 10,  1],
       [ 1,  3,  2,  2,  1, 15,  2],
       [ 1,  3,  3,  2,  1,  1,  0],
       [ 1, 10,  0,  2,  1, 15,  3],
       [ 1, 10,  1,  2,  1,  3,  1],
       [ 1, 10,  2,  2,  0,  7,  2],
       [ 1, 10,  3, -1, -1, -1,  2],
       [ 1, 15,  0,  0,  1,  0,  1],
       [ 1, 15,  1,  0,  1, 12,  2],
       [ 1, 15,  2,  2,  1,  3,  2],
       [ 1, 15,  3,  2,  1, 10,  0],
       [ 1, 16,  0,  1,  1, 17,  0],
       [ 1, 16,  1, -1, -1, -1,  0],
       [ 1, 16,  2,  2,  0,  2,  0],
       [ 1, 16,  3,  2,  1,  3,  0]]),
        spts={'quad': array([[[0.62359953, 0.22794287],
        [0.68074413, 0.41970635],
        [0.49541325, 0.31519935],
        [0.49592129, 0.49379152]],

       [[1.        , 0.5       ],
        [0.7818017 , 0.58014363],
        [0.83472002, 0.36749615],
        [0.68074413, 0.41970635]],

       [[0.62359953, 0.22794287],
        [0.82341592, 0.18278211],
        [0.68074413, 0.41970635],
        [0.83472002, 0.36749615]],

       [[1.        , 0.5       ],
        [0.83472002, 0.36749615],
        [1.        , 0.25      ],
        [0.82341592, 0.18278211]],

       [[0.62359953, 0.22794287],
        [0.5       , 0.        ],
        [0.82341592, 0.18278211],
        [0.75      , 0.        ]]]),
              'tri': array([[[0.82341592, 0.18278211],
        [0.75      , 0.        ],
        [1.        , 0.        ]],

       [[0.82341592, 0.18278211],
        [1.        , 0.        ],
        [1.        , 0.25      ]]])},
        spts_nodes={'quad': array([[26, 29, 27, 31],
       [10, 28, 30, 29],
       [26, 16, 29, 30],
       [10, 30,  9, 16],
       [26,  6, 16,  7]]),
                    'tri': array([[16,  7,  8],
       [16,  8,  9]])},
        spts_curved={'quad': array([False, False, False, False, False]),
                     'tri': array([False, False])},
        strict_geometry=True)
[Rank 2] Base totals  →  elems=30 conn-rows=112
[Rank 2] SubMesh(etypes=['quad', 'tri'],
        eidxs_base={'quad': array([ 1,  2, 15, 17,  3, 10, 16]),
                    'tri': array([2, 7])},
        eidxs={'quad': array([ 1,  3, 10, 15, 16]), 'tri': array([2, 7])},
        conn=array([[ 0,  2,  0,  2,  1, 16,  2],
       [ 0,  2,  1, -1, -1, -1,  0],
       [ 0,  2,  2,  2,  0,  7,  0],
       [ 0,  7,  0,  2,  0,  2,  2],
       [ 0,  7,  1, -1, -1, -1,  2],
       [ 0,  7,  2,  2,  1, 10,  2],
       [ 1,  1,  0,  2,  1,  3,  3],
       [ 1,  1,  1,  0,  1, 12,  1],
       [ 1,  1,  2,  1,  1,  2,  2],
       [ 1,  1,  3,  1,  1, 17,  1],
       [ 1,  3,  0,  2,  1, 16,  3],
       [ 1,  3,  1,  2,  1, 10,  1],
       [ 1,  3,  2,  2,  1, 15,  2],
       [ 1,  3,  3,  2,  1,  1,  0],
       [ 1, 10,  0,  2,  1, 15,  3],
       [ 1, 10,  1,  2,  1,  3,  1],
       [ 1, 10,  2,  2,  0,  7,  2],
       [ 1, 10,  3, -1, -1, -1,  2],
       [ 1, 15,  0,  0,  1,  0,  1],
       [ 1, 15,  1,  0,  1, 12,  2],
       [ 1, 15,  2,  2,  1,  3,  2],
       [ 1, 15,  3,  2,  1, 10,  0],
       [ 1, 16,  0,  1,  1, 17,  0],
       [ 1, 16,  1, -1, -1, -1,  0],
       [ 1, 16,  2,  2,  0,  2,  0],
       [ 1, 16,  3,  2,  1,  3,  0]]),
        spts={'quad': array([[[0.62359953, 0.22794287],
        [0.68074413, 0.41970635],
        [0.49541325, 0.31519935],
        [0.49592129, 0.49379152]],

       [[1.        , 0.5       ],
        [0.7818017 , 0.58014363],
        [0.83472002, 0.36749615],
        [0.68074413, 0.41970635]],

       [[0.62359953, 0.22794287],
        [0.82341592, 0.18278211],
        [0.68074413, 0.41970635],
        [0.83472002, 0.36749615]],

       [[1.        , 0.5       ],
        [0.83472002, 0.36749615],
        [1.        , 0.25      ],
        [0.82341592, 0.18278211]],

       [[0.62359953, 0.22794287],
        [0.5       , 0.        ],
        [0.82341592, 0.18278211],
        [0.75      , 0.        ]]]),
              'tri': array([[[0.82341592, 0.18278211],
        [0.75      , 0.        ],
        [1.        , 0.        ]],

       [[0.82341592, 0.18278211],
        [1.        , 0.        ],
        [1.        , 0.25      ]]])},
        spts_nodes={'quad': array([[26, 29, 27, 31],
       [10, 28, 30, 29],
       [26, 16, 29, 30],
       [10, 30,  9, 16],
       [26,  6, 16,  7]]),
                    'tri': array([[16,  7,  8],
       [16,  8,  9]])},
        spts_curved={'quad': array([False, False, False, False, False]),
                     'tri': array([False, False])},
        strict_geometry=True)
[Rank 2] Base totals  →  elems=30 conn-rows=112
[Rank 2] SubMesh(etypes=['quad', 'tri'],
        eidxs_base={'quad': array([ 1,  2, 15, 17,  3, 10, 16]),
                    'tri': array([2, 7])},
        eidxs={'quad': array([ 1,  3, 10, 15, 16]), 'tri': array([2, 7])},
        conn=array([[ 0,  2,  0,  2,  1, 16,  2],
       [ 0,  2,  1, -1, -1, -1,  0],
       [ 0,  2,  2,  2,  0,  7,  0],
       [ 0,  7,  0,  2,  0,  2,  2],
       [ 0,  7,  1, -1, -1, -1,  2],
       [ 0,  7,  2,  2,  1, 10,  2],
       [ 1,  1,  0,  2,  1,  3,  3],
       [ 1,  1,  1,  0,  1, 12,  1],
       [ 1,  1,  2,  1,  1,  2,  2],
       [ 1,  1,  3,  1,  1, 17,  1],
       [ 1,  3,  0,  2,  1, 16,  3],
       [ 1,  3,  1,  2,  1, 10,  1],
       [ 1,  3,  2,  2,  1, 15,  2],
       [ 1,  3,  3,  2,  1,  1,  0],
       [ 1, 10,  0,  2,  1, 15,  3],
       [ 1, 10,  1,  2,  1,  3,  1],
       [ 1, 10,  2,  2,  0,  7,  2],
       [ 1, 10,  3, -1, -1, -1,  2],
       [ 1, 15,  0,  0,  1,  0,  1],
       [ 1, 15,  1,  0,  1, 12,  2],
       [ 1, 15,  2,  2,  1,  3,  2],
       [ 1, 15,  3,  2,  1, 10,  0],
       [ 1, 16,  0,  1,  1, 17,  0],
       [ 1, 16,  1, -1, -1, -1,  0],
       [ 1, 16,  2,  2,  0,  2,  0],
       [ 1, 16,  3,  2,  1,  3,  0]]),
        spts={'quad': array([[[0.62359953, 0.22794287],
        [0.68074413, 0.41970635],
        [0.49541325, 0.31519935],
        [0.49592129, 0.49379152]],

       [[1.        , 0.5       ],
        [0.7818017 , 0.58014363],
        [0.83472002, 0.36749615],
        [0.68074413, 0.41970635]],

       [[0.62359953, 0.22794287],
        [0.82341592, 0.18278211],
        [0.68074413, 0.41970635],
        [0.83472002, 0.36749615]],

       [[1.        , 0.5       ],
        [0.83472002, 0.36749615],
        [1.        , 0.25      ],
        [0.82341592, 0.18278211]],

       [[0.62359953, 0.22794287],
        [0.5       , 0.        ],
        [0.82341592, 0.18278211],
        [0.75      , 0.        ]]]),
              'tri': array([[[0.82341592, 0.18278211],
        [0.75      , 0.        ],
        [1.        , 0.        ]],

       [[0.82341592, 0.18278211],
        [1.        , 0.        ],
        [1.        , 0.25      ]]])},
        spts_nodes={'quad': array([[26, 29, 27, 31],
       [10, 28, 30, 29],
       [26, 16, 29, 30],
       [10, 30,  9, 16],
       [26,  6, 16,  7]]),
                    'tri': array([[16,  7,  8],
       [16,  8,  9]])},
        spts_curved={'quad': array([False, False, False, False, False]),
                     'tri': array([False, False])},
        strict_geometry=True)
[Rank 2] Base totals  →  elems=30 conn-rows=112
[Rank 2] Base totals  →  elems=30 conn-rows=112
[Rank 2] Base totals  →  elems=30 conn-rows=112
[Rank 2] SubMesh(etypes=['quad', 'tri'],
        eidxs_base={'quad': array([ 1,  2, 15, 17,  3, 10, 16]),
                    'tri': array([2, 7])},
        eidxs={'quad': array([ 1,  3, 10, 15, 16]), 'tri': array([2, 7])},
        conn=array([[ 0,  2,  0,  2,  1, 16,  2],
       [ 0,  2,  1, -1, -1, -1,  0],
       [ 0,  2,  2,  2,  0,  7,  0],
       [ 0,  7,  0,  2,  0,  2,  2],
       [ 0,  7,  1, -1, -1, -1,  2],
       [ 0,  7,  2,  2,  1, 10,  2],
       [ 1,  1,  0,  2,  1,  3,  3],
       [ 1,  1,  1,  0,  1, 12,  1],
       [ 1,  1,  2,  1,  1,  2,  2],
       [ 1,  1,  3,  1,  1, 17,  1],
       [ 1,  3,  0,  2,  1, 16,  3],
       [ 1,  3,  1,  2,  1, 10,  1],
       [ 1,  3,  2,  2,  1, 15,  2],
       [ 1,  3,  3,  2,  1,  1,  0],
       [ 1, 10,  0,  2,  1, 15,  3],
       [ 1, 10,  1,  2,  1,  3,  1],
       [ 1, 10,  2,  2,  0,  7,  2],
       [ 1, 10,  3, -1, -1, -1,  2],
       [ 1, 15,  0,  0,  1,  0,  1],
       [ 1, 15,  1,  0,  1, 12,  2],
       [ 1, 15,  2,  2,  1,  3,  2],
       [ 1, 15,  3,  2,  1, 10,  0],
       [ 1, 16,  0,  1,  1, 17,  0],
       [ 1, 16,  1, -1, -1, -1,  0],
       [ 1, 16,  2,  2,  0,  2,  0],
       [ 1, 16,  3,  2,  1,  3,  0]]),
        spts={'quad': array([[[0.62359953, 0.22794287],
        [0.68074413, 0.41970635],
        [0.49541325, 0.31519935],
        [0.49592129, 0.49379152]],

       [[1.        , 0.5       ],
        [0.7818017 , 0.58014363],
        [0.83472002, 0.36749615],
        [0.68074413, 0.41970635]],

       [[0.62359953, 0.22794287],
        [0.82341592, 0.18278211],
        [0.68074413, 0.41970635],
        [0.83472002, 0.36749615]],

       [[1.        , 0.5       ],
        [0.83472002, 0.36749615],
        [1.        , 0.25      ],
        [0.82341592, 0.18278211]],

       [[0.62359953, 0.22794287],
        [0.5       , 0.        ],
        [0.82341592, 0.18278211],
        [0.75      , 0.        ]]]),
              'tri': array([[[0.82341592, 0.18278211],
        [0.75      , 0.        ],
        [1.        , 0.        ]],

       [[0.82341592, 0.18278211],
        [1.        , 0.        ],
        [1.        , 0.25      ]]])},
        spts_nodes={'quad': array([[26, 29, 27, 31],
       [10, 28, 30, 29],
       [26, 16, 29, 30],
       [10, 30,  9, 16],
       [26,  6, 16,  7]]),
                    'tri': array([[16,  7,  8],
       [16,  8,  9]])},
        spts_curved={'quad': array([False, False, False, False, False]),
                     'tri': array([False, False])},
        strict_geometry=True)
[Rank 2] Base totals  →  elems=30 conn-rows=112
[Rank 2] SubMesh(etypes=['quad', 'tri'],
        eidxs_base={'quad': array([ 1,  2, 15, 17,  3, 10, 16]),
                    'tri': array([2, 7])},
        eidxs={'quad': array([ 1,  3, 10, 15, 16]), 'tri': array([2, 7])},
        conn=array([[ 0,  2,  0,  2,  1, 16,  2],
       [ 0,  2,  1, -1, -1, -1,  0],
       [ 0,  2,  2,  2,  0,  7,  0],
       [ 0,  7,  0,  2,  0,  2,  2],
       [ 0,  7,  1, -1, -1, -1,  2],
       [ 0,  7,  2,  2,  1, 10,  2],
       [ 1,  1,  0,  2,  1,  3,  3],
       [ 1,  1,  1,  0,  1, 12,  1],
       [ 1,  1,  2,  1,  1,  2,  2],
       [ 1,  1,  3,  1,  1, 17,  1],
       [ 1,  3,  0,  2,  1, 16,  3],
       [ 1,  3,  1,  2,  1, 10,  1],
       [ 1,  3,  2,  2,  1, 15,  2],
       [ 1,  3,  3,  2,  1,  1,  0],
       [ 1, 10,  0,  2,  1, 15,  3],
       [ 1, 10,  1,  2,  1,  3,  1],
       [ 1, 10,  2,  2,  0,  7,  2],
       [ 1, 10,  3, -1, -1, -1,  2],
       [ 1, 15,  0,  0,  1,  0,  1],
       [ 1, 15,  1,  0,  1, 12,  2],
       [ 1, 15,  2,  2,  1,  3,  2],
       [ 1, 15,  3,  2,  1, 10,  0],
       [ 1, 16,  0,  1,  1, 17,  0],
       [ 1, 16,  1, -1, -1, -1,  0],
       [ 1, 16,  2,  2,  0,  2,  0],
       [ 1, 16,  3,  2,  1,  3,  0]]),
        spts={'quad': array([[[0.62359953, 0.22794287],
        [0.68074413, 0.41970635],
        [0.49541325, 0.31519935],
        [0.49592129, 0.49379152]],

       [[1.        , 0.5       ],
        [0.7818017 , 0.58014363],
        [0.83472002, 0.36749615],
        [0.68074413, 0.41970635]],

       [[0.62359953, 0.22794287],
        [0.82341592, 0.18278211],
        [0.68074413, 0.41970635],
        [0.83472002, 0.36749615]],

       [[1.        , 0.5       ],
        [0.83472002, 0.36749615],
        [1.        , 0.25      ],
        [0.82341592, 0.18278211]],

       [[0.62359953, 0.22794287],
        [0.5       , 0.        ],
        [0.82341592, 0.18278211],
        [0.75      , 0.        ]]]),
              'tri': array([[[0.82341592, 0.18278211],
        [0.75      , 0.        ],
        [1.        , 0.        ]],

       [[0.82341592, 0.18278211],
        [1.        , 0.        ],
        [1.        , 0.25      ]]])},
        spts_nodes={'quad': array([[26, 29, 27, 31],
       [10, 28, 30, 29],
       [26, 16, 29, 30],
       [10, 30,  9, 16],
       [26,  6, 16,  7]]),
                    'tri': array([[16,  7,  8],
       [16,  8,  9]])},
        spts_curved={'quad': array([False, False, False, False, False]),
                     'tri': array([False, False])},
        strict_geometry=True,
        arrays={'spts': {'quad': array([[[0.62359953, 0.22794287],
        [0.68074413, 0.41970635],
        [0.49541325, 0.31519935],
        [0.49592129, 0.49379152]],

       [[1.        , 0.5       ],
        [0.7818017 , 0.58014363],
        [0.83472002, 0.36749615],
        [0.68074413, 0.41970635]],

       [[0.62359953, 0.22794287],
        [0.82341592, 0.18278211],
        [0.68074413, 0.41970635],
        [0.83472002, 0.36749615]],

       [[1.        , 0.5       ],
        [0.83472002, 0.36749615],
        [1.        , 0.25      ],
        [0.82341592, 0.18278211]],

       [[0.62359953, 0.22794287],
        [0.5       , 0.        ],
        [0.82341592, 0.18278211],
        [0.75      , 0.        ]]]),
                         'tri': array([[[0.82341592, 0.18278211],
        [0.75      , 0.        ],
        [1.        , 0.        ]],

       [[0.82341592, 0.18278211],
        [1.        , 0.        ],
        [1.        , 0.25      ]]])},
                'spts_curved': {'quad': array([False, False, False, False, False]),
                                'tri': array([False, False])},
                'spts_nodes': {'quad': array([[26, 29, 27, 31],
       [10, 28, 30, 29],
       [26, 16, 29, 30],
       [10, 30,  9, 16],
       [26,  6, 16,  7]]),
                               'tri': array([[16,  7,  8],
       [16,  8,  9]])}},
        _ary_edim={'spts': 1, 'spts_curved': 0, 'spts_nodes': 0})
[Rank 2] Base totals  →  elems=30 conn-rows=112
[Rank 2] Base totals  →  elems=30 conn-rows=112
[Rank 2] Base totals  →  elems=30 conn-rows=112
[Rank 2] SubMesh(etypes=['quad', 'tri'],
        eidxs_base={'quad': array([ 1,  2, 15, 17,  3, 10, 16]),
                    'tri': array([2, 7])},
        eidxs={'quad': array([ 1,  3, 10, 15, 16]), 'tri': array([2, 7])},
        conn=array([[ 0,  2,  0,  2,  1, 16,  2],
       [ 0,  2,  1, -1, -1, -1,  0],
       [ 0,  2,  2,  2,  0,  7,  0],
       [ 0,  7,  0,  2,  0,  2,  2],
       [ 0,  7,  1, -1, -1, -1,  2],
       [ 0,  7,  2,  2,  1, 10,  2],
       [ 1,  1,  0,  2,  1,  3,  3],
       [ 1,  1,  1,  0,  1, 12,  1],
       [ 1,  1,  2,  1,  1,  2,  2],
       [ 1,  1,  3,  1,  1, 17,  1],
       [ 1,  3,  0,  2,  1, 16,  3],
       [ 1,  3,  1,  2,  1, 10,  1],
       [ 1,  3,  2,  2,  1, 15,  2],
       [ 1,  3,  3,  2,  1,  1,  0],
       [ 1, 10,  0,  2,  1, 15,  3],
       [ 1, 10,  1,  2,  1,  3,  1],
       [ 1, 10,  2,  2,  0,  7,  2],
       [ 1, 10,  3, -1, -1, -1,  2],
       [ 1, 15,  0,  0,  1,  0,  1],
       [ 1, 15,  1,  0,  1, 12,  2],
       [ 1, 15,  2,  2,  1,  3,  2],
       [ 1, 15,  3,  2,  1, 10,  0],
       [ 1, 16,  0,  1,  1, 17,  0],
       [ 1, 16,  1, -1, -1, -1,  0],
       [ 1, 16,  2,  2,  0,  2,  0],
       [ 1, 16,  3,  2,  1,  3,  0]]),
        spts={'quad': array([[[0.62359953, 0.22794287],
        [0.68074413, 0.41970635],
        [0.49541325, 0.31519935],
        [0.49592129, 0.49379152]],

       [[1.        , 0.5       ],
        [0.7818017 , 0.58014363],
        [0.83472002, 0.36749615],
        [0.68074413, 0.41970635]],

       [[0.62359953, 0.22794287],
        [0.82341592, 0.18278211],
        [0.68074413, 0.41970635],
        [0.83472002, 0.36749615]],

       [[1.        , 0.5       ],
        [0.83472002, 0.36749615],
        [1.        , 0.25      ],
        [0.82341592, 0.18278211]],

       [[0.62359953, 0.22794287],
        [0.5       , 0.        ],
        [0.82341592, 0.18278211],
        [0.75      , 0.        ]]]),
              'tri': array([[[0.82341592, 0.18278211],
        [0.75      , 0.        ],
        [1.        , 0.        ]],

       [[0.82341592, 0.18278211],
        [1.        , 0.        ],
        [1.        , 0.25      ]]])},
        spts_nodes={'quad': array([[26, 29, 27, 31],
       [10, 28, 30, 29],
       [26, 16, 29, 30],
       [10, 30,  9, 16],
       [26,  6, 16,  7]]),
                    'tri': array([[16,  7,  8],
       [16,  8,  9]])},
        spts_curved={'quad': array([False, False, False, False, False]),
                     'tri': array([False, False])},
        strict_geometry=True)
[Rank 2] Base totals  →  elems=30 conn-rows=112
[Rank 2] SubMesh(etypes=['quad', 'tri'],
        eidxs_base={'quad': array([ 1,  2, 15, 17,  3, 10, 16]),
                    'tri': array([2, 7])},
        eidxs={'quad': array([ 1,  3, 10, 15, 16]), 'tri': array([2, 7])},
        conn=array([[ 0,  2,  0,  2,  1, 16,  2],
       [ 0,  2,  1, -1, -1, -1,  0],
       [ 0,  2,  2,  2,  0,  7,  0],
       [ 0,  7,  0,  2,  0,  2,  2],
       [ 0,  7,  1, -1, -1, -1,  2],
       [ 0,  7,  2,  2,  1, 10,  2],
       [ 1,  1,  0,  2,  1,  3,  3],
       [ 1,  1,  1,  0,  1, 12,  1],
       [ 1,  1,  2,  1,  1,  2,  2],
       [ 1,  1,  3,  1,  1, 17,  1],
       [ 1,  3,  0,  2,  1, 16,  3],
       [ 1,  3,  1,  2,  1, 10,  1],
       [ 1,  3,  2,  2,  1, 15,  2],
       [ 1,  3,  3,  2,  1,  1,  0],
       [ 1, 10,  0,  2,  1, 15,  3],
       [ 1, 10,  1,  2,  1,  3,  1],
       [ 1, 10,  2,  2,  0,  7,  2],
       [ 1, 10,  3, -1, -1, -1,  2],
       [ 1, 15,  0,  0,  1,  0,  1],
       [ 1, 15,  1,  0,  1, 12,  2],
       [ 1, 15,  2,  2,  1,  3,  2],
       [ 1, 15,  3,  2,  1, 10,  0],
       [ 1, 16,  0,  1,  1, 17,  0],
       [ 1, 16,  1, -1, -1, -1,  0],
       [ 1, 16,  2,  2,  0,  2,  0],
       [ 1, 16,  3,  2,  1,  3,  0]]),
        spts={'quad': array([[[0.62359953, 0.22794287],
        [0.68074413, 0.41970635],
        [0.49541325, 0.31519935],
        [0.49592129, 0.49379152]],

       [[1.        , 0.5       ],
        [0.7818017 , 0.58014363],
        [0.83472002, 0.36749615],
        [0.68074413, 0.41970635]],

       [[0.62359953, 0.22794287],
        [0.82341592, 0.18278211],
        [0.68074413, 0.41970635],
        [0.83472002, 0.36749615]],

       [[1.        , 0.5       ],
        [0.83472002, 0.36749615],
        [1.        , 0.25      ],
        [0.82341592, 0.18278211]],

       [[0.62359953, 0.22794287],
        [0.5       , 0.        ],
        [0.82341592, 0.18278211],
        [0.75      , 0.        ]]]),
              'tri': array([[[0.82341592, 0.18278211],
        [0.75      , 0.        ],
        [1.        , 0.        ]],

       [[0.82341592, 0.18278211],
        [1.        , 0.        ],
        [1.        , 0.25      ]]])},
        spts_nodes={'quad': array([[26, 29, 27, 31],
       [10, 28, 30, 29],
       [26, 16, 29, 30],
       [10, 30,  9, 16],
       [26,  6, 16,  7]]),
                    'tri': array([[16,  7,  8],
       [16,  8,  9]])},
        spts_curved={'quad': array([False, False, False, False, False]),
                     'tri': array([False, False])},
        strict_geometry=True)
[Rank 2] SubMesh(etypes=['quad', 'tri'],
        eidxs_base={'quad': array([ 1,  2, 15, 17,  3, 10, 16]),
                    'tri': array([2, 7])},
        eidxs={'quad': array([ 3, 10, 15]), 'tri': array([2, 7])},
        conn=array([[ 0,  2,  0,  1,  1, 16,  2],
       [ 0,  2,  1, -1, -1, -1,  0],
       [ 0,  2,  2,  2,  0,  7,  0],
       [ 0,  7,  0,  2,  0,  2,  2],
       [ 0,  7,  1, -1, -1, -1,  2],
       [ 0,  7,  2,  2,  1, 10,  2],
       [ 1,  3,  0,  1,  1, 16,  3],
       [ 1,  3,  1,  2,  1, 10,  1],
       [ 1,  3,  2,  2,  1, 15,  2],
       [ 1,  3,  3,  1,  1,  1,  0],
       [ 1, 10,  0,  2,  1, 15,  3],
       [ 1, 10,  1,  2,  1,  3,  1],
       [ 1, 10,  2,  2,  0,  7,  2],
       [ 1, 10,  3, -1, -1, -1,  2],
       [ 1, 15,  0,  0,  1,  0,  1],
       [ 1, 15,  1,  0,  1, 12,  2],
       [ 1, 15,  2,  2,  1,  3,  2],
       [ 1, 15,  3,  2,  1, 10,  0]]),
        spts={'quad': array([[[1.        , 0.5       ],
        [0.7818017 , 0.58014363],
        [0.83472002, 0.36749615],
        [0.68074413, 0.41970635]],

       [[0.62359953, 0.22794287],
        [0.82341592, 0.18278211],
        [0.68074413, 0.41970635],
        [0.83472002, 0.36749615]],

       [[1.        , 0.5       ],
        [0.83472002, 0.36749615],
        [1.        , 0.25      ],
        [0.82341592, 0.18278211]]]),
              'tri': array([[[0.82341592, 0.18278211],
        [0.75      , 0.        ],
        [1.        , 0.        ]],

       [[0.82341592, 0.18278211],
        [1.        , 0.        ],
        [1.        , 0.25      ]]])},
        spts_nodes={'quad': array([[10, 28, 30, 29],
       [26, 16, 29, 30],
       [10, 30,  9, 16]]),
                    'tri': array([[16,  7,  8],
       [16,  8,  9]])},
        spts_curved={'quad': array([False, False, False]),
                     'tri': array([False, False])},
        strict_geometry=True)
[Rank 2] Base totals  →  elems=30 conn-rows=112
[Rank 2] Base totals  →  elems=30 conn-rows=112
[Rank 2] Base totals  →  elems=30 conn-rows=112
[Rank 2] Base totals  →  elems=30 conn-rows=112
[Rank 2] Base totals  →  elems=30 conn-rows=112
[Rank 2] Base totals  →  elems=30 conn-rows=112
[Rank 2] Base totals  →  elems=30 conn-rows=112
[Rank 2] Base totals  →  elems=30 conn-rows=112
[Rank 2] Base totals  →  elems=30 conn-rows=112
[Rank 2] Base totals  →  elems=30 conn-rows=112
[Rank 2] Base totals  →  elems=30 conn-rows=112
[Rank 2] Base totals  →  elems=30 conn-rows=112
[Rank 2] Base totals  →  elems=30 conn-rows=112
[Rank 2] Base totals  →  elems=30 conn-rows=112
[Rank 2] Base totals  →  elems=30 conn-rows=112
[Rank 2] Base totals  →  elems=30 conn-rows=112
[Rank 2] Base totals  →  elems=30 conn-rows=112
[Rank 2] Base totals  →  elems=30 conn-rows=112
[Rank 2] Base totals  →  elems=30 conn-rows=112
[Rank 2] Base totals  →  elems=30 conn-rows=112
[Rank 2] Base totals  →  elems=30 conn-rows=112
[Rank 2] Base totals  →  elems=30 conn-rows=112
[Rank 2] Base totals  →  elems=30 conn-rows=112
[Rank 2] Base totals  →  elems=30 conn-rows=112
[Rank 2] Base totals  →  elems=30 conn-rows=112
[Rank 2] Base totals  →  elems=30 conn-rows=112
[Rank 2] Base totals  →  elems=30 conn-rows=112
[Rank 2] SubMesh(etypes=['quad', 'tri'],
        eidxs_base={'quad': array([ 1,  2, 15, 17,  3, 10, 16]),
                    'tri': array([2, 7])},
        eidxs={'quad': array([ 1,  2, 15, 17,  3, 10, 16]),
               'tri': array([2, 7])},
        conn=array([[ 0,  2,  0,  2,  1, 16,  2],
       [ 0,  2,  1, -1, -1, -1,  0],
       [ 0,  2,  2,  2,  0,  7,  0],
       [ 0,  7,  0,  2,  0,  2,  2],
       [ 0,  7,  1, -1, -1, -1,  2],
       [ 0,  7,  2,  2,  1, 10,  2],
       [ 1,  1,  0,  2,  1,  3,  3],
       [ 1,  1,  1,  0,  1, 12,  1],
       [ 1,  1,  2,  2,  1,  2,  2],
       [ 1,  1,  3,  2,  1, 17,  1],
       [ 1,  2,  0,  1,  1, 20,  2],
       [ 1,  2,  1,  2,  1, 17,  2],
       [ 1,  2,  2,  2,  1,  1,  2],
       [ 1,  2,  3,  1,  1,  6,  0],
       [ 1,  3,  0,  2,  1, 16,  3],
       [ 1,  3,  1,  2,  1, 10,  1],
       [ 1,  3,  2,  2,  1, 15,  2],
       [ 1,  3,  3,  2,  1,  1,  0],
       [ 1, 10,  0,  2,  1, 15,  3],
       [ 1, 10,  1,  2,  1,  3,  1],
       [ 1, 10,  2,  2,  0,  7,  2],
       [ 1, 10,  3, -1, -1, -1,  2],
       [ 1, 15,  0,  0,  1,  0,  1],
       [ 1, 15,  1,  0,  1, 12,  2],
       [ 1, 15,  2,  2,  1,  3,  2],
       [ 1, 15,  3,  2,  1, 10,  0],
       [ 1, 16,  0,  2,  1, 17,  0],
       [ 1, 16,  1, -1, -1, -1,  0],
       [ 1, 16,  2,  2,  0,  2,  0],
       [ 1, 16,  3,  2,  1,  3,  0],
       [ 1, 17,  0,  2,  1, 16,  0],
       [ 1, 17,  1,  2,  1,  1,  3],
       [ 1, 17,  2,  2,  1,  2,  1],
       [ 1, 17,  3,  1,  1, 11,  0]]),
        strict_geometry=True)
[Rank 2] SubMesh(etypes=['quad', 'tri'],
        eidxs_base={'quad': array([ 1,  2, 15, 17,  3, 10, 16]),
                    'tri': array([2, 7])},
        eidxs={'quad': array([ 1,  3, 10, 15, 16]), 'tri': array([2, 7])},
        conn=array([[ 0,  2,  0,  2,  1, 16,  2],
       [ 0,  2,  1, -1, -1, -1,  0],
       [ 0,  2,  2,  2,  0,  7,  0],
       [ 0,  7,  0,  2,  0,  2,  2],
       [ 0,  7,  1, -1, -1, -1,  2],
       [ 0,  7,  2,  2,  1, 10,  2],
       [ 1,  1,  0,  2,  1,  3,  3],
       [ 1,  1,  1,  0,  1, 12,  1],
       [ 1,  1,  2,  1,  1,  2,  2],
       [ 1,  1,  3,  1,  1, 17,  1],
       [ 1,  3,  0,  2,  1, 16,  3],
       [ 1,  3,  1,  2,  1, 10,  1],
       [ 1,  3,  2,  2,  1, 15,  2],
       [ 1,  3,  3,  2,  1,  1,  0],
       [ 1, 10,  0,  2,  1, 15,  3],
       [ 1, 10,  1,  2,  1,  3,  1],
       [ 1, 10,  2,  2,  0,  7,  2],
       [ 1, 10,  3, -1, -1, -1,  2],
       [ 1, 15,  0,  0,  1,  0,  1],
       [ 1, 15,  1,  0,  1, 12,  2],
       [ 1, 15,  2,  2,  1,  3,  2],
       [ 1, 15,  3,  2,  1, 10,  0],
       [ 1, 16,  0,  1,  1, 17,  0],
       [ 1, 16,  1, -1, -1, -1,  0],
       [ 1, 16,  2,  2,  0,  2,  0],
       [ 1, 16,  3,  2,  1,  3,  0]]),
        strict_geometry=True)
[Rank 2] SubMesh(etypes=['quad', 'tri'],
        eidxs_base={'quad': array([ 1,  2, 15, 17,  3, 10, 16]),
                    'tri': array([2, 7])},
        eidxs={'quad': array([ 3, 10, 15]), 'tri': array([2, 7])},
        conn=array([[ 0,  2,  0,  1,  1, 16,  2],
       [ 0,  2,  1, -1, -1, -1,  0],
       [ 0,  2,  2,  2,  0,  7,  0],
       [ 0,  7,  0,  2,  0,  2,  2],
       [ 0,  7,  1, -1, -1, -1,  2],
       [ 0,  7,  2,  2,  1, 10,  2],
       [ 1,  3,  0,  1,  1, 16,  3],
       [ 1,  3,  1,  2,  1, 10,  1],
       [ 1,  3,  2,  2,  1, 15,  2],
       [ 1,  3,  3,  1,  1,  1,  0],
       [ 1, 10,  0,  2,  1, 15,  3],
       [ 1, 10,  1,  2,  1,  3,  1],
       [ 1, 10,  2,  2,  0,  7,  2],
       [ 1, 10,  3, -1, -1, -1,  2],
       [ 1, 15,  0,  0,  1,  0,  1],
       [ 1, 15,  1,  0,  1, 12,  2],
       [ 1, 15,  2,  2,  1,  3,  2],
       [ 1, 15,  3,  2,  1, 10,  0]]),
        strict_geometry=True)
[Rank 2] Base totals  →  elems=30 conn-rows=112
[Rank 2] SubMesh(etypes=['quad', 'tri'],
        eidxs_base={'quad': array([ 1,  2, 15, 17,  3, 10, 16]),
                    'tri': array([2, 7])},
        eidxs={'quad': array([ 1,  2, 15, 17,  3, 10, 16]),
               'tri': array([2, 7])},
        conn=array([[ 0,  2,  0,  2,  1, 16,  2],
       [ 0,  2,  1, -1, -1, -1,  0],
       [ 0,  2,  2,  2,  0,  7,  0],
       [ 0,  7,  0,  2,  0,  2,  2],
       [ 0,  7,  1, -1, -1, -1,  2],
       [ 0,  7,  2,  2,  1, 10,  2],
       [ 1,  1,  0,  2,  1,  3,  3],
       [ 1,  1,  1,  0,  1, 12,  1],
       [ 1,  1,  2,  2,  1,  2,  2],
       [ 1,  1,  3,  2,  1, 17,  1],
       [ 1,  2,  0,  1,  1, 20,  2],
       [ 1,  2,  1,  2,  1, 17,  2],
       [ 1,  2,  2,  2,  1,  1,  2],
       [ 1,  2,  3,  1,  1,  6,  0],
       [ 1,  3,  0,  2,  1, 16,  3],
       [ 1,  3,  1,  2,  1, 10,  1],
       [ 1,  3,  2,  2,  1, 15,  2],
       [ 1,  3,  3,  2,  1,  1,  0],
       [ 1, 10,  0,  2,  1, 15,  3],
       [ 1, 10,  1,  2,  1,  3,  1],
       [ 1, 10,  2,  2,  0,  7,  2],
       [ 1, 10,  3, -1, -1, -1,  2],
       [ 1, 15,  0,  0,  1,  0,  1],
       [ 1, 15,  1,  0,  1, 12,  2],
       [ 1, 15,  2,  2,  1,  3,  2],
       [ 1, 15,  3,  2,  1, 10,  0],
       [ 1, 16,  0,  2,  1, 17,  0],
       [ 1, 16,  1, -1, -1, -1,  0],
       [ 1, 16,  2,  2,  0,  2,  0],
       [ 1, 16,  3,  2,  1,  3,  0],
       [ 1, 17,  0,  2,  1, 16,  0],
       [ 1, 17,  1,  2,  1,  1,  3],
       [ 1, 17,  2,  2,  1,  2,  1],
       [ 1, 17,  3,  1,  1, 11,  0]]),
        strict_geometry=True)
[Rank 2] SubMesh(etypes=['quad', 'tri'],
        eidxs_base={'quad': array([ 1,  2, 15, 17,  3, 10, 16]),
                    'tri': array([2, 7])},
        eidxs={'quad': array([ 1,  3, 10, 15, 16]), 'tri': array([2, 7])},
        conn=array([[ 0,  2,  0,  2,  1, 16,  2],
       [ 0,  2,  1, -1, -1, -1,  0],
       [ 0,  2,  2,  2,  0,  7,  0],
       [ 0,  7,  0,  2,  0,  2,  2],
       [ 0,  7,  1, -1, -1, -1,  2],
       [ 0,  7,  2,  2,  1, 10,  2],
       [ 1,  1,  0,  2,  1,  3,  3],
       [ 1,  1,  1,  0,  1, 12,  1],
       [ 1,  1,  2,  1,  1,  2,  2],
       [ 1,  1,  3,  1,  1, 17,  1],
       [ 1,  3,  0,  2,  1, 16,  3],
       [ 1,  3,  1,  2,  1, 10,  1],
       [ 1,  3,  2,  2,  1, 15,  2],
       [ 1,  3,  3,  2,  1,  1,  0],
       [ 1, 10,  0,  2,  1, 15,  3],
       [ 1, 10,  1,  2,  1,  3,  1],
       [ 1, 10,  2,  2,  0,  7,  2],
       [ 1, 10,  3, -1, -1, -1,  2],
       [ 1, 15,  0,  0,  1,  0,  1],
       [ 1, 15,  1,  0,  1, 12,  2],
       [ 1, 15,  2,  2,  1,  3,  2],
       [ 1, 15,  3,  2,  1, 10,  0],
       [ 1, 16,  0,  1,  1, 17,  0],
       [ 1, 16,  1, -1, -1, -1,  0],
       [ 1, 16,  2,  2,  0,  2,  0],
       [ 1, 16,  3,  2,  1,  3,  0]]),
        strict_geometry=True)
[Rank 2] SubMesh(etypes=['quad', 'tri'],
        eidxs_base={'quad': array([ 1,  2, 15, 17,  3, 10, 16]),
                    'tri': array([2, 7])},
        eidxs={'quad': array([ 3, 10, 15]), 'tri': array([2, 7])},
        conn=array([[ 0,  2,  0,  1,  1, 16,  2],
       [ 0,  2,  1, -1, -1, -1,  0],
       [ 0,  2,  2,  2,  0,  7,  0],
       [ 0,  7,  0,  2,  0,  2,  2],
       [ 0,  7,  1, -1, -1, -1,  2],
       [ 0,  7,  2,  2,  1, 10,  2],
       [ 1,  3,  0,  1,  1, 16,  3],
       [ 1,  3,  1,  2,  1, 10,  1],
       [ 1,  3,  2,  2,  1, 15,  2],
       [ 1,  3,  3,  1,  1,  1,  0],
       [ 1, 10,  0,  2,  1, 15,  3],
       [ 1, 10,  1,  2,  1,  3,  1],
       [ 1, 10,  2,  2,  0,  7,  2],
       [ 1, 10,  3, -1, -1, -1,  2],
       [ 1, 15,  0,  0,  1,  0,  1],
       [ 1, 15,  1,  0,  1, 12,  2],
       [ 1, 15,  2,  2,  1,  3,  2],
       [ 1, 15,  3,  2,  1, 10,  0]]),
        strict_geometry=True)
[Rank 2] Base totals  →  elems=30 conn-rows=112
[Rank 2] SubMesh(etypes=['quad', 'tri'],
        eidxs_base={'quad': array([ 1,  2, 15, 17,  3, 10, 16]),
                    'tri': array([2, 7])},
        eidxs={'quad': array([ 1,  2, 15, 17,  3, 10, 16]),
               'tri': array([2, 7])},
        conn=array([[ 0,  2,  0,  2,  1, 16,  2],
       [ 0,  2,  1, -1, -1, -1,  0],
       [ 0,  2,  2,  2,  0,  7,  0],
       [ 0,  7,  0,  2,  0,  2,  2],
       [ 0,  7,  1, -1, -1, -1,  2],
       [ 0,  7,  2,  2,  1, 10,  2],
       [ 1,  1,  0,  2,  1,  3,  3],
       [ 1,  1,  1,  0,  1, 12,  1],
       [ 1,  1,  2,  2,  1,  2,  2],
       [ 1,  1,  3,  2,  1, 17,  1],
       [ 1,  2,  0,  1,  1, 20,  2],
       [ 1,  2,  1,  2,  1, 17,  2],
       [ 1,  2,  2,  2,  1,  1,  2],
       [ 1,  2,  3,  1,  1,  6,  0],
       [ 1,  3,  0,  2,  1, 16,  3],
       [ 1,  3,  1,  2,  1, 10,  1],
       [ 1,  3,  2,  2,  1, 15,  2],
       [ 1,  3,  3,  2,  1,  1,  0],
       [ 1, 10,  0,  2,  1, 15,  3],
       [ 1, 10,  1,  2,  1,  3,  1],
       [ 1, 10,  2,  2,  0,  7,  2],
       [ 1, 10,  3, -1, -1, -1,  2],
       [ 1, 15,  0,  0,  1,  0,  1],
       [ 1, 15,  1,  0,  1, 12,  2],
       [ 1, 15,  2,  2,  1,  3,  2],
       [ 1, 15,  3,  2,  1, 10,  0],
       [ 1, 16,  0,  2,  1, 17,  0],
       [ 1, 16,  1, -1, -1, -1,  0],
       [ 1, 16,  2,  2,  0,  2,  0],
       [ 1, 16,  3,  2,  1,  3,  0],
       [ 1, 17,  0,  2,  1, 16,  0],
       [ 1, 17,  1,  2,  1,  1,  3],
       [ 1, 17,  2,  2,  1,  2,  1],
       [ 1, 17,  3,  1,  1, 11,  0]]),
        strict_geometry=True)
[Rank 2] SubMesh(etypes=['quad', 'tri'],
        eidxs_base={'quad': array([ 1,  2, 15, 17,  3, 10, 16]),
                    'tri': array([2, 7])},
        eidxs={'quad': array([ 1,  3, 10, 15, 16]), 'tri': array([2, 7])},
        conn=array([[ 0,  2,  0,  2,  1, 16,  2],
       [ 0,  2,  1, -1, -1, -1,  0],
       [ 0,  2,  2,  2,  0,  7,  0],
       [ 0,  7,  0,  2,  0,  2,  2],
       [ 0,  7,  1, -1, -1, -1,  2],
       [ 0,  7,  2,  2,  1, 10,  2],
       [ 1,  1,  0,  2,  1,  3,  3],
       [ 1,  1,  1,  0,  1, 12,  1],
       [ 1,  1,  2,  1,  1,  2,  2],
       [ 1,  1,  3,  1,  1, 17,  1],
       [ 1,  3,  0,  2,  1, 16,  3],
       [ 1,  3,  1,  2,  1, 10,  1],
       [ 1,  3,  2,  2,  1, 15,  2],
       [ 1,  3,  3,  2,  1,  1,  0],
       [ 1, 10,  0,  2,  1, 15,  3],
       [ 1, 10,  1,  2,  1,  3,  1],
       [ 1, 10,  2,  2,  0,  7,  2],
       [ 1, 10,  3, -1, -1, -1,  2],
       [ 1, 15,  0,  0,  1,  0,  1],
       [ 1, 15,  1,  0,  1, 12,  2],
       [ 1, 15,  2,  2,  1,  3,  2],
       [ 1, 15,  3,  2,  1, 10,  0],
       [ 1, 16,  0,  1,  1, 17,  0],
       [ 1, 16,  1, -1, -1, -1,  0],
       [ 1, 16,  2,  2,  0,  2,  0],
       [ 1, 16,  3,  2,  1,  3,  0]]),
        strict_geometry=True)
[Rank 2] SubMesh(etypes=['quad', 'tri'],
        eidxs_base={'quad': array([ 1,  2, 15, 17,  3, 10, 16]),
                    'tri': array([2, 7])},
        eidxs={'quad': array([ 3, 10, 15]), 'tri': array([2, 7])},
        conn=array([[ 0,  2,  0,  1,  1, 16,  2],
       [ 0,  2,  1, -1, -1, -1,  0],
       [ 0,  2,  2,  2,  0,  7,  0],
       [ 0,  7,  0,  2,  0,  2,  2],
       [ 0,  7,  1, -1, -1, -1,  2],
       [ 0,  7,  2,  2,  1, 10,  2],
       [ 1,  3,  0,  1,  1, 16,  3],
       [ 1,  3,  1,  2,  1, 10,  1],
       [ 1,  3,  2,  2,  1, 15,  2],
       [ 1,  3,  3,  1,  1,  1,  0],
       [ 1, 10,  0,  2,  1, 15,  3],
       [ 1, 10,  1,  2,  1,  3,  1],
       [ 1, 10,  2,  2,  0,  7,  2],
       [ 1, 10,  3, -1, -1, -1,  2],
       [ 1, 15,  0,  0,  1,  0,  1],
       [ 1, 15,  1,  0,  1, 12,  2],
       [ 1, 15,  2,  2,  1,  3,  2],
       [ 1, 15,  3,  2,  1, 10,  0]]),
        strict_geometry=True)
[Rank 2] Base totals  →  elems=30 conn-rows=112
[Rank 2] SubMesh(etypes=['quad', 'tri'],
        eidxs_base={'quad': array([ 1,  2, 15, 17,  3, 10, 16]),
                    'tri': array([2, 7])},
        eidxs={'quad': array([ 1,  2, 15, 17,  3, 10, 16]),
               'tri': array([2, 7])},
        conn=array([[ 0,  2,  0,  2,  1, 16,  2],
       [ 0,  2,  1, -1, -1, -1,  0],
       [ 0,  2,  2,  2,  0,  7,  0],
       [ 0,  7,  0,  2,  0,  2,  2],
       [ 0,  7,  1, -1, -1, -1,  2],
       [ 0,  7,  2,  2,  1, 10,  2],
       [ 1,  1,  0,  2,  1,  3,  3],
       [ 1,  1,  1,  0,  1, 12,  1],
       [ 1,  1,  2,  2,  1,  2,  2],
       [ 1,  1,  3,  2,  1, 17,  1],
       [ 1,  2,  0,  1,  1, 20,  2],
       [ 1,  2,  1,  2,  1, 17,  2],
       [ 1,  2,  2,  2,  1,  1,  2],
       [ 1,  2,  3,  1,  1,  6,  0],
       [ 1,  3,  0,  2,  1, 16,  3],
       [ 1,  3,  1,  2,  1, 10,  1],
       [ 1,  3,  2,  2,  1, 15,  2],
       [ 1,  3,  3,  2,  1,  1,  0],
       [ 1, 10,  0,  2,  1, 15,  3],
       [ 1, 10,  1,  2,  1,  3,  1],
       [ 1, 10,  2,  2,  0,  7,  2],
       [ 1, 10,  3, -1, -1, -1,  2],
       [ 1, 15,  0,  0,  1,  0,  1],
       [ 1, 15,  1,  0,  1, 12,  2],
       [ 1, 15,  2,  2,  1,  3,  2],
       [ 1, 15,  3,  2,  1, 10,  0],
       [ 1, 16,  0,  2,  1, 17,  0],
       [ 1, 16,  1, -1, -1, -1,  0],
       [ 1, 16,  2,  2,  0,  2,  0],
       [ 1, 16,  3,  2,  1,  3,  0],
       [ 1, 17,  0,  2,  1, 16,  0],
       [ 1, 17,  1,  2,  1,  1,  3],
       [ 1, 17,  2,  2,  1,  2,  1],
       [ 1, 17,  3,  1,  1, 11,  0]]),
        strict_geometry=True)
[Rank 2] SubMesh(etypes=['quad', 'tri'],
        eidxs_base={'quad': array([ 1,  2, 15, 17,  3, 10, 16]),
                    'tri': array([2, 7])},
        eidxs={'quad': array([ 1,  3, 10, 15, 16]), 'tri': array([2, 7])},
        conn=array([[ 0,  2,  0,  2,  1, 16,  2],
       [ 0,  2,  1, -1, -1, -1,  0],
       [ 0,  2,  2,  2,  0,  7,  0],
       [ 0,  7,  0,  2,  0,  2,  2],
       [ 0,  7,  1, -1, -1, -1,  2],
       [ 0,  7,  2,  2,  1, 10,  2],
       [ 1,  1,  0,  2,  1,  3,  3],
       [ 1,  1,  1,  0,  1, 12,  1],
       [ 1,  1,  2,  1,  1,  2,  2],
       [ 1,  1,  3,  1,  1, 17,  1],
       [ 1,  3,  0,  2,  1, 16,  3],
       [ 1,  3,  1,  2,  1, 10,  1],
       [ 1,  3,  2,  2,  1, 15,  2],
       [ 1,  3,  3,  2,  1,  1,  0],
       [ 1, 10,  0,  2,  1, 15,  3],
       [ 1, 10,  1,  2,  1,  3,  1],
       [ 1, 10,  2,  2,  0,  7,  2],
       [ 1, 10,  3, -1, -1, -1,  2],
       [ 1, 15,  0,  0,  1,  0,  1],
       [ 1, 15,  1,  0,  1, 12,  2],
       [ 1, 15,  2,  2,  1,  3,  2],
       [ 1, 15,  3,  2,  1, 10,  0],
       [ 1, 16,  0,  1,  1, 17,  0],
       [ 1, 16,  1, -1, -1, -1,  0],
       [ 1, 16,  2,  2,  0,  2,  0],
       [ 1, 16,  3,  2,  1,  3,  0]]),
        strict_geometry=True)
[Rank 2] SubMesh(etypes=['quad', 'tri'],
        eidxs_base={'quad': array([ 1,  2, 15, 17,  3, 10, 16]),
                    'tri': array([2, 7])},
        eidxs={'quad': array([ 3, 10, 15]), 'tri': array([2, 7])},
        conn=array([[ 0,  2,  0,  1,  1, 16,  2],
       [ 0,  2,  1, -1, -1, -1,  0],
       [ 0,  2,  2,  2,  0,  7,  0],
       [ 0,  7,  0,  2,  0,  2,  2],
       [ 0,  7,  1, -1, -1, -1,  2],
       [ 0,  7,  2,  2,  1, 10,  2],
       [ 1,  3,  0,  1,  1, 16,  3],
       [ 1,  3,  1,  2,  1, 10,  1],
       [ 1,  3,  2,  2,  1, 15,  2],
       [ 1,  3,  3,  1,  1,  1,  0],
       [ 1, 10,  0,  2,  1, 15,  3],
       [ 1, 10,  1,  2,  1,  3,  1],
       [ 1, 10,  2,  2,  0,  7,  2],
       [ 1, 10,  3, -1, -1, -1,  2],
       [ 1, 15,  0,  0,  1,  0,  1],
       [ 1, 15,  1,  0,  1, 12,  2],
       [ 1, 15,  2,  2,  1,  3,  2],
       [ 1, 15,  3,  2,  1, 10,  0]]),
        strict_geometry=True)
[Rank 2] Base totals  →  elems=30 conn-rows=112
[Rank 2] SubMesh(etypes=['quad', 'tri'],
        eidxs_base={'quad': array([ 1,  2, 15, 17,  3, 10, 16]),
                    'tri': array([2, 7])},
        eidxs={'quad': array([ 1,  2, 15, 17,  3, 10, 16]),
               'tri': array([2, 7])},
        conn=array([[ 0,  2,  0,  2,  1, 16,  2],
       [ 0,  2,  1, -1, -1, -1,  0],
       [ 0,  2,  2,  2,  0,  7,  0],
       [ 0,  7,  0,  2,  0,  2,  2],
       [ 0,  7,  1, -1, -1, -1,  2],
       [ 0,  7,  2,  2,  1, 10,  2],
       [ 1,  1,  0,  2,  1,  3,  3],
       [ 1,  1,  1,  0,  1, 12,  1],
       [ 1,  1,  2,  2,  1,  2,  2],
       [ 1,  1,  3,  2,  1, 17,  1],
       [ 1,  2,  0,  1,  1, 20,  2],
       [ 1,  2,  1,  2,  1, 17,  2],
       [ 1,  2,  2,  2,  1,  1,  2],
       [ 1,  2,  3,  1,  1,  6,  0],
       [ 1,  3,  0,  2,  1, 16,  3],
       [ 1,  3,  1,  2,  1, 10,  1],
       [ 1,  3,  2,  2,  1, 15,  2],
       [ 1,  3,  3,  2,  1,  1,  0],
       [ 1, 10,  0,  2,  1, 15,  3],
       [ 1, 10,  1,  2,  1,  3,  1],
       [ 1, 10,  2,  2,  0,  7,  2],
       [ 1, 10,  3, -1, -1, -1,  2],
       [ 1, 15,  0,  0,  1,  0,  1],
       [ 1, 15,  1,  0,  1, 12,  2],
       [ 1, 15,  2,  2,  1,  3,  2],
       [ 1, 15,  3,  2,  1, 10,  0],
       [ 1, 16,  0,  2,  1, 17,  0],
       [ 1, 16,  1, -1, -1, -1,  0],
       [ 1, 16,  2,  2,  0,  2,  0],
       [ 1, 16,  3,  2,  1,  3,  0],
       [ 1, 17,  0,  2,  1, 16,  0],
       [ 1, 17,  1,  2,  1,  1,  3],
       [ 1, 17,  2,  2,  1,  2,  1],
       [ 1, 17,  3,  1,  1, 11,  0]]),
        strict_geometry=True)
[Rank 2] SubMesh(etypes=['quad', 'tri'],
        eidxs_base={'quad': array([ 1,  2, 15, 17,  3, 10, 16]),
                    'tri': array([2, 7])},
        eidxs={'quad': array([ 1,  3, 10, 15, 16]), 'tri': array([2, 7])},
        conn=array([[ 0,  2,  0,  2,  1, 16,  2],
       [ 0,  2,  1, -1, -1, -1,  0],
       [ 0,  2,  2,  2,  0,  7,  0],
       [ 0,  7,  0,  2,  0,  2,  2],
       [ 0,  7,  1, -1, -1, -1,  2],
       [ 0,  7,  2,  2,  1, 10,  2],
       [ 1,  1,  0,  2,  1,  3,  3],
       [ 1,  1,  1,  0,  1, 12,  1],
       [ 1,  1,  2,  1,  1,  2,  2],
       [ 1,  1,  3,  1,  1, 17,  1],
       [ 1,  3,  0,  2,  1, 16,  3],
       [ 1,  3,  1,  2,  1, 10,  1],
       [ 1,  3,  2,  2,  1, 15,  2],
       [ 1,  3,  3,  2,  1,  1,  0],
       [ 1, 10,  0,  2,  1, 15,  3],
       [ 1, 10,  1,  2,  1,  3,  1],
       [ 1, 10,  2,  2,  0,  7,  2],
       [ 1, 10,  3, -1, -1, -1,  2],
       [ 1, 15,  0,  0,  1,  0,  1],
       [ 1, 15,  1,  0,  1, 12,  2],
       [ 1, 15,  2,  2,  1,  3,  2],
       [ 1, 15,  3,  2,  1, 10,  0],
       [ 1, 16,  0,  1,  1, 17,  0],
       [ 1, 16,  1, -1, -1, -1,  0],
       [ 1, 16,  2,  2,  0,  2,  0],
       [ 1, 16,  3,  2,  1,  3,  0]]),
        strict_geometry=True)
[Rank 2] SubMesh(etypes=['quad', 'tri'],
        eidxs_base={'quad': array([ 1,  2, 15, 17,  3, 10, 16]),
                    'tri': array([2, 7])},
        eidxs={'quad': array([ 3, 10, 15]), 'tri': array([2, 7])},
        conn=array([[ 0,  2,  0,  1,  1, 16,  2],
       [ 0,  2,  1, -1, -1, -1,  0],
       [ 0,  2,  2,  2,  0,  7,  0],
       [ 0,  7,  0,  2,  0,  2,  2],
       [ 0,  7,  1, -1, -1, -1,  2],
       [ 0,  7,  2,  2,  1, 10,  2],
       [ 1,  3,  0,  1,  1, 16,  3],
       [ 1,  3,  1,  2,  1, 10,  1],
       [ 1,  3,  2,  2,  1, 15,  2],
       [ 1,  3,  3,  1,  1,  1,  0],
       [ 1, 10,  0,  2,  1, 15,  3],
       [ 1, 10,  1,  2,  1,  3,  1],
       [ 1, 10,  2,  2,  0,  7,  2],
       [ 1, 10,  3, -1, -1, -1,  2],
       [ 1, 15,  0,  0,  1,  0,  1],
       [ 1, 15,  1,  0,  1, 12,  2],
       [ 1, 15,  2,  2,  1,  3,  2],
       [ 1, 15,  3,  2,  1, 10,  0]]),
        strict_geometry=True)
[Rank 2] Base totals  →  elems=30 conn-rows=112
[Rank 2] SubMesh(etypes=['quad', 'tri'],
        eidxs_base={'quad': array([ 1,  2, 15, 17,  3, 10, 16]),
                    'tri': array([2, 7])},
        eidxs={'quad': array([ 1,  2, 15, 17,  3, 10, 16]),
               'tri': array([2, 7])},
        conn=array([[ 0,  2,  0,  2,  1, 16,  2],
       [ 0,  2,  1, -1, -1, -1,  0],
       [ 0,  2,  2,  2,  0,  7,  0],
       [ 0,  7,  0,  2,  0,  2,  2],
       [ 0,  7,  1, -1, -1, -1,  2],
       [ 0,  7,  2,  2,  1, 10,  2],
       [ 1,  1,  0,  2,  1,  3,  3],
       [ 1,  1,  1,  0,  1, 12,  1],
       [ 1,  1,  2,  2,  1,  2,  2],
       [ 1,  1,  3,  2,  1, 17,  1],
       [ 1,  2,  0,  1,  1, 20,  2],
       [ 1,  2,  1,  2,  1, 17,  2],
       [ 1,  2,  2,  2,  1,  1,  2],
       [ 1,  2,  3,  1,  1,  6,  0],
       [ 1,  3,  0,  2,  1, 16,  3],
       [ 1,  3,  1,  2,  1, 10,  1],
       [ 1,  3,  2,  2,  1, 15,  2],
       [ 1,  3,  3,  2,  1,  1,  0],
       [ 1, 10,  0,  2,  1, 15,  3],
       [ 1, 10,  1,  2,  1,  3,  1],
       [ 1, 10,  2,  2,  0,  7,  2],
       [ 1, 10,  3, -1, -1, -1,  2],
       [ 1, 15,  0,  0,  1,  0,  1],
       [ 1, 15,  1,  0,  1, 12,  2],
       [ 1, 15,  2,  2,  1,  3,  2],
       [ 1, 15,  3,  2,  1, 10,  0],
       [ 1, 16,  0,  2,  1, 17,  0],
       [ 1, 16,  1, -1, -1, -1,  0],
       [ 1, 16,  2,  2,  0,  2,  0],
       [ 1, 16,  3,  2,  1,  3,  0],
       [ 1, 17,  0,  2,  1, 16,  0],
       [ 1, 17,  1,  2,  1,  1,  3],
       [ 1, 17,  2,  2,  1,  2,  1],
       [ 1, 17,  3,  1,  1, 11,  0]]),
        strict_geometry=True)
[Rank 2] Base totals  →  elems=30 conn-rows=112
[Rank 2] SubMesh(etypes=['quad', 'tri'],
        eidxs_base={'quad': array([ 1,  2, 15, 17,  3, 10, 16]),
                    'tri': array([2, 7])},
        eidxs={'quad': array([ 1,  2, 15, 17,  3, 10, 16]),
               'tri': array([2, 7])},
        conn=array([[ 0,  2,  0,  2,  1, 16,  2],
       [ 0,  2,  1, -1, -1, -1,  0],
       [ 0,  2,  2,  2,  0,  7,  0],
       [ 0,  7,  0,  2,  0,  2,  2],
       [ 0,  7,  1, -1, -1, -1,  2],
       [ 0,  7,  2,  2,  1, 10,  2],
       [ 1,  1,  0,  2,  1,  3,  3],
       [ 1,  1,  1,  0,  1, 12,  1],
       [ 1,  1,  2,  2,  1,  2,  2],
       [ 1,  1,  3,  2,  1, 17,  1],
       [ 1,  2,  0,  1,  1, 20,  2],
       [ 1,  2,  1,  2,  1, 17,  2],
       [ 1,  2,  2,  2,  1,  1,  2],
       [ 1,  2,  3,  1,  1,  6,  0],
       [ 1,  3,  0,  2,  1, 16,  3],
       [ 1,  3,  1,  2,  1, 10,  1],
       [ 1,  3,  2,  2,  1, 15,  2],
       [ 1,  3,  3,  2,  1,  1,  0],
       [ 1, 10,  0,  2,  1, 15,  3],
       [ 1, 10,  1,  2,  1,  3,  1],
       [ 1, 10,  2,  2,  0,  7,  2],
       [ 1, 10,  3, -1, -1, -1,  2],
       [ 1, 15,  0,  0,  1,  0,  1],
       [ 1, 15,  1,  0,  1, 12,  2],
       [ 1, 15,  2,  2,  1,  3,  2],
       [ 1, 15,  3,  2,  1, 10,  0],
       [ 1, 16,  0,  2,  1, 17,  0],
       [ 1, 16,  1, -1, -1, -1,  0],
       [ 1, 16,  2,  2,  0,  2,  0],
       [ 1, 16,  3,  2,  1,  3,  0],
       [ 1, 17,  0,  2,  1, 16,  0],
       [ 1, 17,  1,  2,  1,  1,  3],
       [ 1, 17,  2,  2,  1,  2,  1],
       [ 1, 17,  3,  1,  1, 11,  0]]),
        strict_geometry=True)
[Rank 2] SubMesh(etypes=['quad', 'tri'],
        eidxs_base={'quad': array([ 1,  2, 15, 17,  3, 10, 16]),
                    'tri': array([2, 7])},
        eidxs={'quad': array([ 1,  3, 10, 15, 16]), 'tri': array([2, 7])},
        conn=array([[ 0,  2,  0,  2,  1, 16,  2],
       [ 0,  2,  1, -1, -1, -1,  0],
       [ 0,  2,  2,  2,  0,  7,  0],
       [ 0,  7,  0,  2,  0,  2,  2],
       [ 0,  7,  1, -1, -1, -1,  2],
       [ 0,  7,  2,  2,  1, 10,  2],
       [ 1,  1,  0,  2,  1,  3,  3],
       [ 1,  1,  1,  0,  1, 12,  1],
       [ 1,  1,  2,  1,  1,  2,  2],
       [ 1,  1,  3,  1,  1, 17,  1],
       [ 1,  3,  0,  2,  1, 16,  3],
       [ 1,  3,  1,  2,  1, 10,  1],
       [ 1,  3,  2,  2,  1, 15,  2],
       [ 1,  3,  3,  2,  1,  1,  0],
       [ 1, 10,  0,  2,  1, 15,  3],
       [ 1, 10,  1,  2,  1,  3,  1],
       [ 1, 10,  2,  2,  0,  7,  2],
       [ 1, 10,  3, -1, -1, -1,  2],
       [ 1, 15,  0,  0,  1,  0,  1],
       [ 1, 15,  1,  0,  1, 12,  2],
       [ 1, 15,  2,  2,  1,  3,  2],
       [ 1, 15,  3,  2,  1, 10,  0],
       [ 1, 16,  0,  1,  1, 17,  0],
       [ 1, 16,  1, -1, -1, -1,  0],
       [ 1, 16,  2,  2,  0,  2,  0],
       [ 1, 16,  3,  2,  1,  3,  0]]),
        strict_geometry=True)
[Rank 2] SubMesh(etypes=['quad', 'tri'],
        eidxs_base={'quad': array([ 1,  2, 15, 17,  3, 10, 16]),
                    'tri': array([2, 7])},
        eidxs={'quad': array([ 3, 10, 15]), 'tri': array([2, 7])},
        conn=array([[ 0,  2,  0,  1,  1, 16,  2],
       [ 0,  2,  1, -1, -1, -1,  0],
       [ 0,  2,  2,  2,  0,  7,  0],
       [ 0,  7,  0,  2,  0,  2,  2],
       [ 0,  7,  1, -1, -1, -1,  2],
       [ 0,  7,  2,  2,  1, 10,  2],
       [ 1,  3,  0,  1,  1, 16,  3],
       [ 1,  3,  1,  2,  1, 10,  1],
       [ 1,  3,  2,  2,  1, 15,  2],
       [ 1,  3,  3,  1,  1,  1,  0],
       [ 1, 10,  0,  2,  1, 15,  3],
       [ 1, 10,  1,  2,  1,  3,  1],
       [ 1, 10,  2,  2,  0,  7,  2],
       [ 1, 10,  3, -1, -1, -1,  2],
       [ 1, 15,  0,  0,  1,  0,  1],
       [ 1, 15,  1,  0,  1, 12,  2],
       [ 1, 15,  2,  2,  1,  3,  2],
       [ 1, 15,  3,  2,  1, 10,  0]]),
        strict_geometry=True)
[Rank 2] Base totals  →  elems=30 conn-rows=112
[Rank 2] SubMesh(etypes=['quad', 'tri'],
        eidxs_base={'quad': array([ 1,  2, 15, 17,  3, 10, 16]),
                    'tri': array([2, 7])},
        eidxs={'quad': array([ 1,  2, 15, 17,  3, 10, 16]),
               'tri': array([2, 7])},
        conn=array([[ 0,  2,  0,  2,  1, 16,  2],
       [ 0,  2,  1, -1, -1, -1,  0],
       [ 0,  2,  2,  2,  0,  7,  0],
       [ 0,  7,  0,  2,  0,  2,  2],
       [ 0,  7,  1, -1, -1, -1,  2],
       [ 0,  7,  2,  2,  1, 10,  2],
       [ 1,  1,  0,  2,  1,  3,  3],
       [ 1,  1,  1,  0,  1, 12,  1],
       [ 1,  1,  2,  2,  1,  2,  2],
       [ 1,  1,  3,  2,  1, 17,  1],
       [ 1,  2,  0,  1,  1, 20,  2],
       [ 1,  2,  1,  2,  1, 17,  2],
       [ 1,  2,  2,  2,  1,  1,  2],
       [ 1,  2,  3,  1,  1,  6,  0],
       [ 1,  3,  0,  2,  1, 16,  3],
       [ 1,  3,  1,  2,  1, 10,  1],
       [ 1,  3,  2,  2,  1, 15,  2],
       [ 1,  3,  3,  2,  1,  1,  0],
       [ 1, 10,  0,  2,  1, 15,  3],
       [ 1, 10,  1,  2,  1,  3,  1],
       [ 1, 10,  2,  2,  0,  7,  2],
       [ 1, 10,  3, -1, -1, -1,  2],
       [ 1, 15,  0,  0,  1,  0,  1],
       [ 1, 15,  1,  0,  1, 12,  2],
       [ 1, 15,  2,  2,  1,  3,  2],
       [ 1, 15,  3,  2,  1, 10,  0],
       [ 1, 16,  0,  2,  1, 17,  0],
       [ 1, 16,  1, -1, -1, -1,  0],
       [ 1, 16,  2,  2,  0,  2,  0],
       [ 1, 16,  3,  2,  1,  3,  0],
       [ 1, 17,  0,  2,  1, 16,  0],
       [ 1, 17,  1,  2,  1,  1,  3],
       [ 1, 17,  2,  2,  1,  2,  1],
       [ 1, 17,  3,  1,  1, 11,  0]]),
        strict_geometry=True)
[Rank 2] SubMesh(etypes=['quad', 'tri'],
        eidxs_base={'quad': array([ 1,  2, 15, 17,  3, 10, 16]),
                    'tri': array([2, 7])},
        eidxs={'quad': array([ 1,  3, 10, 15, 16]), 'tri': array([2, 7])},
        conn=array([[ 0,  2,  0,  2,  1, 16,  2],
       [ 0,  2,  1, -1, -1, -1,  0],
       [ 0,  2,  2,  2,  0,  7,  0],
       [ 0,  7,  0,  2,  0,  2,  2],
       [ 0,  7,  1, -1, -1, -1,  2],
       [ 0,  7,  2,  2,  1, 10,  2],
       [ 1,  1,  0,  2,  1,  3,  3],
       [ 1,  1,  1,  0,  1, 12,  1],
       [ 1,  1,  2,  1,  1,  2,  2],
       [ 1,  1,  3,  1,  1, 17,  1],
       [ 1,  3,  0,  2,  1, 16,  3],
       [ 1,  3,  1,  2,  1, 10,  1],
       [ 1,  3,  2,  2,  1, 15,  2],
       [ 1,  3,  3,  2,  1,  1,  0],
       [ 1, 10,  0,  2,  1, 15,  3],
       [ 1, 10,  1,  2,  1,  3,  1],
       [ 1, 10,  2,  2,  0,  7,  2],
       [ 1, 10,  3, -1, -1, -1,  2],
       [ 1, 15,  0,  0,  1,  0,  1],
       [ 1, 15,  1,  0,  1, 12,  2],
       [ 1, 15,  2,  2,  1,  3,  2],
       [ 1, 15,  3,  2,  1, 10,  0],
       [ 1, 16,  0,  1,  1, 17,  0],
       [ 1, 16,  1, -1, -1, -1,  0],
       [ 1, 16,  2,  2,  0,  2,  0],
       [ 1, 16,  3,  2,  1,  3,  0]]),
        strict_geometry=True)
[Rank 2] SubMesh(etypes=['quad', 'tri'],
        eidxs_base={'quad': array([ 1,  2, 15, 17,  3, 10, 16]),
                    'tri': array([2, 7])},
        eidxs={'quad': array([ 3, 10, 15]), 'tri': array([2, 7])},
        conn=array([[ 0,  2,  0,  1,  1, 16,  2],
       [ 0,  2,  1, -1, -1, -1,  0],
       [ 0,  2,  2,  2,  0,  7,  0],
       [ 0,  7,  0,  2,  0,  2,  2],
       [ 0,  7,  1, -1, -1, -1,  2],
       [ 0,  7,  2,  2,  1, 10,  2],
       [ 1,  3,  0,  1,  1, 16,  3],
       [ 1,  3,  1,  2,  1, 10,  1],
       [ 1,  3,  2,  2,  1, 15,  2],
       [ 1,  3,  3,  1,  1,  1,  0],
       [ 1, 10,  0,  2,  1, 15,  3],
       [ 1, 10,  1,  2,  1,  3,  1],
       [ 1, 10,  2,  2,  0,  7,  2],
       [ 1, 10,  3, -1, -1, -1,  2],
       [ 1, 15,  0,  0,  1,  0,  1],
       [ 1, 15,  1,  0,  1, 12,  2],
       [ 1, 15,  2,  2,  1,  3,  2],
       [ 1, 15,  3,  2,  1, 10,  0]]),
        strict_geometry=True)
[Rank 2] Base totals  →  elems=30 conn-rows=112
[Rank 2] SubMesh(etypes=['quad', 'tri'],
        eidxs_base={'quad': array([ 1,  2, 15, 17,  3, 10, 16]),
                    'tri': array([2, 7])},
        eidxs={'quad': array([ 1,  2, 15, 17,  3, 10, 16]),
               'tri': array([2, 7])},
        conn=array([[ 0,  2,  0,  2,  1, 16,  2],
       [ 0,  2,  1, -1, -1, -1,  0],
       [ 0,  2,  2,  2,  0,  7,  0],
       [ 0,  7,  0,  2,  0,  2,  2],
       [ 0,  7,  1, -1, -1, -1,  2],
       [ 0,  7,  2,  2,  1, 10,  2],
       [ 1,  1,  0,  2,  1,  3,  3],
       [ 1,  1,  1,  0,  1, 12,  1],
       [ 1,  1,  2,  2,  1,  2,  2],
       [ 1,  1,  3,  2,  1, 17,  1],
       [ 1,  2,  0,  1,  1, 20,  2],
       [ 1,  2,  1,  2,  1, 17,  2],
       [ 1,  2,  2,  2,  1,  1,  2],
       [ 1,  2,  3,  1,  1,  6,  0],
       [ 1,  3,  0,  2,  1, 16,  3],
       [ 1,  3,  1,  2,  1, 10,  1],
       [ 1,  3,  2,  2,  1, 15,  2],
       [ 1,  3,  3,  2,  1,  1,  0],
       [ 1, 10,  0,  2,  1, 15,  3],
       [ 1, 10,  1,  2,  1,  3,  1],
       [ 1, 10,  2,  2,  0,  7,  2],
       [ 1, 10,  3, -1, -1, -1,  2],
       [ 1, 15,  0,  0,  1,  0,  1],
       [ 1, 15,  1,  0,  1, 12,  2],
       [ 1, 15,  2,  2,  1,  3,  2],
       [ 1, 15,  3,  2,  1, 10,  0],
       [ 1, 16,  0,  2,  1, 17,  0],
       [ 1, 16,  1, -1, -1, -1,  0],
       [ 1, 16,  2,  2,  0,  2,  0],
       [ 1, 16,  3,  2,  1,  3,  0],
       [ 1, 17,  0,  2,  1, 16,  0],
       [ 1, 17,  1,  2,  1,  1,  3],
       [ 1, 17,  2,  2,  1,  2,  1],
       [ 1, 17,  3,  1,  1, 11,  0]]),
        strict_geometry=True)
[Rank 2] SubMesh(etypes=['quad', 'tri'],
        eidxs_base={'quad': array([ 1,  2, 15, 17,  3, 10, 16]),
                    'tri': array([2, 7])},
        eidxs={'quad': array([ 1,  3, 10, 15, 16]), 'tri': array([2, 7])},
        conn=array([[ 0,  2,  0,  2,  1, 16,  2],
       [ 0,  2,  1, -1, -1, -1,  0],
       [ 0,  2,  2,  2,  0,  7,  0],
       [ 0,  7,  0,  2,  0,  2,  2],
       [ 0,  7,  1, -1, -1, -1,  2],
       [ 0,  7,  2,  2,  1, 10,  2],
       [ 1,  1,  0,  2,  1,  3,  3],
       [ 1,  1,  1,  0,  1, 12,  1],
       [ 1,  1,  2,  1,  1,  2,  2],
       [ 1,  1,  3,  1,  1, 17,  1],
       [ 1,  3,  0,  2,  1, 16,  3],
       [ 1,  3,  1,  2,  1, 10,  1],
       [ 1,  3,  2,  2,  1, 15,  2],
       [ 1,  3,  3,  2,  1,  1,  0],
       [ 1, 10,  0,  2,  1, 15,  3],
       [ 1, 10,  1,  2,  1,  3,  1],
       [ 1, 10,  2,  2,  0,  7,  2],
       [ 1, 10,  3, -1, -1, -1,  2],
       [ 1, 15,  0,  0,  1,  0,  1],
       [ 1, 15,  1,  0,  1, 12,  2],
       [ 1, 15,  2,  2,  1,  3,  2],
       [ 1, 15,  3,  2,  1, 10,  0],
       [ 1, 16,  0,  1,  1, 17,  0],
       [ 1, 16,  1, -1, -1, -1,  0],
       [ 1, 16,  2,  2,  0,  2,  0],
       [ 1, 16,  3,  2,  1,  3,  0]]),
        strict_geometry=True)
[Rank 2] SubMesh(etypes=['quad', 'tri'],
        eidxs_base={'quad': array([ 1,  2, 15, 17,  3, 10, 16]),
                    'tri': array([2, 7])},
        eidxs={'quad': array([ 3, 10, 15]), 'tri': array([2, 7])},
        conn=array([[ 0,  2,  0,  1,  1, 16,  2],
       [ 0,  2,  1, -1, -1, -1,  0],
       [ 0,  2,  2,  2,  0,  7,  0],
       [ 0,  7,  0,  2,  0,  2,  2],
       [ 0,  7,  1, -1, -1, -1,  2],
       [ 0,  7,  2,  2,  1, 10,  2],
       [ 1,  3,  0,  1,  1, 16,  3],
       [ 1,  3,  1,  2,  1, 10,  1],
       [ 1,  3,  2,  2,  1, 15,  2],
       [ 1,  3,  3,  1,  1,  1,  0],
       [ 1, 10,  0,  2,  1, 15,  3],
       [ 1, 10,  1,  2,  1,  3,  1],
       [ 1, 10,  2,  2,  0,  7,  2],
       [ 1, 10,  3, -1, -1, -1,  2],
       [ 1, 15,  0,  0,  1,  0,  1],
       [ 1, 15,  1,  0,  1, 12,  2],
       [ 1, 15,  2,  2,  1,  3,  2],
       [ 1, 15,  3,  2,  1, 10,  0]]),
        strict_geometry=True)
[Rank 2] Base totals  →  elems=30 conn-rows=112
[Rank 2] SubMesh(etypes=['quad', 'tri'],
        eidxs_base={'quad': array([ 1,  2, 15, 17,  3, 10, 16]),
                    'tri': array([2, 7])},
        eidxs={'quad': array([ 1,  2, 15, 17,  3, 10, 16]),
               'tri': array([2, 7])},
        conn=array([[ 0,  2,  0,  2,  1, 16,  2],
       [ 0,  2,  1, -1, -1, -1,  0],
       [ 0,  2,  2,  2,  0,  7,  0],
       [ 0,  7,  0,  2,  0,  2,  2],
       [ 0,  7,  1, -1, -1, -1,  2],
       [ 0,  7,  2,  2,  1, 10,  2],
       [ 1,  1,  0,  2,  1,  3,  3],
       [ 1,  1,  1,  0,  1, 12,  1],
       [ 1,  1,  2,  2,  1,  2,  2],
       [ 1,  1,  3,  2,  1, 17,  1],
       [ 1,  2,  0,  1,  1, 20,  2],
       [ 1,  2,  1,  2,  1, 17,  2],
       [ 1,  2,  2,  2,  1,  1,  2],
       [ 1,  2,  3,  1,  1,  6,  0],
       [ 1,  3,  0,  2,  1, 16,  3],
       [ 1,  3,  1,  2,  1, 10,  1],
       [ 1,  3,  2,  2,  1, 15,  2],
       [ 1,  3,  3,  2,  1,  1,  0],
       [ 1, 10,  0,  2,  1, 15,  3],
       [ 1, 10,  1,  2,  1,  3,  1],
       [ 1, 10,  2,  2,  0,  7,  2],
       [ 1, 10,  3, -1, -1, -1,  2],
       [ 1, 15,  0,  0,  1,  0,  1],
       [ 1, 15,  1,  0,  1, 12,  2],
       [ 1, 15,  2,  2,  1,  3,  2],
       [ 1, 15,  3,  2,  1, 10,  0],
       [ 1, 16,  0,  2,  1, 17,  0],
       [ 1, 16,  1, -1, -1, -1,  0],
       [ 1, 16,  2,  2,  0,  2,  0],
       [ 1, 16,  3,  2,  1,  3,  0],
       [ 1, 17,  0,  2,  1, 16,  0],
       [ 1, 17,  1,  2,  1,  1,  3],
       [ 1, 17,  2,  2,  1,  2,  1],
       [ 1, 17,  3,  1,  1, 11,  0]]),
        spts={'quad': array([[[0.62359953, 0.22794287],
        [0.68074413, 0.41970635],
        [0.49541325, 0.31519935],
        [0.49592129, 0.49379152]],

       [[0.30641017, 0.41891218],
        [0.36671894, 0.22386365],
        [0.49592129, 0.49379152],
        [0.49541325, 0.31519935]],

       [[1.        , 0.5       ],
        [0.7818017 , 0.58014363],
        [0.83472002, 0.36749615],
        [0.68074413, 0.41970635]],

       [[0.5       , 0.        ],
        [0.62359953, 0.22794287],
        [0.36671894, 0.22386365],
        [0.49541325, 0.31519935]],

       [[0.62359953, 0.22794287],
        [0.82341592, 0.18278211],
        [0.68074413, 0.41970635],
        [0.83472002, 0.36749615]],

       [[1.        , 0.5       ],
        [0.83472002, 0.36749615],
        [1.        , 0.25      ],
        [0.82341592, 0.18278211]],

       [[0.62359953, 0.22794287],
        [0.5       , 0.        ],
        [0.82341592, 0.18278211],
        [0.75      , 0.        ]]]),
              'tri': array([[[0.82341592, 0.18278211],
        [0.75      , 0.        ],
        [1.        , 0.        ]],

       [[0.82341592, 0.18278211],
        [1.        , 0.        ],
        [1.        , 0.25      ]]])},
        spts_nodes={'quad': array([[26, 29, 27, 31],
       [22, 21, 31, 27],
       [10, 28, 30, 29],
       [ 6, 26, 21, 27],
       [26, 16, 29, 30],
       [10, 30,  9, 16],
       [26,  6, 16,  7]]),
                    'tri': array([[16,  7,  8],
       [16,  8,  9]])},
        spts_curved={'quad': array([False, False, False, False, False, False, False]),
                     'tri': array([False, False])},
        strict_geometry=True)
[Rank 2] SubMesh(etypes=['quad', 'tri'],
        eidxs_base={'quad': array([ 1,  2, 15, 17,  3, 10, 16]),
                    'tri': array([2, 7])},
        eidxs={'quad': array([ 1,  3, 10, 15, 16]), 'tri': array([2, 7])},
        conn=array([[ 0,  2,  0,  2,  1, 16,  2],
       [ 0,  2,  1, -1, -1, -1,  0],
       [ 0,  2,  2,  2,  0,  7,  0],
       [ 0,  7,  0,  2,  0,  2,  2],
       [ 0,  7,  1, -1, -1, -1,  2],
       [ 0,  7,  2,  2,  1, 10,  2],
       [ 1,  1,  0,  2,  1,  3,  3],
       [ 1,  1,  1,  0,  1, 12,  1],
       [ 1,  1,  2,  1,  1,  2,  2],
       [ 1,  1,  3,  1,  1, 17,  1],
       [ 1,  3,  0,  2,  1, 16,  3],
       [ 1,  3,  1,  2,  1, 10,  1],
       [ 1,  3,  2,  2,  1, 15,  2],
       [ 1,  3,  3,  2,  1,  1,  0],
       [ 1, 10,  0,  2,  1, 15,  3],
       [ 1, 10,  1,  2,  1,  3,  1],
       [ 1, 10,  2,  2,  0,  7,  2],
       [ 1, 10,  3, -1, -1, -1,  2],
       [ 1, 15,  0,  0,  1,  0,  1],
       [ 1, 15,  1,  0,  1, 12,  2],
       [ 1, 15,  2,  2,  1,  3,  2],
       [ 1, 15,  3,  2,  1, 10,  0],
       [ 1, 16,  0,  1,  1, 17,  0],
       [ 1, 16,  1, -1, -1, -1,  0],
       [ 1, 16,  2,  2,  0,  2,  0],
       [ 1, 16,  3,  2,  1,  3,  0]]),
        spts={'quad': array([[[0.62359953, 0.22794287],
        [0.68074413, 0.41970635],
        [0.49541325, 0.31519935],
        [0.49592129, 0.49379152]],

       [[0.30641017, 0.41891218],
        [0.36671894, 0.22386365],
        [0.49592129, 0.49379152],
        [0.49541325, 0.31519935]],

       [[1.        , 0.5       ],
        [0.7818017 , 0.58014363],
        [0.83472002, 0.36749615],
        [0.68074413, 0.41970635]],

       [[0.5       , 0.        ],
        [0.62359953, 0.22794287],
        [0.36671894, 0.22386365],
        [0.49541325, 0.31519935]],

       [[0.62359953, 0.22794287],
        [0.82341592, 0.18278211],
        [0.68074413, 0.41970635],
        [0.83472002, 0.36749615]],

       [[1.        , 0.5       ],
        [0.83472002, 0.36749615],
        [1.        , 0.25      ],
        [0.82341592, 0.18278211]],

       [[0.62359953, 0.22794287],
        [0.5       , 0.        ],
        [0.82341592, 0.18278211],
        [0.75      , 0.        ]]]),
              'tri': array([[[0.82341592, 0.18278211],
        [0.75      , 0.        ],
        [1.        , 0.        ]],

       [[0.82341592, 0.18278211],
        [1.        , 0.        ],
        [1.        , 0.25      ]]])},
        spts_nodes={'quad': array([[26, 29, 27, 31],
       [22, 21, 31, 27],
       [10, 28, 30, 29],
       [ 6, 26, 21, 27],
       [26, 16, 29, 30],
       [10, 30,  9, 16],
       [26,  6, 16,  7]]),
                    'tri': array([[16,  7,  8],
       [16,  8,  9]])},
        spts_curved={'quad': array([False, False, False, False, False, False, False]),
                     'tri': array([False, False])},
        strict_geometry=True)
[Rank 2] SubMesh(etypes=['quad', 'tri'],
        eidxs_base={'quad': array([ 1,  2, 15, 17,  3, 10, 16]),
                    'tri': array([2, 7])},
        eidxs={'quad': array([ 3, 10, 15]), 'tri': array([2, 7])},
        conn=array([[ 0,  2,  0,  1,  1, 16,  2],
       [ 0,  2,  1, -1, -1, -1,  0],
       [ 0,  2,  2,  2,  0,  7,  0],
       [ 0,  7,  0,  2,  0,  2,  2],
       [ 0,  7,  1, -1, -1, -1,  2],
       [ 0,  7,  2,  2,  1, 10,  2],
       [ 1,  3,  0,  1,  1, 16,  3],
       [ 1,  3,  1,  2,  1, 10,  1],
       [ 1,  3,  2,  2,  1, 15,  2],
       [ 1,  3,  3,  1,  1,  1,  0],
       [ 1, 10,  0,  2,  1, 15,  3],
       [ 1, 10,  1,  2,  1,  3,  1],
       [ 1, 10,  2,  2,  0,  7,  2],
       [ 1, 10,  3, -1, -1, -1,  2],
       [ 1, 15,  0,  0,  1,  0,  1],
       [ 1, 15,  1,  0,  1, 12,  2],
       [ 1, 15,  2,  2,  1,  3,  2],
       [ 1, 15,  3,  2,  1, 10,  0]]),
        spts={'quad': array([[[0.62359953, 0.22794287],
        [0.68074413, 0.41970635],
        [0.49541325, 0.31519935],
        [0.49592129, 0.49379152]],

       [[0.30641017, 0.41891218],
        [0.36671894, 0.22386365],
        [0.49592129, 0.49379152],
        [0.49541325, 0.31519935]],

       [[1.        , 0.5       ],
        [0.7818017 , 0.58014363],
        [0.83472002, 0.36749615],
        [0.68074413, 0.41970635]],

       [[0.5       , 0.        ],
        [0.62359953, 0.22794287],
        [0.36671894, 0.22386365],
        [0.49541325, 0.31519935]],

       [[0.62359953, 0.22794287],
        [0.82341592, 0.18278211],
        [0.68074413, 0.41970635],
        [0.83472002, 0.36749615]],

       [[1.        , 0.5       ],
        [0.83472002, 0.36749615],
        [1.        , 0.25      ],
        [0.82341592, 0.18278211]],

       [[0.62359953, 0.22794287],
        [0.5       , 0.        ],
        [0.82341592, 0.18278211],
        [0.75      , 0.        ]]]),
              'tri': array([[[0.82341592, 0.18278211],
        [0.75      , 0.        ],
        [1.        , 0.        ]],

       [[0.82341592, 0.18278211],
        [1.        , 0.        ],
        [1.        , 0.25      ]]])},
        spts_nodes={'quad': array([[26, 29, 27, 31],
       [22, 21, 31, 27],
       [10, 28, 30, 29],
       [ 6, 26, 21, 27],
       [26, 16, 29, 30],
       [10, 30,  9, 16],
       [26,  6, 16,  7]]),
                    'tri': array([[16,  7,  8],
       [16,  8,  9]])},
        spts_curved={'quad': array([False, False, False, False, False, False, False]),
                     'tri': array([False, False])},
        strict_geometry=True)
[Rank 2] Base totals  →  elems=30 conn-rows=112
[Rank 2] SubMesh(etypes=['quad', 'tri'],
        eidxs_base={'quad': array([ 1,  2, 15, 17,  3, 10, 16]),
                    'tri': array([2, 7])},
        eidxs={'quad': array([ 1,  2, 15, 17,  3, 10, 16]),
               'tri': array([2, 7])},
        conn=array([[ 0,  2,  0,  2,  1, 16,  2],
       [ 0,  2,  1, -1, -1, -1,  0],
       [ 0,  2,  2,  2,  0,  7,  0],
       [ 0,  7,  0,  2,  0,  2,  2],
       [ 0,  7,  1, -1, -1, -1,  2],
       [ 0,  7,  2,  2,  1, 10,  2],
       [ 1,  1,  0,  2,  1,  3,  3],
       [ 1,  1,  1,  0,  1, 12,  1],
       [ 1,  1,  2,  2,  1,  2,  2],
       [ 1,  1,  3,  2,  1, 17,  1],
       [ 1,  2,  0,  1,  1, 20,  2],
       [ 1,  2,  1,  2,  1, 17,  2],
       [ 1,  2,  2,  2,  1,  1,  2],
       [ 1,  2,  3,  1,  1,  6,  0],
       [ 1,  3,  0,  2,  1, 16,  3],
       [ 1,  3,  1,  2,  1, 10,  1],
       [ 1,  3,  2,  2,  1, 15,  2],
       [ 1,  3,  3,  2,  1,  1,  0],
       [ 1, 10,  0,  2,  1, 15,  3],
       [ 1, 10,  1,  2,  1,  3,  1],
       [ 1, 10,  2,  2,  0,  7,  2],
       [ 1, 10,  3, -1, -1, -1,  2],
       [ 1, 15,  0,  0,  1,  0,  1],
       [ 1, 15,  1,  0,  1, 12,  2],
       [ 1, 15,  2,  2,  1,  3,  2],
       [ 1, 15,  3,  2,  1, 10,  0],
       [ 1, 16,  0,  2,  1, 17,  0],
       [ 1, 16,  1, -1, -1, -1,  0],
       [ 1, 16,  2,  2,  0,  2,  0],
       [ 1, 16,  3,  2,  1,  3,  0],
       [ 1, 17,  0,  2,  1, 16,  0],
       [ 1, 17,  1,  2,  1,  1,  3],
       [ 1, 17,  2,  2,  1,  2,  1],
       [ 1, 17,  3,  1,  1, 11,  0]]),
        spts={'quad': array([[[0.62359953, 0.22794287],
        [0.68074413, 0.41970635],
        [0.49541325, 0.31519935],
        [0.49592129, 0.49379152]],

       [[0.30641017, 0.41891218],
        [0.36671894, 0.22386365],
        [0.49592129, 0.49379152],
        [0.49541325, 0.31519935]],

       [[1.        , 0.5       ],
        [0.7818017 , 0.58014363],
        [0.83472002, 0.36749615],
        [0.68074413, 0.41970635]],

       [[0.5       , 0.        ],
        [0.62359953, 0.22794287],
        [0.36671894, 0.22386365],
        [0.49541325, 0.31519935]],

       [[0.62359953, 0.22794287],
        [0.82341592, 0.18278211],
        [0.68074413, 0.41970635],
        [0.83472002, 0.36749615]],

       [[1.        , 0.5       ],
        [0.83472002, 0.36749615],
        [1.        , 0.25      ],
        [0.82341592, 0.18278211]],

       [[0.62359953, 0.22794287],
        [0.5       , 0.        ],
        [0.82341592, 0.18278211],
        [0.75      , 0.        ]]]),
              'tri': array([[[0.82341592, 0.18278211],
        [0.75      , 0.        ],
        [1.        , 0.        ]],

       [[0.82341592, 0.18278211],
        [1.        , 0.        ],
        [1.        , 0.25      ]]])},
        spts_nodes={'quad': array([[26, 29, 27, 31],
       [22, 21, 31, 27],
       [10, 28, 30, 29],
       [ 6, 26, 21, 27],
       [26, 16, 29, 30],
       [10, 30,  9, 16],
       [26,  6, 16,  7]]),
                    'tri': array([[16,  7,  8],
       [16,  8,  9]])},
        spts_curved={'quad': array([False, False, False, False, False, False, False]),
                     'tri': array([False, False])},
        strict_geometry=True)
[Rank 2] SubMesh(etypes=['quad', 'tri'],
        eidxs_base={'quad': array([ 1,  2, 15, 17,  3, 10, 16]),
                    'tri': array([2, 7])},
        eidxs={'quad': array([ 1,  3, 10, 15, 16]), 'tri': array([2, 7])},
        conn=array([[ 0,  2,  0,  2,  1, 16,  2],
       [ 0,  2,  1, -1, -1, -1,  0],
       [ 0,  2,  2,  2,  0,  7,  0],
       [ 0,  7,  0,  2,  0,  2,  2],
       [ 0,  7,  1, -1, -1, -1,  2],
       [ 0,  7,  2,  2,  1, 10,  2],
       [ 1,  1,  0,  2,  1,  3,  3],
       [ 1,  1,  1,  0,  1, 12,  1],
       [ 1,  1,  2,  1,  1,  2,  2],
       [ 1,  1,  3,  1,  1, 17,  1],
       [ 1,  3,  0,  2,  1, 16,  3],
       [ 1,  3,  1,  2,  1, 10,  1],
       [ 1,  3,  2,  2,  1, 15,  2],
       [ 1,  3,  3,  2,  1,  1,  0],
       [ 1, 10,  0,  2,  1, 15,  3],
       [ 1, 10,  1,  2,  1,  3,  1],
       [ 1, 10,  2,  2,  0,  7,  2],
       [ 1, 10,  3, -1, -1, -1,  2],
       [ 1, 15,  0,  0,  1,  0,  1],
       [ 1, 15,  1,  0,  1, 12,  2],
       [ 1, 15,  2,  2,  1,  3,  2],
       [ 1, 15,  3,  2,  1, 10,  0],
       [ 1, 16,  0,  1,  1, 17,  0],
       [ 1, 16,  1, -1, -1, -1,  0],
       [ 1, 16,  2,  2,  0,  2,  0],
       [ 1, 16,  3,  2,  1,  3,  0]]),
        spts={'quad': array([[[0.62359953, 0.22794287],
        [0.68074413, 0.41970635],
        [0.49541325, 0.31519935],
        [0.49592129, 0.49379152]],

       [[0.30641017, 0.41891218],
        [0.36671894, 0.22386365],
        [0.49592129, 0.49379152],
        [0.49541325, 0.31519935]],

       [[1.        , 0.5       ],
        [0.7818017 , 0.58014363],
        [0.83472002, 0.36749615],
        [0.68074413, 0.41970635]],

       [[0.5       , 0.        ],
        [0.62359953, 0.22794287],
        [0.36671894, 0.22386365],
        [0.49541325, 0.31519935]],

       [[0.62359953, 0.22794287],
        [0.82341592, 0.18278211],
        [0.68074413, 0.41970635],
        [0.83472002, 0.36749615]],

       [[1.        , 0.5       ],
        [0.83472002, 0.36749615],
        [1.        , 0.25      ],
        [0.82341592, 0.18278211]],

       [[0.62359953, 0.22794287],
        [0.5       , 0.        ],
        [0.82341592, 0.18278211],
        [0.75      , 0.        ]]]),
              'tri': array([[[0.82341592, 0.18278211],
        [0.75      , 0.        ],
        [1.        , 0.        ]],

       [[0.82341592, 0.18278211],
        [1.        , 0.        ],
        [1.        , 0.25      ]]])},
        spts_nodes={'quad': array([[26, 29, 27, 31],
       [22, 21, 31, 27],
       [10, 28, 30, 29],
       [ 6, 26, 21, 27],
       [26, 16, 29, 30],
       [10, 30,  9, 16],
       [26,  6, 16,  7]]),
                    'tri': array([[16,  7,  8],
       [16,  8,  9]])},
        spts_curved={'quad': array([False, False, False, False, False, False, False]),
                     'tri': array([False, False])},
        strict_geometry=True)
[Rank 2] SubMesh(etypes=['quad', 'tri'],
        eidxs_base={'quad': array([ 1,  2, 15, 17,  3, 10, 16]),
                    'tri': array([2, 7])},
        eidxs={'quad': array([ 3, 10, 15]), 'tri': array([2, 7])},
        conn=array([[ 0,  2,  0,  1,  1, 16,  2],
       [ 0,  2,  1, -1, -1, -1,  0],
       [ 0,  2,  2,  2,  0,  7,  0],
       [ 0,  7,  0,  2,  0,  2,  2],
       [ 0,  7,  1, -1, -1, -1,  2],
       [ 0,  7,  2,  2,  1, 10,  2],
       [ 1,  3,  0,  1,  1, 16,  3],
       [ 1,  3,  1,  2,  1, 10,  1],
       [ 1,  3,  2,  2,  1, 15,  2],
       [ 1,  3,  3,  1,  1,  1,  0],
       [ 1, 10,  0,  2,  1, 15,  3],
       [ 1, 10,  1,  2,  1,  3,  1],
       [ 1, 10,  2,  2,  0,  7,  2],
       [ 1, 10,  3, -1, -1, -1,  2],
       [ 1, 15,  0,  0,  1,  0,  1],
       [ 1, 15,  1,  0,  1, 12,  2],
       [ 1, 15,  2,  2,  1,  3,  2],
       [ 1, 15,  3,  2,  1, 10,  0]]),
        spts={'quad': array([[[0.62359953, 0.22794287],
        [0.68074413, 0.41970635],
        [0.49541325, 0.31519935],
        [0.49592129, 0.49379152]],

       [[0.30641017, 0.41891218],
        [0.36671894, 0.22386365],
        [0.49592129, 0.49379152],
        [0.49541325, 0.31519935]],

       [[1.        , 0.5       ],
        [0.7818017 , 0.58014363],
        [0.83472002, 0.36749615],
        [0.68074413, 0.41970635]],

       [[0.5       , 0.        ],
        [0.62359953, 0.22794287],
        [0.36671894, 0.22386365],
        [0.49541325, 0.31519935]],

       [[0.62359953, 0.22794287],
        [0.82341592, 0.18278211],
        [0.68074413, 0.41970635],
        [0.83472002, 0.36749615]],

       [[1.        , 0.5       ],
        [0.83472002, 0.36749615],
        [1.        , 0.25      ],
        [0.82341592, 0.18278211]],

       [[0.62359953, 0.22794287],
        [0.5       , 0.        ],
        [0.82341592, 0.18278211],
        [0.75      , 0.        ]]]),
              'tri': array([[[0.82341592, 0.18278211],
        [0.75      , 0.        ],
        [1.        , 0.        ]],

       [[0.82341592, 0.18278211],
        [1.        , 0.        ],
        [1.        , 0.25      ]]])},
        spts_nodes={'quad': array([[26, 29, 27, 31],
       [22, 21, 31, 27],
       [10, 28, 30, 29],
       [ 6, 26, 21, 27],
       [26, 16, 29, 30],
       [10, 30,  9, 16],
       [26,  6, 16,  7]]),
                    'tri': array([[16,  7,  8],
       [16,  8,  9]])},
        spts_curved={'quad': array([False, False, False, False, False, False, False]),
                     'tri': array([False, False])},
        strict_geometry=True)
[Rank 2] Base totals  →  elems=30 conn-rows=112
[Rank 2] SubMesh(etypes=['quad', 'tri'],
        eidxs_base={'quad': array([ 1,  2, 15, 17,  3, 10, 16]),
                    'tri': array([2, 7])},
        eidxs={'quad': array([ 1,  2, 15, 17,  3, 10, 16]),
               'tri': array([2, 7])},
        conn=array([[ 0,  2,  0,  2,  1, 16,  2],
       [ 0,  2,  1, -1, -1, -1,  0],
       [ 0,  2,  2,  2,  0,  7,  0],
       [ 0,  7,  0,  2,  0,  2,  2],
       [ 0,  7,  1, -1, -1, -1,  2],
       [ 0,  7,  2,  2,  1, 10,  2],
       [ 1,  1,  0,  2,  1,  3,  3],
       [ 1,  1,  1,  0,  1, 12,  1],
       [ 1,  1,  2,  2,  1,  2,  2],
       [ 1,  1,  3,  2,  1, 17,  1],
       [ 1,  2,  0,  1,  1, 20,  2],
       [ 1,  2,  1,  2,  1, 17,  2],
       [ 1,  2,  2,  2,  1,  1,  2],
       [ 1,  2,  3,  1,  1,  6,  0],
       [ 1,  3,  0,  2,  1, 16,  3],
       [ 1,  3,  1,  2,  1, 10,  1],
       [ 1,  3,  2,  2,  1, 15,  2],
       [ 1,  3,  3,  2,  1,  1,  0],
       [ 1, 10,  0,  2,  1, 15,  3],
       [ 1, 10,  1,  2,  1,  3,  1],
       [ 1, 10,  2,  2,  0,  7,  2],
       [ 1, 10,  3, -1, -1, -1,  2],
       [ 1, 15,  0,  0,  1,  0,  1],
       [ 1, 15,  1,  0,  1, 12,  2],
       [ 1, 15,  2,  2,  1,  3,  2],
       [ 1, 15,  3,  2,  1, 10,  0],
       [ 1, 16,  0,  2,  1, 17,  0],
       [ 1, 16,  1, -1, -1, -1,  0],
       [ 1, 16,  2,  2,  0,  2,  0],
       [ 1, 16,  3,  2,  1,  3,  0],
       [ 1, 17,  0,  2,  1, 16,  0],
       [ 1, 17,  1,  2,  1,  1,  3],
       [ 1, 17,  2,  2,  1,  2,  1],
       [ 1, 17,  3,  1,  1, 11,  0]]),
        arrays={'spts': {'quad': array([[[0.62359953, 0.22794287],
        [0.68074413, 0.41970635],
        [0.49541325, 0.31519935],
        [0.49592129, 0.49379152]],

       [[0.30641017, 0.41891218],
        [0.36671894, 0.22386365],
        [0.49592129, 0.49379152],
        [0.49541325, 0.31519935]],

       [[1.        , 0.5       ],
        [0.7818017 , 0.58014363],
        [0.83472002, 0.36749615],
        [0.68074413, 0.41970635]],

       [[0.5       , 0.        ],
        [0.62359953, 0.22794287],
        [0.36671894, 0.22386365],
        [0.49541325, 0.31519935]],

       [[0.62359953, 0.22794287],
        [0.82341592, 0.18278211],
        [0.68074413, 0.41970635],
        [0.83472002, 0.36749615]],

       [[1.        , 0.5       ],
        [0.83472002, 0.36749615],
        [1.        , 0.25      ],
        [0.82341592, 0.18278211]],

       [[0.62359953, 0.22794287],
        [0.5       , 0.        ],
        [0.82341592, 0.18278211],
        [0.75      , 0.        ]]]),
                         'tri': array([[[0.82341592, 0.18278211],
        [0.75      , 0.        ],
        [1.        , 0.        ]],

       [[0.82341592, 0.18278211],
        [1.        , 0.        ],
        [1.        , 0.25      ]]])},
                'spts_curved': {'quad': array([False, False, False, False, False, False, False]),
                                'tri': array([False, False])},
                'spts_nodes': {'quad': array([[26, 29, 27, 31],
       [22, 21, 31, 27],
       [10, 28, 30, 29],
       [ 6, 26, 21, 27],
       [26, 16, 29, 30],
       [10, 30,  9, 16],
       [26,  6, 16,  7]]),
                               'tri': array([[16,  7,  8],
       [16,  8,  9]])}},
        strict_geometry=True)
[Rank 2] SubMesh(etypes=['quad', 'tri'],
        eidxs_base={'quad': array([ 1,  2, 15, 17,  3, 10, 16]),
                    'tri': array([2, 7])},
        eidxs={'quad': array([ 1,  3, 10, 15, 16]), 'tri': array([2, 7])},
        conn=array([[ 0,  2,  0,  2,  1, 16,  2],
       [ 0,  2,  1, -1, -1, -1,  0],
       [ 0,  2,  2,  2,  0,  7,  0],
       [ 0,  7,  0,  2,  0,  2,  2],
       [ 0,  7,  1, -1, -1, -1,  2],
       [ 0,  7,  2,  2,  1, 10,  2],
       [ 1,  1,  0,  2,  1,  3,  3],
       [ 1,  1,  1,  0,  1, 12,  1],
       [ 1,  1,  2,  1,  1,  2,  2],
       [ 1,  1,  3,  1,  1, 17,  1],
       [ 1,  3,  0,  2,  1, 16,  3],
       [ 1,  3,  1,  2,  1, 10,  1],
       [ 1,  3,  2,  2,  1, 15,  2],
       [ 1,  3,  3,  2,  1,  1,  0],
       [ 1, 10,  0,  2,  1, 15,  3],
       [ 1, 10,  1,  2,  1,  3,  1],
       [ 1, 10,  2,  2,  0,  7,  2],
       [ 1, 10,  3, -1, -1, -1,  2],
       [ 1, 15,  0,  0,  1,  0,  1],
       [ 1, 15,  1,  0,  1, 12,  2],
       [ 1, 15,  2,  2,  1,  3,  2],
       [ 1, 15,  3,  2,  1, 10,  0],
       [ 1, 16,  0,  1,  1, 17,  0],
       [ 1, 16,  1, -1, -1, -1,  0],
       [ 1, 16,  2,  2,  0,  2,  0],
       [ 1, 16,  3,  2,  1,  3,  0]]),
        arrays={'spts': {'quad': array([[[0.62359953, 0.22794287],
        [0.68074413, 0.41970635],
        [0.49541325, 0.31519935],
        [0.49592129, 0.49379152]],

       [[0.30641017, 0.41891218],
        [0.36671894, 0.22386365],
        [0.49592129, 0.49379152],
        [0.49541325, 0.31519935]],

       [[1.        , 0.5       ],
        [0.7818017 , 0.58014363],
        [0.83472002, 0.36749615],
        [0.68074413, 0.41970635]],

       [[0.5       , 0.        ],
        [0.62359953, 0.22794287],
        [0.36671894, 0.22386365],
        [0.49541325, 0.31519935]],

       [[0.62359953, 0.22794287],
        [0.82341592, 0.18278211],
        [0.68074413, 0.41970635],
        [0.83472002, 0.36749615]],

       [[1.        , 0.5       ],
        [0.83472002, 0.36749615],
        [1.        , 0.25      ],
        [0.82341592, 0.18278211]],

       [[0.62359953, 0.22794287],
        [0.5       , 0.        ],
        [0.82341592, 0.18278211],
        [0.75      , 0.        ]]]),
                         'tri': array([[[0.82341592, 0.18278211],
        [0.75      , 0.        ],
        [1.        , 0.        ]],

       [[0.82341592, 0.18278211],
        [1.        , 0.        ],
        [1.        , 0.25      ]]])},
                'spts_curved': {'quad': array([False, False, False, False, False, False, False]),
                                'tri': array([False, False])},
                'spts_nodes': {'quad': array([[26, 29, 27, 31],
       [22, 21, 31, 27],
       [10, 28, 30, 29],
       [ 6, 26, 21, 27],
       [26, 16, 29, 30],
       [10, 30,  9, 16],
       [26,  6, 16,  7]]),
                               'tri': array([[16,  7,  8],
       [16,  8,  9]])}},
        strict_geometry=True)
[Rank 2] SubMesh(etypes=['quad', 'tri'],
        eidxs_base={'quad': array([ 1,  2, 15, 17,  3, 10, 16]),
                    'tri': array([2, 7])},
        eidxs={'quad': array([ 3, 10, 15]), 'tri': array([2, 7])},
        conn=array([[ 0,  2,  0,  1,  1, 16,  2],
       [ 0,  2,  1, -1, -1, -1,  0],
       [ 0,  2,  2,  2,  0,  7,  0],
       [ 0,  7,  0,  2,  0,  2,  2],
       [ 0,  7,  1, -1, -1, -1,  2],
       [ 0,  7,  2,  2,  1, 10,  2],
       [ 1,  3,  0,  1,  1, 16,  3],
       [ 1,  3,  1,  2,  1, 10,  1],
       [ 1,  3,  2,  2,  1, 15,  2],
       [ 1,  3,  3,  1,  1,  1,  0],
       [ 1, 10,  0,  2,  1, 15,  3],
       [ 1, 10,  1,  2,  1,  3,  1],
       [ 1, 10,  2,  2,  0,  7,  2],
       [ 1, 10,  3, -1, -1, -1,  2],
       [ 1, 15,  0,  0,  1,  0,  1],
       [ 1, 15,  1,  0,  1, 12,  2],
       [ 1, 15,  2,  2,  1,  3,  2],
       [ 1, 15,  3,  2,  1, 10,  0]]),
        arrays={'spts': {'quad': array([[[0.62359953, 0.22794287],
        [0.68074413, 0.41970635],
        [0.49541325, 0.31519935],
        [0.49592129, 0.49379152]],

       [[0.30641017, 0.41891218],
        [0.36671894, 0.22386365],
        [0.49592129, 0.49379152],
        [0.49541325, 0.31519935]],

       [[1.        , 0.5       ],
        [0.7818017 , 0.58014363],
        [0.83472002, 0.36749615],
        [0.68074413, 0.41970635]],

       [[0.5       , 0.        ],
        [0.62359953, 0.22794287],
        [0.36671894, 0.22386365],
        [0.49541325, 0.31519935]],

       [[0.62359953, 0.22794287],
        [0.82341592, 0.18278211],
        [0.68074413, 0.41970635],
        [0.83472002, 0.36749615]],

       [[1.        , 0.5       ],
        [0.83472002, 0.36749615],
        [1.        , 0.25      ],
        [0.82341592, 0.18278211]],

       [[0.62359953, 0.22794287],
        [0.5       , 0.        ],
        [0.82341592, 0.18278211],
        [0.75      , 0.        ]]]),
                         'tri': array([[[0.82341592, 0.18278211],
        [0.75      , 0.        ],
        [1.        , 0.        ]],

       [[0.82341592, 0.18278211],
        [1.        , 0.        ],
        [1.        , 0.25      ]]])},
                'spts_curved': {'quad': array([False, False, False, False, False, False, False]),
                                'tri': array([False, False])},
                'spts_nodes': {'quad': array([[26, 29, 27, 31],
       [22, 21, 31, 27],
       [10, 28, 30, 29],
       [ 6, 26, 21, 27],
       [26, 16, 29, 30],
       [10, 30,  9, 16],
       [26,  6, 16,  7]]),
                               'tri': array([[16,  7,  8],
       [16,  8,  9]])}},
        strict_geometry=True)
[Rank 2] Base totals  →  elems=30 conn-rows=112
[Rank 2] SubMesh(etypes=['quad', 'tri'],
        eidxs_base={'quad': array([ 1,  2, 15, 17,  3, 10, 16]),
                    'tri': array([2, 7])},
        eidxs={'quad': array([ 1,  2, 15, 17,  3, 10, 16]),
               'tri': array([2, 7])},
        conn=array([[ 0,  2,  0,  2,  1, 16,  2],
       [ 0,  2,  1, -1, -1, -1,  0],
       [ 0,  2,  2,  2,  0,  7,  0],
       [ 0,  7,  0,  2,  0,  2,  2],
       [ 0,  7,  1, -1, -1, -1,  2],
       [ 0,  7,  2,  2,  1, 10,  2],
       [ 1,  1,  0,  2,  1,  3,  3],
       [ 1,  1,  1,  0,  1, 12,  1],
       [ 1,  1,  2,  2,  1,  2,  2],
       [ 1,  1,  3,  2,  1, 17,  1],
       [ 1,  2,  0,  1,  1, 20,  2],
       [ 1,  2,  1,  2,  1, 17,  2],
       [ 1,  2,  2,  2,  1,  1,  2],
       [ 1,  2,  3,  1,  1,  6,  0],
       [ 1,  3,  0,  2,  1, 16,  3],
       [ 1,  3,  1,  2,  1, 10,  1],
       [ 1,  3,  2,  2,  1, 15,  2],
       [ 1,  3,  3,  2,  1,  1,  0],
       [ 1, 10,  0,  2,  1, 15,  3],
       [ 1, 10,  1,  2,  1,  3,  1],
       [ 1, 10,  2,  2,  0,  7,  2],
       [ 1, 10,  3, -1, -1, -1,  2],
       [ 1, 15,  0,  0,  1,  0,  1],
       [ 1, 15,  1,  0,  1, 12,  2],
       [ 1, 15,  2,  2,  1,  3,  2],
       [ 1, 15,  3,  2,  1, 10,  0],
       [ 1, 16,  0,  2,  1, 17,  0],
       [ 1, 16,  1, -1, -1, -1,  0],
       [ 1, 16,  2,  2,  0,  2,  0],
       [ 1, 16,  3,  2,  1,  3,  0],
       [ 1, 17,  0,  2,  1, 16,  0],
       [ 1, 17,  1,  2,  1,  1,  3],
       [ 1, 17,  2,  2,  1,  2,  1],
       [ 1, 17,  3,  1,  1, 11,  0]]),
        arrays={'spts': {'quad': array([[[0.62359953, 0.22794287],
        [0.68074413, 0.41970635],
        [0.49541325, 0.31519935],
        [0.49592129, 0.49379152]],

       [[0.30641017, 0.41891218],
        [0.36671894, 0.22386365],
        [0.49592129, 0.49379152],
        [0.49541325, 0.31519935]],

       [[1.        , 0.5       ],
        [0.7818017 , 0.58014363],
        [0.83472002, 0.36749615],
        [0.68074413, 0.41970635]],

       [[0.5       , 0.        ],
        [0.62359953, 0.22794287],
        [0.36671894, 0.22386365],
        [0.49541325, 0.31519935]],

       [[0.62359953, 0.22794287],
        [0.82341592, 0.18278211],
        [0.68074413, 0.41970635],
        [0.83472002, 0.36749615]],

       [[1.        , 0.5       ],
        [0.83472002, 0.36749615],
        [1.        , 0.25      ],
        [0.82341592, 0.18278211]],

       [[0.62359953, 0.22794287],
        [0.5       , 0.        ],
        [0.82341592, 0.18278211],
        [0.75      , 0.        ]]]),
                         'tri': array([[[0.82341592, 0.18278211],
        [0.75      , 0.        ],
        [1.        , 0.        ]],

       [[0.82341592, 0.18278211],
        [1.        , 0.        ],
        [1.        , 0.25      ]]])},
                'spts_curved': {'quad': array([False, False, False, False, False, False, False]),
                                'tri': array([False, False])},
                'spts_nodes': {'quad': array([[26, 29, 27, 31],
       [22, 21, 31, 27],
       [10, 28, 30, 29],
       [ 6, 26, 21, 27],
       [26, 16, 29, 30],
       [10, 30,  9, 16],
       [26,  6, 16,  7]]),
                               'tri': array([[16,  7,  8],
       [16,  8,  9]])}},
        strict_geometry=True)
[Rank 2] SubMesh(etypes=['quad', 'tri'],
        eidxs_base={'quad': array([ 1,  2, 15, 17,  3, 10, 16]),
                    'tri': array([2, 7])},
        eidxs={'quad': array([ 1,  3, 10, 15, 16]), 'tri': array([2, 7])},
        conn=array([[ 0,  2,  0,  2,  1, 16,  2],
       [ 0,  2,  1, -1, -1, -1,  0],
       [ 0,  2,  2,  2,  0,  7,  0],
       [ 0,  7,  0,  2,  0,  2,  2],
       [ 0,  7,  1, -1, -1, -1,  2],
       [ 0,  7,  2,  2,  1, 10,  2],
       [ 1,  1,  0,  2,  1,  3,  3],
       [ 1,  1,  1,  0,  1, 12,  1],
       [ 1,  1,  2,  1,  1,  2,  2],
       [ 1,  1,  3,  1,  1, 17,  1],
       [ 1,  3,  0,  2,  1, 16,  3],
       [ 1,  3,  1,  2,  1, 10,  1],
       [ 1,  3,  2,  2,  1, 15,  2],
       [ 1,  3,  3,  2,  1,  1,  0],
       [ 1, 10,  0,  2,  1, 15,  3],
       [ 1, 10,  1,  2,  1,  3,  1],
       [ 1, 10,  2,  2,  0,  7,  2],
       [ 1, 10,  3, -1, -1, -1,  2],
       [ 1, 15,  0,  0,  1,  0,  1],
       [ 1, 15,  1,  0,  1, 12,  2],
       [ 1, 15,  2,  2,  1,  3,  2],
       [ 1, 15,  3,  2,  1, 10,  0],
       [ 1, 16,  0,  1,  1, 17,  0],
       [ 1, 16,  1, -1, -1, -1,  0],
       [ 1, 16,  2,  2,  0,  2,  0],
       [ 1, 16,  3,  2,  1,  3,  0]]),
        arrays={'spts': {'quad': array([[[0.62359953, 0.22794287],
        [0.68074413, 0.41970635],
        [0.49541325, 0.31519935],
        [0.49592129, 0.49379152]],

       [[0.30641017, 0.41891218],
        [0.36671894, 0.22386365],
        [0.49592129, 0.49379152],
        [0.49541325, 0.31519935]],

       [[1.        , 0.5       ],
        [0.7818017 , 0.58014363],
        [0.83472002, 0.36749615],
        [0.68074413, 0.41970635]],

       [[0.5       , 0.        ],
        [0.62359953, 0.22794287],
        [0.36671894, 0.22386365],
        [0.49541325, 0.31519935]],

       [[0.62359953, 0.22794287],
        [0.82341592, 0.18278211],
        [0.68074413, 0.41970635],
        [0.83472002, 0.36749615]],

       [[1.        , 0.5       ],
        [0.83472002, 0.36749615],
        [1.        , 0.25      ],
        [0.82341592, 0.18278211]],

       [[0.62359953, 0.22794287],
        [0.5       , 0.        ],
        [0.82341592, 0.18278211],
        [0.75      , 0.        ]]]),
                         'tri': array([[[0.82341592, 0.18278211],
        [0.75      , 0.        ],
        [1.        , 0.        ]],

       [[0.82341592, 0.18278211],
        [1.        , 0.        ],
        [1.        , 0.25      ]]])},
                'spts_curved': {'quad': array([False, False, False, False, False, False, False]),
                                'tri': array([False, False])},
                'spts_nodes': {'quad': array([[26, 29, 27, 31],
       [22, 21, 31, 27],
       [10, 28, 30, 29],
       [ 6, 26, 21, 27],
       [26, 16, 29, 30],
       [10, 30,  9, 16],
       [26,  6, 16,  7]]),
                               'tri': array([[16,  7,  8],
       [16,  8,  9]])}},
        strict_geometry=True)
[Rank 2] SubMesh(etypes=['quad', 'tri'],
        eidxs_base={'quad': array([ 1,  2, 15, 17,  3, 10, 16]),
                    'tri': array([2, 7])},
        eidxs={'quad': array([ 3, 10, 15]), 'tri': array([2, 7])},
        conn=array([[ 0,  2,  0,  1,  1, 16,  2],
       [ 0,  2,  1, -1, -1, -1,  0],
       [ 0,  2,  2,  2,  0,  7,  0],
       [ 0,  7,  0,  2,  0,  2,  2],
       [ 0,  7,  1, -1, -1, -1,  2],
       [ 0,  7,  2,  2,  1, 10,  2],
       [ 1,  3,  0,  1,  1, 16,  3],
       [ 1,  3,  1,  2,  1, 10,  1],
       [ 1,  3,  2,  2,  1, 15,  2],
       [ 1,  3,  3,  1,  1,  1,  0],
       [ 1, 10,  0,  2,  1, 15,  3],
       [ 1, 10,  1,  2,  1,  3,  1],
       [ 1, 10,  2,  2,  0,  7,  2],
       [ 1, 10,  3, -1, -1, -1,  2],
       [ 1, 15,  0,  0,  1,  0,  1],
       [ 1, 15,  1,  0,  1, 12,  2],
       [ 1, 15,  2,  2,  1,  3,  2],
       [ 1, 15,  3,  2,  1, 10,  0]]),
        arrays={'spts': {'quad': array([[[0.62359953, 0.22794287],
        [0.68074413, 0.41970635],
        [0.49541325, 0.31519935],
        [0.49592129, 0.49379152]],

       [[0.30641017, 0.41891218],
        [0.36671894, 0.22386365],
        [0.49592129, 0.49379152],
        [0.49541325, 0.31519935]],

       [[1.        , 0.5       ],
        [0.7818017 , 0.58014363],
        [0.83472002, 0.36749615],
        [0.68074413, 0.41970635]],

       [[0.5       , 0.        ],
        [0.62359953, 0.22794287],
        [0.36671894, 0.22386365],
        [0.49541325, 0.31519935]],

       [[0.62359953, 0.22794287],
        [0.82341592, 0.18278211],
        [0.68074413, 0.41970635],
        [0.83472002, 0.36749615]],

       [[1.        , 0.5       ],
        [0.83472002, 0.36749615],
        [1.        , 0.25      ],
        [0.82341592, 0.18278211]],

       [[0.62359953, 0.22794287],
        [0.5       , 0.        ],
        [0.82341592, 0.18278211],
        [0.75      , 0.        ]]]),
                         'tri': array([[[0.82341592, 0.18278211],
        [0.75      , 0.        ],
        [1.        , 0.        ]],

       [[0.82341592, 0.18278211],
        [1.        , 0.        ],
        [1.        , 0.25      ]]])},
                'spts_curved': {'quad': array([False, False, False, False, False, False, False]),
                                'tri': array([False, False])},
                'spts_nodes': {'quad': array([[26, 29, 27, 31],
       [22, 21, 31, 27],
       [10, 28, 30, 29],
       [ 6, 26, 21, 27],
       [26, 16, 29, 30],
       [10, 30,  9, 16],
       [26,  6, 16,  7]]),
                               'tri': array([[16,  7,  8],
       [16,  8,  9]])}},
        strict_geometry=True)
[Rank 2] Base totals  →  elems=30 conn-rows=112
[Rank 2] SubMesh(etypes=['quad', 'tri'],
        eidxs_base={'quad': array([ 1,  2, 15, 17,  3, 10, 16]),
                    'tri': array([2, 7])},
        eidxs={'quad': array([ 1,  2, 15, 17,  3, 10, 16]),
               'tri': array([2, 7])},
        conn=array([[ 0,  2,  0,  2,  1, 16,  2],
       [ 0,  2,  1, -1, -1, -1,  0],
       [ 0,  2,  2,  2,  0,  7,  0],
       [ 0,  7,  0,  2,  0,  2,  2],
       [ 0,  7,  1, -1, -1, -1,  2],
       [ 0,  7,  2,  2,  1, 10,  2],
       [ 1,  1,  0,  2,  1,  3,  3],
       [ 1,  1,  1,  0,  1, 12,  1],
       [ 1,  1,  2,  2,  1,  2,  2],
       [ 1,  1,  3,  2,  1, 17,  1],
       [ 1,  2,  0,  1,  1, 20,  2],
       [ 1,  2,  1,  2,  1, 17,  2],
       [ 1,  2,  2,  2,  1,  1,  2],
       [ 1,  2,  3,  1,  1,  6,  0],
       [ 1,  3,  0,  2,  1, 16,  3],
       [ 1,  3,  1,  2,  1, 10,  1],
       [ 1,  3,  2,  2,  1, 15,  2],
       [ 1,  3,  3,  2,  1,  1,  0],
       [ 1, 10,  0,  2,  1, 15,  3],
       [ 1, 10,  1,  2,  1,  3,  1],
       [ 1, 10,  2,  2,  0,  7,  2],
       [ 1, 10,  3, -1, -1, -1,  2],
       [ 1, 15,  0,  0,  1,  0,  1],
       [ 1, 15,  1,  0,  1, 12,  2],
       [ 1, 15,  2,  2,  1,  3,  2],
       [ 1, 15,  3,  2,  1, 10,  0],
       [ 1, 16,  0,  2,  1, 17,  0],
       [ 1, 16,  1, -1, -1, -1,  0],
       [ 1, 16,  2,  2,  0,  2,  0],
       [ 1, 16,  3,  2,  1,  3,  0],
       [ 1, 17,  0,  2,  1, 16,  0],
       [ 1, 17,  1,  2,  1,  1,  3],
       [ 1, 17,  2,  2,  1,  2,  1],
       [ 1, 17,  3,  1,  1, 11,  0]]),
        arrays={'spts': {'quad': array([[[0.62359953, 0.22794287],
        [0.68074413, 0.41970635],
        [0.49541325, 0.31519935],
        [0.49592129, 0.49379152]],

       [[0.30641017, 0.41891218],
        [0.36671894, 0.22386365],
        [0.49592129, 0.49379152],
        [0.49541325, 0.31519935]],

       [[1.        , 0.5       ],
        [0.7818017 , 0.58014363],
        [0.83472002, 0.36749615],
        [0.68074413, 0.41970635]],

       [[0.5       , 0.        ],
        [0.62359953, 0.22794287],
        [0.36671894, 0.22386365],
        [0.49541325, 0.31519935]],

       [[0.62359953, 0.22794287],
        [0.82341592, 0.18278211],
        [0.68074413, 0.41970635],
        [0.83472002, 0.36749615]],

       [[1.        , 0.5       ],
        [0.83472002, 0.36749615],
        [1.        , 0.25      ],
        [0.82341592, 0.18278211]],

       [[0.62359953, 0.22794287],
        [0.5       , 0.        ],
        [0.82341592, 0.18278211],
        [0.75      , 0.        ]]]),
                         'tri': array([[[0.82341592, 0.18278211],
        [0.75      , 0.        ],
        [1.        , 0.        ]],

       [[0.82341592, 0.18278211],
        [1.        , 0.        ],
        [1.        , 0.25      ]]])},
                'spts_curved': {'quad': array([False, False, False, False, False, False, False]),
                                'tri': array([False, False])},
                'spts_nodes': {'quad': array([[26, 29, 27, 31],
       [22, 21, 31, 27],
       [10, 28, 30, 29],
       [ 6, 26, 21, 27],
       [26, 16, 29, 30],
       [10, 30,  9, 16],
       [26,  6, 16,  7]]),
                               'tri': array([[16,  7,  8],
       [16,  8,  9]])}},
        strict_geometry=True)
[Rank 2] SubMesh(etypes=['quad', 'tri'],
        eidxs_base={'quad': array([ 1,  2, 15, 17,  3, 10, 16]),
                    'tri': array([2, 7])},
        eidxs={'quad': array([ 1,  3, 10, 15, 16]), 'tri': array([2, 7])},
        conn=array([[ 0,  2,  0,  2,  1, 16,  2],
       [ 0,  2,  1, -1, -1, -1,  0],
       [ 0,  2,  2,  2,  0,  7,  0],
       [ 0,  7,  0,  2,  0,  2,  2],
       [ 0,  7,  1, -1, -1, -1,  2],
       [ 0,  7,  2,  2,  1, 10,  2],
       [ 1,  1,  0,  2,  1,  3,  3],
       [ 1,  1,  1,  0,  1, 12,  1],
       [ 1,  1,  2,  1,  1,  2,  2],
       [ 1,  1,  3,  1,  1, 17,  1],
       [ 1,  3,  0,  2,  1, 16,  3],
       [ 1,  3,  1,  2,  1, 10,  1],
       [ 1,  3,  2,  2,  1, 15,  2],
       [ 1,  3,  3,  2,  1,  1,  0],
       [ 1, 10,  0,  2,  1, 15,  3],
       [ 1, 10,  1,  2,  1,  3,  1],
       [ 1, 10,  2,  2,  0,  7,  2],
       [ 1, 10,  3, -1, -1, -1,  2],
       [ 1, 15,  0,  0,  1,  0,  1],
       [ 1, 15,  1,  0,  1, 12,  2],
       [ 1, 15,  2,  2,  1,  3,  2],
       [ 1, 15,  3,  2,  1, 10,  0],
       [ 1, 16,  0,  1,  1, 17,  0],
       [ 1, 16,  1, -1, -1, -1,  0],
       [ 1, 16,  2,  2,  0,  2,  0],
       [ 1, 16,  3,  2,  1,  3,  0]]),
        arrays={'spts': {'quad': array([[[0.62359953, 0.22794287],
        [0.68074413, 0.41970635],
        [0.49541325, 0.31519935],
        [0.49592129, 0.49379152]],

       [[0.30641017, 0.41891218],
        [0.36671894, 0.22386365],
        [0.49592129, 0.49379152],
        [0.49541325, 0.31519935]],

       [[1.        , 0.5       ],
        [0.7818017 , 0.58014363],
        [0.83472002, 0.36749615],
        [0.68074413, 0.41970635]],

       [[0.5       , 0.        ],
        [0.62359953, 0.22794287],
        [0.36671894, 0.22386365],
        [0.49541325, 0.31519935]],

       [[0.62359953, 0.22794287],
        [0.82341592, 0.18278211],
        [0.68074413, 0.41970635],
        [0.83472002, 0.36749615]],

       [[1.        , 0.5       ],
        [0.83472002, 0.36749615],
        [1.        , 0.25      ],
        [0.82341592, 0.18278211]],

       [[0.62359953, 0.22794287],
        [0.5       , 0.        ],
        [0.82341592, 0.18278211],
        [0.75      , 0.        ]]]),
                         'tri': array([[[0.82341592, 0.18278211],
        [0.75      , 0.        ],
        [1.        , 0.        ]],

       [[0.82341592, 0.18278211],
        [1.        , 0.        ],
        [1.        , 0.25      ]]])},
                'spts_curved': {'quad': array([False, False, False, False, False, False, False]),
                                'tri': array([False, False])},
                'spts_nodes': {'quad': array([[26, 29, 27, 31],
       [22, 21, 31, 27],
       [10, 28, 30, 29],
       [ 6, 26, 21, 27],
       [26, 16, 29, 30],
       [10, 30,  9, 16],
       [26,  6, 16,  7]]),
                               'tri': array([[16,  7,  8],
       [16,  8,  9]])}},
        strict_geometry=True)
[Rank 2] SubMesh(etypes=['quad', 'tri'],
        eidxs_base={'quad': array([ 1,  2, 15, 17,  3, 10, 16]),
                    'tri': array([2, 7])},
        eidxs={'quad': array([ 3, 10, 15]), 'tri': array([2, 7])},
        conn=array([[ 0,  2,  0,  1,  1, 16,  2],
       [ 0,  2,  1, -1, -1, -1,  0],
       [ 0,  2,  2,  2,  0,  7,  0],
       [ 0,  7,  0,  2,  0,  2,  2],
       [ 0,  7,  1, -1, -1, -1,  2],
       [ 0,  7,  2,  2,  1, 10,  2],
       [ 1,  3,  0,  1,  1, 16,  3],
       [ 1,  3,  1,  2,  1, 10,  1],
       [ 1,  3,  2,  2,  1, 15,  2],
       [ 1,  3,  3,  1,  1,  1,  0],
       [ 1, 10,  0,  2,  1, 15,  3],
       [ 1, 10,  1,  2,  1,  3,  1],
       [ 1, 10,  2,  2,  0,  7,  2],
       [ 1, 10,  3, -1, -1, -1,  2],
       [ 1, 15,  0,  0,  1,  0,  1],
       [ 1, 15,  1,  0,  1, 12,  2],
       [ 1, 15,  2,  2,  1,  3,  2],
       [ 1, 15,  3,  2,  1, 10,  0]]),
        arrays={'spts': {'quad': array([[[0.62359953, 0.22794287],
        [0.68074413, 0.41970635],
        [0.49541325, 0.31519935],
        [0.49592129, 0.49379152]],

       [[0.30641017, 0.41891218],
        [0.36671894, 0.22386365],
        [0.49592129, 0.49379152],
        [0.49541325, 0.31519935]],

       [[1.        , 0.5       ],
        [0.7818017 , 0.58014363],
        [0.83472002, 0.36749615],
        [0.68074413, 0.41970635]],

       [[0.5       , 0.        ],
        [0.62359953, 0.22794287],
        [0.36671894, 0.22386365],
        [0.49541325, 0.31519935]],

       [[0.62359953, 0.22794287],
        [0.82341592, 0.18278211],
        [0.68074413, 0.41970635],
        [0.83472002, 0.36749615]],

       [[1.        , 0.5       ],
        [0.83472002, 0.36749615],
        [1.        , 0.25      ],
        [0.82341592, 0.18278211]],

       [[0.62359953, 0.22794287],
        [0.5       , 0.        ],
        [0.82341592, 0.18278211],
        [0.75      , 0.        ]]]),
                         'tri': array([[[0.82341592, 0.18278211],
        [0.75      , 0.        ],
        [1.        , 0.        ]],

       [[0.82341592, 0.18278211],
        [1.        , 0.        ],
        [1.        , 0.25      ]]])},
                'spts_curved': {'quad': array([False, False, False, False, False, False, False]),
                                'tri': array([False, False])},
                'spts_nodes': {'quad': array([[26, 29, 27, 31],
       [22, 21, 31, 27],
       [10, 28, 30, 29],
       [ 6, 26, 21, 27],
       [26, 16, 29, 30],
       [10, 30,  9, 16],
       [26,  6, 16,  7]]),
                               'tri': array([[16,  7,  8],
       [16,  8,  9]])}},
        strict_geometry=True)
[Rank 2] Base totals  →  elems=30 conn-rows=112
[Rank 2] SubMesh(etypes=['quad', 'tri'],
        eidxs_base={'quad': array([ 1,  2, 15, 17,  3, 10, 16]),
                    'tri': array([2, 7])},
        eidxs={'quad': array([ 1,  2, 15, 17,  3, 10, 16]),
               'tri': array([2, 7])},
        conn=array([[ 0,  2,  0,  2,  1, 16,  2],
       [ 0,  2,  1, -1, -1, -1,  0],
       [ 0,  2,  2,  2,  0,  7,  0],
       [ 0,  7,  0,  2,  0,  2,  2],
       [ 0,  7,  1, -1, -1, -1,  2],
       [ 0,  7,  2,  2,  1, 10,  2],
       [ 1,  1,  0,  2,  1,  3,  3],
       [ 1,  1,  1,  0,  1, 12,  1],
       [ 1,  1,  2,  2,  1,  2,  2],
       [ 1,  1,  3,  2,  1, 17,  1],
       [ 1,  2,  0,  1,  1, 20,  2],
       [ 1,  2,  1,  2,  1, 17,  2],
       [ 1,  2,  2,  2,  1,  1,  2],
       [ 1,  2,  3,  1,  1,  6,  0],
       [ 1,  3,  0,  2,  1, 16,  3],
       [ 1,  3,  1,  2,  1, 10,  1],
       [ 1,  3,  2,  2,  1, 15,  2],
       [ 1,  3,  3,  2,  1,  1,  0],
       [ 1, 10,  0,  2,  1, 15,  3],
       [ 1, 10,  1,  2,  1,  3,  1],
       [ 1, 10,  2,  2,  0,  7,  2],
       [ 1, 10,  3, -1, -1, -1,  2],
       [ 1, 15,  0,  0,  1,  0,  1],
       [ 1, 15,  1,  0,  1, 12,  2],
       [ 1, 15,  2,  2,  1,  3,  2],
       [ 1, 15,  3,  2,  1, 10,  0],
       [ 1, 16,  0,  2,  1, 17,  0],
       [ 1, 16,  1, -1, -1, -1,  0],
       [ 1, 16,  2,  2,  0,  2,  0],
       [ 1, 16,  3,  2,  1,  3,  0],
       [ 1, 17,  0,  2,  1, 16,  0],
       [ 1, 17,  1,  2,  1,  1,  3],
       [ 1, 17,  2,  2,  1,  2,  1],
       [ 1, 17,  3,  1,  1, 11,  0]]),
        arrays={'spts': {'quad': array([[[0.62359953, 0.22794287],
        [0.68074413, 0.41970635],
        [0.49541325, 0.31519935],
        [0.49592129, 0.49379152]],

       [[0.30641017, 0.41891218],
        [0.36671894, 0.22386365],
        [0.49592129, 0.49379152],
        [0.49541325, 0.31519935]],

       [[1.        , 0.5       ],
        [0.7818017 , 0.58014363],
        [0.83472002, 0.36749615],
        [0.68074413, 0.41970635]],

       [[0.5       , 0.        ],
        [0.62359953, 0.22794287],
        [0.36671894, 0.22386365],
        [0.49541325, 0.31519935]],

       [[0.62359953, 0.22794287],
        [0.82341592, 0.18278211],
        [0.68074413, 0.41970635],
        [0.83472002, 0.36749615]],

       [[1.        , 0.5       ],
        [0.83472002, 0.36749615],
        [1.        , 0.25      ],
        [0.82341592, 0.18278211]],

       [[0.62359953, 0.22794287],
        [0.5       , 0.        ],
        [0.82341592, 0.18278211],
        [0.75      , 0.        ]]]),
                         'tri': array([[[0.82341592, 0.18278211],
        [0.75      , 0.        ],
        [1.        , 0.        ]],

       [[0.82341592, 0.18278211],
        [1.        , 0.        ],
        [1.        , 0.25      ]]])},
                'spts_curved': {'quad': array([False, False, False, False, False, False, False]),
                                'tri': array([False, False])},
                'spts_nodes': {'quad': array([[26, 29, 27, 31],
       [22, 21, 31, 27],
       [10, 28, 30, 29],
       [ 6, 26, 21, 27],
       [26, 16, 29, 30],
       [10, 30,  9, 16],
       [26,  6, 16,  7]]),
                               'tri': array([[16,  7,  8],
       [16,  8,  9]])}},
        strict_geometry=True)
[Rank 2] Base totals  →  elems=30 conn-rows=112
[Rank 2] SubMesh(etypes=['quad', 'tri'],
        eidxs_base={'quad': array([ 1,  2, 15, 17,  3, 10, 16]),
                    'tri': array([2, 7])},
        eidxs={'quad': array([ 1,  2, 15, 17,  3, 10, 16]),
               'tri': array([2, 7])},
        conn=array([[ 0,  2,  0,  2,  1, 16,  2],
       [ 0,  2,  1, -1, -1, -1,  0],
       [ 0,  2,  2,  2,  0,  7,  0],
       [ 0,  7,  0,  2,  0,  2,  2],
       [ 0,  7,  1, -1, -1, -1,  2],
       [ 0,  7,  2,  2,  1, 10,  2],
       [ 1,  1,  0,  2,  1,  3,  3],
       [ 1,  1,  1,  0,  1, 12,  1],
       [ 1,  1,  2,  2,  1,  2,  2],
       [ 1,  1,  3,  2,  1, 17,  1],
       [ 1,  2,  0,  1,  1, 20,  2],
       [ 1,  2,  1,  2,  1, 17,  2],
       [ 1,  2,  2,  2,  1,  1,  2],
       [ 1,  2,  3,  1,  1,  6,  0],
       [ 1,  3,  0,  2,  1, 16,  3],
       [ 1,  3,  1,  2,  1, 10,  1],
       [ 1,  3,  2,  2,  1, 15,  2],
       [ 1,  3,  3,  2,  1,  1,  0],
       [ 1, 10,  0,  2,  1, 15,  3],
       [ 1, 10,  1,  2,  1,  3,  1],
       [ 1, 10,  2,  2,  0,  7,  2],
       [ 1, 10,  3, -1, -1, -1,  2],
       [ 1, 15,  0,  0,  1,  0,  1],
       [ 1, 15,  1,  0,  1, 12,  2],
       [ 1, 15,  2,  2,  1,  3,  2],
       [ 1, 15,  3,  2,  1, 10,  0],
       [ 1, 16,  0,  2,  1, 17,  0],
       [ 1, 16,  1, -1, -1, -1,  0],
       [ 1, 16,  2,  2,  0,  2,  0],
       [ 1, 16,  3,  2,  1,  3,  0],
       [ 1, 17,  0,  2,  1, 16,  0],
       [ 1, 17,  1,  2,  1,  1,  3],
       [ 1, 17,  2,  2,  1,  2,  1],
       [ 1, 17,  3,  1,  1, 11,  0]]),
        arrays={'spts': {'quad': array([[[0.62359953, 0.22794287],
        [0.68074413, 0.41970635],
        [0.49541325, 0.31519935],
        [0.49592129, 0.49379152]],

       [[0.30641017, 0.41891218],
        [0.36671894, 0.22386365],
        [0.49592129, 0.49379152],
        [0.49541325, 0.31519935]],

       [[1.        , 0.5       ],
        [0.7818017 , 0.58014363],
        [0.83472002, 0.36749615],
        [0.68074413, 0.41970635]],

       [[0.5       , 0.        ],
        [0.62359953, 0.22794287],
        [0.36671894, 0.22386365],
        [0.49541325, 0.31519935]],

       [[0.62359953, 0.22794287],
        [0.82341592, 0.18278211],
        [0.68074413, 0.41970635],
        [0.83472002, 0.36749615]],

       [[1.        , 0.5       ],
        [0.83472002, 0.36749615],
        [1.        , 0.25      ],
        [0.82341592, 0.18278211]],

       [[0.62359953, 0.22794287],
        [0.5       , 0.        ],
        [0.82341592, 0.18278211],
        [0.75      , 0.        ]]]),
                         'tri': array([[[0.82341592, 0.18278211],
        [0.75      , 0.        ],
        [1.        , 0.        ]],

       [[0.82341592, 0.18278211],
        [1.        , 0.        ],
        [1.        , 0.25      ]]])},
                'spts_curved': {'quad': array([False, False, False, False, False, False, False]),
                                'tri': array([False, False])},
                'spts_nodes': {'quad': array([[26, 29, 27, 31],
       [22, 21, 31, 27],
       [10, 28, 30, 29],
       [ 6, 26, 21, 27],
       [26, 16, 29, 30],
       [10, 30,  9, 16],
       [26,  6, 16,  7]]),
                               'tri': array([[16,  7,  8],
       [16,  8,  9]])}},
        strict_geometry=True)
[Rank 2] SubMesh(etypes=['quad', 'tri'],
        eidxs_base={'quad': array([ 1,  2, 15, 17,  3, 10, 16]),
                    'tri': array([2, 7])},
        eidxs={'quad': array([ 1,  3, 10, 15, 16]), 'tri': array([2, 7])},
        conn=array([[ 0,  2,  0,  2,  1, 16,  2],
       [ 0,  2,  1, -1, -1, -1,  0],
       [ 0,  2,  2,  2,  0,  7,  0],
       [ 0,  7,  0,  2,  0,  2,  2],
       [ 0,  7,  1, -1, -1, -1,  2],
       [ 0,  7,  2,  2,  1, 10,  2],
       [ 1,  1,  0,  2,  1,  3,  3],
       [ 1,  1,  1,  0,  1, 12,  1],
       [ 1,  1,  2,  1,  1,  2,  2],
       [ 1,  1,  3,  1,  1, 17,  1],
       [ 1,  3,  0,  2,  1, 16,  3],
       [ 1,  3,  1,  2,  1, 10,  1],
       [ 1,  3,  2,  2,  1, 15,  2],
       [ 1,  3,  3,  2,  1,  1,  0],
       [ 1, 10,  0,  2,  1, 15,  3],
       [ 1, 10,  1,  2,  1,  3,  1],
       [ 1, 10,  2,  2,  0,  7,  2],
       [ 1, 10,  3, -1, -1, -1,  2],
       [ 1, 15,  0,  0,  1,  0,  1],
       [ 1, 15,  1,  0,  1, 12,  2],
       [ 1, 15,  2,  2,  1,  3,  2],
       [ 1, 15,  3,  2,  1, 10,  0],
       [ 1, 16,  0,  1,  1, 17,  0],
       [ 1, 16,  1, -1, -1, -1,  0],
       [ 1, 16,  2,  2,  0,  2,  0],
       [ 1, 16,  3,  2,  1,  3,  0]]),
        arrays={'spts': {'quad': array([[[0.62359953, 0.22794287],
        [0.68074413, 0.41970635],
        [0.49541325, 0.31519935],
        [0.49592129, 0.49379152]],

       [[0.30641017, 0.41891218],
        [0.36671894, 0.22386365],
        [0.49592129, 0.49379152],
        [0.49541325, 0.31519935]],

       [[1.        , 0.5       ],
        [0.7818017 , 0.58014363],
        [0.83472002, 0.36749615],
        [0.68074413, 0.41970635]],

       [[0.5       , 0.        ],
        [0.62359953, 0.22794287],
        [0.36671894, 0.22386365],
        [0.49541325, 0.31519935]],

       [[0.62359953, 0.22794287],
        [0.82341592, 0.18278211],
        [0.68074413, 0.41970635],
        [0.83472002, 0.36749615]],

       [[1.        , 0.5       ],
        [0.83472002, 0.36749615],
        [1.        , 0.25      ],
        [0.82341592, 0.18278211]],

       [[0.62359953, 0.22794287],
        [0.5       , 0.        ],
        [0.82341592, 0.18278211],
        [0.75      , 0.        ]]]),
                         'tri': array([[[0.82341592, 0.18278211],
        [0.75      , 0.        ],
        [1.        , 0.        ]],

       [[0.82341592, 0.18278211],
        [1.        , 0.        ],
        [1.        , 0.25      ]]])},
                'spts_curved': {'quad': array([False, False, False, False, False, False, False]),
                                'tri': array([False, False])},
                'spts_nodes': {'quad': array([[26, 29, 27, 31],
       [22, 21, 31, 27],
       [10, 28, 30, 29],
       [ 6, 26, 21, 27],
       [26, 16, 29, 30],
       [10, 30,  9, 16],
       [26,  6, 16,  7]]),
                               'tri': array([[16,  7,  8],
       [16,  8,  9]])}},
        strict_geometry=True)
[Rank 2] SubMesh(etypes=['quad', 'tri'],
        eidxs_base={'quad': array([ 1,  2, 15, 17,  3, 10, 16]),
                    'tri': array([2, 7])},
        eidxs={'quad': array([ 3, 10, 15]), 'tri': array([2, 7])},
        conn=array([[ 0,  2,  0,  1,  1, 16,  2],
       [ 0,  2,  1, -1, -1, -1,  0],
       [ 0,  2,  2,  2,  0,  7,  0],
       [ 0,  7,  0,  2,  0,  2,  2],
       [ 0,  7,  1, -1, -1, -1,  2],
       [ 0,  7,  2,  2,  1, 10,  2],
       [ 1,  3,  0,  1,  1, 16,  3],
       [ 1,  3,  1,  2,  1, 10,  1],
       [ 1,  3,  2,  2,  1, 15,  2],
       [ 1,  3,  3,  1,  1,  1,  0],
       [ 1, 10,  0,  2,  1, 15,  3],
       [ 1, 10,  1,  2,  1,  3,  1],
       [ 1, 10,  2,  2,  0,  7,  2],
       [ 1, 10,  3, -1, -1, -1,  2],
       [ 1, 15,  0,  0,  1,  0,  1],
       [ 1, 15,  1,  0,  1, 12,  2],
       [ 1, 15,  2,  2,  1,  3,  2],
       [ 1, 15,  3,  2,  1, 10,  0]]),
        arrays={'spts': {'quad': array([[[0.62359953, 0.22794287],
        [0.68074413, 0.41970635],
        [0.49541325, 0.31519935],
        [0.49592129, 0.49379152]],

       [[0.30641017, 0.41891218],
        [0.36671894, 0.22386365],
        [0.49592129, 0.49379152],
        [0.49541325, 0.31519935]],

       [[1.        , 0.5       ],
        [0.7818017 , 0.58014363],
        [0.83472002, 0.36749615],
        [0.68074413, 0.41970635]],

       [[0.5       , 0.        ],
        [0.62359953, 0.22794287],
        [0.36671894, 0.22386365],
        [0.49541325, 0.31519935]],

       [[0.62359953, 0.22794287],
        [0.82341592, 0.18278211],
        [0.68074413, 0.41970635],
        [0.83472002, 0.36749615]],

       [[1.        , 0.5       ],
        [0.83472002, 0.36749615],
        [1.        , 0.25      ],
        [0.82341592, 0.18278211]],

       [[0.62359953, 0.22794287],
        [0.5       , 0.        ],
        [0.82341592, 0.18278211],
        [0.75      , 0.        ]]]),
                         'tri': array([[[0.82341592, 0.18278211],
        [0.75      , 0.        ],
        [1.        , 0.        ]],

       [[0.82341592, 0.18278211],
        [1.        , 0.        ],
        [1.        , 0.25      ]]])},
                'spts_curved': {'quad': array([False, False, False, False, False, False, False]),
                                'tri': array([False, False])},
                'spts_nodes': {'quad': array([[26, 29, 27, 31],
       [22, 21, 31, 27],
       [10, 28, 30, 29],
       [ 6, 26, 21, 27],
       [26, 16, 29, 30],
       [10, 30,  9, 16],
       [26,  6, 16,  7]]),
                               'tri': array([[16,  7,  8],
       [16,  8,  9]])}},
        strict_geometry=True)
[Rank 2] Base totals  →  elems=30 conn-rows=112
[Rank 2] SubMesh(etypes=['quad', 'tri'],
        eidxs_base={'quad': array([ 1,  2, 15, 17,  3, 10, 16]),
                    'tri': array([2, 7])},
        eidxs={'quad': array([ 1,  2, 15, 17,  3, 10, 16]),
               'tri': array([2, 7])},
        conn=array([[ 0,  2,  0,  2,  1, 16,  2],
       [ 0,  2,  1, -1, -1, -1,  0],
       [ 0,  2,  2,  2,  0,  7,  0],
       [ 0,  7,  0,  2,  0,  2,  2],
       [ 0,  7,  1, -1, -1, -1,  2],
       [ 0,  7,  2,  2,  1, 10,  2],
       [ 1,  1,  0,  2,  1,  3,  3],
       [ 1,  1,  1,  0,  1, 12,  1],
       [ 1,  1,  2,  2,  1,  2,  2],
       [ 1,  1,  3,  2,  1, 17,  1],
       [ 1,  2,  0,  1,  1, 20,  2],
       [ 1,  2,  1,  2,  1, 17,  2],
       [ 1,  2,  2,  2,  1,  1,  2],
       [ 1,  2,  3,  1,  1,  6,  0],
       [ 1,  3,  0,  2,  1, 16,  3],
       [ 1,  3,  1,  2,  1, 10,  1],
       [ 1,  3,  2,  2,  1, 15,  2],
       [ 1,  3,  3,  2,  1,  1,  0],
       [ 1, 10,  0,  2,  1, 15,  3],
       [ 1, 10,  1,  2,  1,  3,  1],
       [ 1, 10,  2,  2,  0,  7,  2],
       [ 1, 10,  3, -1, -1, -1,  2],
       [ 1, 15,  0,  0,  1,  0,  1],
       [ 1, 15,  1,  0,  1, 12,  2],
       [ 1, 15,  2,  2,  1,  3,  2],
       [ 1, 15,  3,  2,  1, 10,  0],
       [ 1, 16,  0,  2,  1, 17,  0],
       [ 1, 16,  1, -1, -1, -1,  0],
       [ 1, 16,  2,  2,  0,  2,  0],
       [ 1, 16,  3,  2,  1,  3,  0],
       [ 1, 17,  0,  2,  1, 16,  0],
       [ 1, 17,  1,  2,  1,  1,  3],
       [ 1, 17,  2,  2,  1,  2,  1],
       [ 1, 17,  3,  1,  1, 11,  0]]),
        arrays={'spts': {'quad': array([[[0.62359953, 0.22794287],
        [0.68074413, 0.41970635],
        [0.49541325, 0.31519935],
        [0.49592129, 0.49379152]],

       [[0.30641017, 0.41891218],
        [0.36671894, 0.22386365],
        [0.49592129, 0.49379152],
        [0.49541325, 0.31519935]],

       [[1.        , 0.5       ],
        [0.7818017 , 0.58014363],
        [0.83472002, 0.36749615],
        [0.68074413, 0.41970635]],

       [[0.5       , 0.        ],
        [0.62359953, 0.22794287],
        [0.36671894, 0.22386365],
        [0.49541325, 0.31519935]],

       [[0.62359953, 0.22794287],
        [0.82341592, 0.18278211],
        [0.68074413, 0.41970635],
        [0.83472002, 0.36749615]],

       [[1.        , 0.5       ],
        [0.83472002, 0.36749615],
        [1.        , 0.25      ],
        [0.82341592, 0.18278211]],

       [[0.62359953, 0.22794287],
        [0.5       , 0.        ],
        [0.82341592, 0.18278211],
        [0.75      , 0.        ]]]),
                         'tri': array([[[0.82341592, 0.18278211],
        [0.75      , 0.        ],
        [1.        , 0.        ]],

       [[0.82341592, 0.18278211],
        [1.        , 0.        ],
        [1.        , 0.25      ]]])},
                'spts_curved': {'quad': array([False, False, False, False, False, False, False]),
                                'tri': array([False, False])},
                'spts_nodes': {'quad': array([[26, 29, 27, 31],
       [22, 21, 31, 27],
       [10, 28, 30, 29],
       [ 6, 26, 21, 27],
       [26, 16, 29, 30],
       [10, 30,  9, 16],
       [26,  6, 16,  7]]),
                               'tri': array([[16,  7,  8],
       [16,  8,  9]])}})
[Rank 2] Base totals  →  elems=30 conn-rows=112
[Rank 2] SubMesh(etypes=['quad', 'tri'],
        eidxs_base={'quad': array([ 1,  2, 15, 17,  3, 10, 16]),
                    'tri': array([2, 7])},
        eidxs={'quad': array([ 1,  2, 15, 17,  3, 10, 16]),
               'tri': array([2, 7])},
        conn=array([[ 0,  2,  0,  2,  1, 16,  2],
       [ 0,  2,  1, -1, -1, -1,  0],
       [ 0,  2,  2,  2,  0,  7,  0],
       [ 0,  7,  0,  2,  0,  2,  2],
       [ 0,  7,  1, -1, -1, -1,  2],
       [ 0,  7,  2,  2,  1, 10,  2],
       [ 1,  1,  0,  2,  1,  3,  3],
       [ 1,  1,  1,  0,  1, 12,  1],
       [ 1,  1,  2,  2,  1,  2,  2],
       [ 1,  1,  3,  2,  1, 17,  1],
       [ 1,  2,  0,  1,  1, 20,  2],
       [ 1,  2,  1,  2,  1, 17,  2],
       [ 1,  2,  2,  2,  1,  1,  2],
       [ 1,  2,  3,  1,  1,  6,  0],
       [ 1,  3,  0,  2,  1, 16,  3],
       [ 1,  3,  1,  2,  1, 10,  1],
       [ 1,  3,  2,  2,  1, 15,  2],
       [ 1,  3,  3,  2,  1,  1,  0],
       [ 1, 10,  0,  2,  1, 15,  3],
       [ 1, 10,  1,  2,  1,  3,  1],
       [ 1, 10,  2,  2,  0,  7,  2],
       [ 1, 10,  3, -1, -1, -1,  2],
       [ 1, 15,  0,  0,  1,  0,  1],
       [ 1, 15,  1,  0,  1, 12,  2],
       [ 1, 15,  2,  2,  1,  3,  2],
       [ 1, 15,  3,  2,  1, 10,  0],
       [ 1, 16,  0,  2,  1, 17,  0],
       [ 1, 16,  1, -1, -1, -1,  0],
       [ 1, 16,  2,  2,  0,  2,  0],
       [ 1, 16,  3,  2,  1,  3,  0],
       [ 1, 17,  0,  2,  1, 16,  0],
       [ 1, 17,  1,  2,  1,  1,  3],
       [ 1, 17,  2,  2,  1,  2,  1],
       [ 1, 17,  3,  1,  1, 11,  0]]),
        arrays={'spts': {'quad': array([[[0.62359953, 0.22794287],
        [0.68074413, 0.41970635],
        [0.49541325, 0.31519935],
        [0.49592129, 0.49379152]],

       [[0.30641017, 0.41891218],
        [0.36671894, 0.22386365],
        [0.49592129, 0.49379152],
        [0.49541325, 0.31519935]],

       [[1.        , 0.5       ],
        [0.7818017 , 0.58014363],
        [0.83472002, 0.36749615],
        [0.68074413, 0.41970635]],

       [[0.5       , 0.        ],
        [0.62359953, 0.22794287],
        [0.36671894, 0.22386365],
        [0.49541325, 0.31519935]],

       [[0.62359953, 0.22794287],
        [0.82341592, 0.18278211],
        [0.68074413, 0.41970635],
        [0.83472002, 0.36749615]],

       [[1.        , 0.5       ],
        [0.83472002, 0.36749615],
        [1.        , 0.25      ],
        [0.82341592, 0.18278211]],

       [[0.62359953, 0.22794287],
        [0.5       , 0.        ],
        [0.82341592, 0.18278211],
        [0.75      , 0.        ]]]),
                         'tri': array([[[0.82341592, 0.18278211],
        [0.75      , 0.        ],
        [1.        , 0.        ]],

       [[0.82341592, 0.18278211],
        [1.        , 0.        ],
        [1.        , 0.25      ]]])},
                'spts_curved': {'quad': array([False, False, False, False, False, False, False]),
                                'tri': array([False, False])},
                'spts_nodes': {'quad': array([[26, 29, 27, 31],
       [22, 21, 31, 27],
       [10, 28, 30, 29],
       [ 6, 26, 21, 27],
       [26, 16, 29, 30],
       [10, 30,  9, 16],
       [26,  6, 16,  7]]),
                               'tri': array([[16,  7,  8],
       [16,  8,  9]])}})
[Rank 2] SubMesh(etypes=['quad', 'tri'],
        eidxs_base={'quad': array([ 1,  2, 15, 17,  3, 10, 16]),
                    'tri': array([2, 7])},
        eidxs={'quad': array([ 1,  3, 10, 15, 16]), 'tri': array([2, 7])},
        conn=array([[ 0,  2,  0,  2,  1, 16,  2],
       [ 0,  2,  1, -1, -1, -1,  0],
       [ 0,  2,  2,  2,  0,  7,  0],
       [ 0,  7,  0,  2,  0,  2,  2],
       [ 0,  7,  1, -1, -1, -1,  2],
       [ 0,  7,  2,  2,  1, 10,  2],
       [ 1,  1,  0,  2,  1,  3,  3],
       [ 1,  1,  1,  0,  1, 12,  1],
       [ 1,  1,  2,  1,  1,  2,  2],
       [ 1,  1,  3,  1,  1, 17,  1],
       [ 1,  3,  0,  2,  1, 16,  3],
       [ 1,  3,  1,  2,  1, 10,  1],
       [ 1,  3,  2,  2,  1, 15,  2],
       [ 1,  3,  3,  2,  1,  1,  0],
       [ 1, 10,  0,  2,  1, 15,  3],
       [ 1, 10,  1,  2,  1,  3,  1],
       [ 1, 10,  2,  2,  0,  7,  2],
       [ 1, 10,  3, -1, -1, -1,  2],
       [ 1, 15,  0,  0,  1,  0,  1],
       [ 1, 15,  1,  0,  1, 12,  2],
       [ 1, 15,  2,  2,  1,  3,  2],
       [ 1, 15,  3,  2,  1, 10,  0],
       [ 1, 16,  0,  1,  1, 17,  0],
       [ 1, 16,  1, -1, -1, -1,  0],
       [ 1, 16,  2,  2,  0,  2,  0],
       [ 1, 16,  3,  2,  1,  3,  0]]),
        arrays={'spts': {'quad': array([[[0.62359953, 0.22794287],
        [0.68074413, 0.41970635],
        [0.49541325, 0.31519935],
        [0.49592129, 0.49379152]],

       [[0.30641017, 0.41891218],
        [0.36671894, 0.22386365],
        [0.49592129, 0.49379152],
        [0.49541325, 0.31519935]],

       [[1.        , 0.5       ],
        [0.7818017 , 0.58014363],
        [0.83472002, 0.36749615],
        [0.68074413, 0.41970635]],

       [[0.5       , 0.        ],
        [0.62359953, 0.22794287],
        [0.36671894, 0.22386365],
        [0.49541325, 0.31519935]],

       [[0.62359953, 0.22794287],
        [0.82341592, 0.18278211],
        [0.68074413, 0.41970635],
        [0.83472002, 0.36749615]],

       [[1.        , 0.5       ],
        [0.83472002, 0.36749615],
        [1.        , 0.25      ],
        [0.82341592, 0.18278211]],

       [[0.62359953, 0.22794287],
        [0.5       , 0.        ],
        [0.82341592, 0.18278211],
        [0.75      , 0.        ]]]),
                         'tri': array([[[0.82341592, 0.18278211],
        [0.75      , 0.        ],
        [1.        , 0.        ]],

       [[0.82341592, 0.18278211],
        [1.        , 0.        ],
        [1.        , 0.25      ]]])},
                'spts_curved': {'quad': array([False, False, False, False, False, False, False]),
                                'tri': array([False, False])},
                'spts_nodes': {'quad': array([[26, 29, 27, 31],
       [22, 21, 31, 27],
       [10, 28, 30, 29],
       [ 6, 26, 21, 27],
       [26, 16, 29, 30],
       [10, 30,  9, 16],
       [26,  6, 16,  7]]),
                               'tri': array([[16,  7,  8],
       [16,  8,  9]])}})
[Rank 2] SubMesh(etypes=['quad', 'tri'],
        eidxs_base={'quad': array([ 1,  2, 15, 17,  3, 10, 16]),
                    'tri': array([2, 7])},
        eidxs={'quad': array([ 3, 10, 15]), 'tri': array([2, 7])},
        conn=array([[ 0,  2,  0,  1,  1, 16,  2],
       [ 0,  2,  1, -1, -1, -1,  0],
       [ 0,  2,  2,  2,  0,  7,  0],
       [ 0,  7,  0,  2,  0,  2,  2],
       [ 0,  7,  1, -1, -1, -1,  2],
       [ 0,  7,  2,  2,  1, 10,  2],
       [ 1,  3,  0,  1,  1, 16,  3],
       [ 1,  3,  1,  2,  1, 10,  1],
       [ 1,  3,  2,  2,  1, 15,  2],
       [ 1,  3,  3,  1,  1,  1,  0],
       [ 1, 10,  0,  2,  1, 15,  3],
       [ 1, 10,  1,  2,  1,  3,  1],
       [ 1, 10,  2,  2,  0,  7,  2],
       [ 1, 10,  3, -1, -1, -1,  2],
       [ 1, 15,  0,  0,  1,  0,  1],
       [ 1, 15,  1,  0,  1, 12,  2],
       [ 1, 15,  2,  2,  1,  3,  2],
       [ 1, 15,  3,  2,  1, 10,  0]]),
        arrays={'spts': {'quad': array([[[0.62359953, 0.22794287],
        [0.68074413, 0.41970635],
        [0.49541325, 0.31519935],
        [0.49592129, 0.49379152]],

       [[0.30641017, 0.41891218],
        [0.36671894, 0.22386365],
        [0.49592129, 0.49379152],
        [0.49541325, 0.31519935]],

       [[1.        , 0.5       ],
        [0.7818017 , 0.58014363],
        [0.83472002, 0.36749615],
        [0.68074413, 0.41970635]],

       [[0.5       , 0.        ],
        [0.62359953, 0.22794287],
        [0.36671894, 0.22386365],
        [0.49541325, 0.31519935]],

       [[0.62359953, 0.22794287],
        [0.82341592, 0.18278211],
        [0.68074413, 0.41970635],
        [0.83472002, 0.36749615]],

       [[1.        , 0.5       ],
        [0.83472002, 0.36749615],
        [1.        , 0.25      ],
        [0.82341592, 0.18278211]],

       [[0.62359953, 0.22794287],
        [0.5       , 0.        ],
        [0.82341592, 0.18278211],
        [0.75      , 0.        ]]]),
                         'tri': array([[[0.82341592, 0.18278211],
        [0.75      , 0.        ],
        [1.        , 0.        ]],

       [[0.82341592, 0.18278211],
        [1.        , 0.        ],
        [1.        , 0.25      ]]])},
                'spts_curved': {'quad': array([False, False, False, False, False, False, False]),
                                'tri': array([False, False])},
                'spts_nodes': {'quad': array([[26, 29, 27, 31],
       [22, 21, 31, 27],
       [10, 28, 30, 29],
       [ 6, 26, 21, 27],
       [26, 16, 29, 30],
       [10, 30,  9, 16],
       [26,  6, 16,  7]]),
                               'tri': array([[16,  7,  8],
       [16,  8,  9]])}})
[Rank 2] Base totals  →  elems=30 conn-rows=112
[Rank 2] SubMesh(etypes=['quad', 'tri'],
        eidxs_base={'quad': array([ 1,  2, 15, 17,  3, 10, 16]),
                    'tri': array([2, 7])},
        eidxs={'quad': array([ 1,  2, 15, 17,  3, 10, 16]),
               'tri': array([2, 7])},
        conn=array([[ 0,  2,  0,  2,  1, 16,  2],
       [ 0,  2,  1, -1, -1, -1,  0],
       [ 0,  2,  2,  2,  0,  7,  0],
       [ 0,  7,  0,  2,  0,  2,  2],
       [ 0,  7,  1, -1, -1, -1,  2],
       [ 0,  7,  2,  2,  1, 10,  2],
       [ 1,  1,  0,  2,  1,  3,  3],
       [ 1,  1,  1,  0,  1, 12,  1],
       [ 1,  1,  2,  2,  1,  2,  2],
       [ 1,  1,  3,  2,  1, 17,  1],
       [ 1,  2,  0,  1,  1, 20,  2],
       [ 1,  2,  1,  2,  1, 17,  2],
       [ 1,  2,  2,  2,  1,  1,  2],
       [ 1,  2,  3,  1,  1,  6,  0],
       [ 1,  3,  0,  2,  1, 16,  3],
       [ 1,  3,  1,  2,  1, 10,  1],
       [ 1,  3,  2,  2,  1, 15,  2],
       [ 1,  3,  3,  2,  1,  1,  0],
       [ 1, 10,  0,  2,  1, 15,  3],
       [ 1, 10,  1,  2,  1,  3,  1],
       [ 1, 10,  2,  2,  0,  7,  2],
       [ 1, 10,  3, -1, -1, -1,  2],
       [ 1, 15,  0,  0,  1,  0,  1],
       [ 1, 15,  1,  0,  1, 12,  2],
       [ 1, 15,  2,  2,  1,  3,  2],
       [ 1, 15,  3,  2,  1, 10,  0],
       [ 1, 16,  0,  2,  1, 17,  0],
       [ 1, 16,  1, -1, -1, -1,  0],
       [ 1, 16,  2,  2,  0,  2,  0],
       [ 1, 16,  3,  2,  1,  3,  0],
       [ 1, 17,  0,  2,  1, 16,  0],
       [ 1, 17,  1,  2,  1,  1,  3],
       [ 1, 17,  2,  2,  1,  2,  1],
       [ 1, 17,  3,  1,  1, 11,  0]]),
        arrays={'spts': {'quad': array([[[0.62359953, 0.22794287],
        [0.68074413, 0.41970635],
        [0.49541325, 0.31519935],
        [0.49592129, 0.49379152]],

       [[0.30641017, 0.41891218],
        [0.36671894, 0.22386365],
        [0.49592129, 0.49379152],
        [0.49541325, 0.31519935]],

       [[1.        , 0.5       ],
        [0.7818017 , 0.58014363],
        [0.83472002, 0.36749615],
        [0.68074413, 0.41970635]],

       [[0.5       , 0.        ],
        [0.62359953, 0.22794287],
        [0.36671894, 0.22386365],
        [0.49541325, 0.31519935]],

       [[0.62359953, 0.22794287],
        [0.82341592, 0.18278211],
        [0.68074413, 0.41970635],
        [0.83472002, 0.36749615]],

       [[1.        , 0.5       ],
        [0.83472002, 0.36749615],
        [1.        , 0.25      ],
        [0.82341592, 0.18278211]],

       [[0.62359953, 0.22794287],
        [0.5       , 0.        ],
        [0.82341592, 0.18278211],
        [0.75      , 0.        ]]]),
                         'tri': array([[[0.82341592, 0.18278211],
        [0.75      , 0.        ],
        [1.        , 0.        ]],

       [[0.82341592, 0.18278211],
        [1.        , 0.        ],
        [1.        , 0.25      ]]])},
                'spts_curved': {'quad': array([False, False, False, False, False, False, False]),
                                'tri': array([False, False])},
                'spts_nodes': {'quad': array([[26, 29, 27, 31],
       [22, 21, 31, 27],
       [10, 28, 30, 29],
       [ 6, 26, 21, 27],
       [26, 16, 29, 30],
       [10, 30,  9, 16],
       [26,  6, 16,  7]]),
                               'tri': array([[16,  7,  8],
       [16,  8,  9]])}})
[Rank 2] SubMesh(etypes=['quad', 'tri'],
        eidxs_base={'quad': array([ 1,  2, 15, 17,  3, 10, 16]),
                    'tri': array([2, 7])},
        eidxs={'quad': array([ 1,  3, 10, 15, 16]), 'tri': array([2, 7])},
        conn=array([[ 0,  2,  0,  2,  1, 16,  2],
       [ 0,  2,  1, -1, -1, -1,  0],
       [ 0,  2,  2,  2,  0,  7,  0],
       [ 0,  7,  0,  2,  0,  2,  2],
       [ 0,  7,  1, -1, -1, -1,  2],
       [ 0,  7,  2,  2,  1, 10,  2],
       [ 1,  1,  0,  2,  1,  3,  3],
       [ 1,  1,  1,  0,  1, 12,  1],
       [ 1,  1,  2,  1,  1,  2,  2],
       [ 1,  1,  3,  1,  1, 17,  1],
       [ 1,  3,  0,  2,  1, 16,  3],
       [ 1,  3,  1,  2,  1, 10,  1],
       [ 1,  3,  2,  2,  1, 15,  2],
       [ 1,  3,  3,  2,  1,  1,  0],
       [ 1, 10,  0,  2,  1, 15,  3],
       [ 1, 10,  1,  2,  1,  3,  1],
       [ 1, 10,  2,  2,  0,  7,  2],
       [ 1, 10,  3, -1, -1, -1,  2],
       [ 1, 15,  0,  0,  1,  0,  1],
       [ 1, 15,  1,  0,  1, 12,  2],
       [ 1, 15,  2,  2,  1,  3,  2],
       [ 1, 15,  3,  2,  1, 10,  0],
       [ 1, 16,  0,  1,  1, 17,  0],
       [ 1, 16,  1, -1, -1, -1,  0],
       [ 1, 16,  2,  2,  0,  2,  0],
       [ 1, 16,  3,  2,  1,  3,  0]]),
        arrays={'spts': {'quad': array([[[0.62359953, 0.22794287],
        [0.68074413, 0.41970635],
        [0.49541325, 0.31519935],
        [0.49592129, 0.49379152]],

       [[0.30641017, 0.41891218],
        [0.36671894, 0.22386365],
        [0.49592129, 0.49379152],
        [0.49541325, 0.31519935]],

       [[1.        , 0.5       ],
        [0.7818017 , 0.58014363],
        [0.83472002, 0.36749615],
        [0.68074413, 0.41970635]],

       [[0.5       , 0.        ],
        [0.62359953, 0.22794287],
        [0.36671894, 0.22386365],
        [0.49541325, 0.31519935]],

       [[0.62359953, 0.22794287],
        [0.82341592, 0.18278211],
        [0.68074413, 0.41970635],
        [0.83472002, 0.36749615]],

       [[1.        , 0.5       ],
        [0.83472002, 0.36749615],
        [1.        , 0.25      ],
        [0.82341592, 0.18278211]],

       [[0.62359953, 0.22794287],
        [0.5       , 0.        ],
        [0.82341592, 0.18278211],
        [0.75      , 0.        ]]]),
                         'tri': array([[[0.82341592, 0.18278211],
        [0.75      , 0.        ],
        [1.        , 0.        ]],

       [[0.82341592, 0.18278211],
        [1.        , 0.        ],
        [1.        , 0.25      ]]])},
                'spts_curved': {'quad': array([False, False, False, False, False, False, False]),
                                'tri': array([False, False])},
                'spts_nodes': {'quad': array([[26, 29, 27, 31],
       [22, 21, 31, 27],
       [10, 28, 30, 29],
       [ 6, 26, 21, 27],
       [26, 16, 29, 30],
       [10, 30,  9, 16],
       [26,  6, 16,  7]]),
                               'tri': array([[16,  7,  8],
       [16,  8,  9]])}})
[Rank 2] SubMesh(etypes=['quad', 'tri'],
        eidxs_base={'quad': array([ 1,  2, 15, 17,  3, 10, 16]),
                    'tri': array([2, 7])},
        eidxs={'quad': array([ 3, 10, 15]), 'tri': array([2, 7])},
        conn=array([[ 0,  2,  0,  1,  1, 16,  2],
       [ 0,  2,  1, -1, -1, -1,  0],
       [ 0,  2,  2,  2,  0,  7,  0],
       [ 0,  7,  0,  2,  0,  2,  2],
       [ 0,  7,  1, -1, -1, -1,  2],
       [ 0,  7,  2,  2,  1, 10,  2],
       [ 1,  3,  0,  1,  1, 16,  3],
       [ 1,  3,  1,  2,  1, 10,  1],
       [ 1,  3,  2,  2,  1, 15,  2],
       [ 1,  3,  3,  1,  1,  1,  0],
       [ 1, 10,  0,  2,  1, 15,  3],
       [ 1, 10,  1,  2,  1,  3,  1],
       [ 1, 10,  2,  2,  0,  7,  2],
       [ 1, 10,  3, -1, -1, -1,  2],
       [ 1, 15,  0,  0,  1,  0,  1],
       [ 1, 15,  1,  0,  1, 12,  2],
       [ 1, 15,  2,  2,  1,  3,  2],
       [ 1, 15,  3,  2,  1, 10,  0]]),
        arrays={'spts': {'quad': array([[[0.62359953, 0.22794287],
        [0.68074413, 0.41970635],
        [0.49541325, 0.31519935],
        [0.49592129, 0.49379152]],

       [[0.30641017, 0.41891218],
        [0.36671894, 0.22386365],
        [0.49592129, 0.49379152],
        [0.49541325, 0.31519935]],

       [[1.        , 0.5       ],
        [0.7818017 , 0.58014363],
        [0.83472002, 0.36749615],
        [0.68074413, 0.41970635]],

       [[0.5       , 0.        ],
        [0.62359953, 0.22794287],
        [0.36671894, 0.22386365],
        [0.49541325, 0.31519935]],

       [[0.62359953, 0.22794287],
        [0.82341592, 0.18278211],
        [0.68074413, 0.41970635],
        [0.83472002, 0.36749615]],

       [[1.        , 0.5       ],
        [0.83472002, 0.36749615],
        [1.        , 0.25      ],
        [0.82341592, 0.18278211]],

       [[0.62359953, 0.22794287],
        [0.5       , 0.        ],
        [0.82341592, 0.18278211],
        [0.75      , 0.        ]]]),
                         'tri': array([[[0.82341592, 0.18278211],
        [0.75      , 0.        ],
        [1.        , 0.        ]],

       [[0.82341592, 0.18278211],
        [1.        , 0.        ],
        [1.        , 0.25      ]]])},
                'spts_curved': {'quad': array([False, False, False, False, False, False, False]),
                                'tri': array([False, False])},
                'spts_nodes': {'quad': array([[26, 29, 27, 31],
       [22, 21, 31, 27],
       [10, 28, 30, 29],
       [ 6, 26, 21, 27],
       [26, 16, 29, 30],
       [10, 30,  9, 16],
       [26,  6, 16,  7]]),
                               'tri': array([[16,  7,  8],
       [16,  8,  9]])}})
[Rank 2] Base totals  →  elems=30 conn-rows=112
[Rank 2] SubMesh(etypes=['quad', 'tri'],
        eidxs_base={'quad': array([ 1,  2, 15, 17,  3, 10, 16]),
                    'tri': array([2, 7])},
        eidxs={'quad': array([ 1,  2, 15, 17,  3, 10, 16]),
               'tri': array([2, 7])},
        conn=array([[ 0,  2,  0,  2,  1, 16,  2],
       [ 0,  2,  1, -1, -1, -1,  0],
       [ 0,  2,  2,  2,  0,  7,  0],
       [ 0,  7,  0,  2,  0,  2,  2],
       [ 0,  7,  1, -1, -1, -1,  2],
       [ 0,  7,  2,  2,  1, 10,  2],
       [ 1,  1,  0,  2,  1,  3,  3],
       [ 1,  1,  1,  0,  1, 12,  1],
       [ 1,  1,  2,  2,  1,  2,  2],
       [ 1,  1,  3,  2,  1, 17,  1],
       [ 1,  2,  0,  1,  1, 20,  2],
       [ 1,  2,  1,  2,  1, 17,  2],
       [ 1,  2,  2,  2,  1,  1,  2],
       [ 1,  2,  3,  1,  1,  6,  0],
       [ 1,  3,  0,  2,  1, 16,  3],
       [ 1,  3,  1,  2,  1, 10,  1],
       [ 1,  3,  2,  2,  1, 15,  2],
       [ 1,  3,  3,  2,  1,  1,  0],
       [ 1, 10,  0,  2,  1, 15,  3],
       [ 1, 10,  1,  2,  1,  3,  1],
       [ 1, 10,  2,  2,  0,  7,  2],
       [ 1, 10,  3, -1, -1, -1,  2],
       [ 1, 15,  0,  0,  1,  0,  1],
       [ 1, 15,  1,  0,  1, 12,  2],
       [ 1, 15,  2,  2,  1,  3,  2],
       [ 1, 15,  3,  2,  1, 10,  0],
       [ 1, 16,  0,  2,  1, 17,  0],
       [ 1, 16,  1, -1, -1, -1,  0],
       [ 1, 16,  2,  2,  0,  2,  0],
       [ 1, 16,  3,  2,  1,  3,  0],
       [ 1, 17,  0,  2,  1, 16,  0],
       [ 1, 17,  1,  2,  1,  1,  3],
       [ 1, 17,  2,  2,  1,  2,  1],
       [ 1, 17,  3,  1,  1, 11,  0]]),
        arrays={'spts': {'quad': array([[[0.62359953, 0.22794287],
        [0.68074413, 0.41970635],
        [0.49541325, 0.31519935],
        [0.49592129, 0.49379152]],

       [[0.30641017, 0.41891218],
        [0.36671894, 0.22386365],
        [0.49592129, 0.49379152],
        [0.49541325, 0.31519935]],

       [[1.        , 0.5       ],
        [0.7818017 , 0.58014363],
        [0.83472002, 0.36749615],
        [0.68074413, 0.41970635]],

       [[0.5       , 0.        ],
        [0.62359953, 0.22794287],
        [0.36671894, 0.22386365],
        [0.49541325, 0.31519935]],

       [[0.62359953, 0.22794287],
        [0.82341592, 0.18278211],
        [0.68074413, 0.41970635],
        [0.83472002, 0.36749615]],

       [[1.        , 0.5       ],
        [0.83472002, 0.36749615],
        [1.        , 0.25      ],
        [0.82341592, 0.18278211]],

       [[0.62359953, 0.22794287],
        [0.5       , 0.        ],
        [0.82341592, 0.18278211],
        [0.75      , 0.        ]]]),
                         'tri': array([[[0.82341592, 0.18278211],
        [0.75      , 0.        ],
        [1.        , 0.        ]],

       [[0.82341592, 0.18278211],
        [1.        , 0.        ],
        [1.        , 0.25      ]]])},
                'spts_curved': {'quad': array([False, False, False, False, False, False, False]),
                                'tri': array([False, False])},
                'spts_nodes': {'quad': array([[26, 29, 27, 31],
       [22, 21, 31, 27],
       [10, 28, 30, 29],
       [ 6, 26, 21, 27],
       [26, 16, 29, 30],
       [10, 30,  9, 16],
       [26,  6, 16,  7]]),
                               'tri': array([[16,  7,  8],
       [16,  8,  9]])}})
[Rank 2] SubMesh(etypes=['quad', 'tri'],
        eidxs_base={'quad': array([ 1,  2, 15, 17,  3, 10, 16]),
                    'tri': array([2, 7])},
        eidxs={'quad': array([ 1,  3, 10, 15, 16]), 'tri': array([2, 7])},
        conn=array([[ 0,  2,  0,  2,  1, 16,  2],
       [ 0,  2,  1, -1, -1, -1,  0],
       [ 0,  2,  2,  2,  0,  7,  0],
       [ 0,  7,  0,  2,  0,  2,  2],
       [ 0,  7,  1, -1, -1, -1,  2],
       [ 0,  7,  2,  2,  1, 10,  2],
       [ 1,  1,  0,  2,  1,  3,  3],
       [ 1,  1,  1,  0,  1, 12,  1],
       [ 1,  1,  2,  1,  1,  2,  2],
       [ 1,  1,  3,  1,  1, 17,  1],
       [ 1,  3,  0,  2,  1, 16,  3],
       [ 1,  3,  1,  2,  1, 10,  1],
       [ 1,  3,  2,  2,  1, 15,  2],
       [ 1,  3,  3,  2,  1,  1,  0],
       [ 1, 10,  0,  2,  1, 15,  3],
       [ 1, 10,  1,  2,  1,  3,  1],
       [ 1, 10,  2,  2,  0,  7,  2],
       [ 1, 10,  3, -1, -1, -1,  2],
       [ 1, 15,  0,  0,  1,  0,  1],
       [ 1, 15,  1,  0,  1, 12,  2],
       [ 1, 15,  2,  2,  1,  3,  2],
       [ 1, 15,  3,  2,  1, 10,  0],
       [ 1, 16,  0,  1,  1, 17,  0],
       [ 1, 16,  1, -1, -1, -1,  0],
       [ 1, 16,  2,  2,  0,  2,  0],
       [ 1, 16,  3,  2,  1,  3,  0]]),
        arrays={'spts': {'quad': array([[[0.62359953, 0.22794287],
        [0.68074413, 0.41970635],
        [0.49541325, 0.31519935],
        [0.49592129, 0.49379152]],

       [[0.30641017, 0.41891218],
        [0.36671894, 0.22386365],
        [0.49592129, 0.49379152],
        [0.49541325, 0.31519935]],

       [[1.        , 0.5       ],
        [0.7818017 , 0.58014363],
        [0.83472002, 0.36749615],
        [0.68074413, 0.41970635]],

       [[0.5       , 0.        ],
        [0.62359953, 0.22794287],
        [0.36671894, 0.22386365],
        [0.49541325, 0.31519935]],

       [[0.62359953, 0.22794287],
        [0.82341592, 0.18278211],
        [0.68074413, 0.41970635],
        [0.83472002, 0.36749615]],

       [[1.        , 0.5       ],
        [0.83472002, 0.36749615],
        [1.        , 0.25      ],
        [0.82341592, 0.18278211]],

       [[0.62359953, 0.22794287],
        [0.5       , 0.        ],
        [0.82341592, 0.18278211],
        [0.75      , 0.        ]]]),
                         'tri': array([[[0.82341592, 0.18278211],
        [0.75      , 0.        ],
        [1.        , 0.        ]],

       [[0.82341592, 0.18278211],
        [1.        , 0.        ],
        [1.        , 0.25      ]]])},
                'spts_curved': {'quad': array([False, False, False, False, False, False, False]),
                                'tri': array([False, False])},
                'spts_nodes': {'quad': array([[26, 29, 27, 31],
       [22, 21, 31, 27],
       [10, 28, 30, 29],
       [ 6, 26, 21, 27],
       [26, 16, 29, 30],
       [10, 30,  9, 16],
       [26,  6, 16,  7]]),
                               'tri': array([[16,  7,  8],
       [16,  8,  9]])}})
[Rank 2] SubMesh(etypes=['quad', 'tri'],
        eidxs_base={'quad': array([ 1,  2, 15, 17,  3, 10, 16]),
                    'tri': array([2, 7])},
        eidxs={'quad': array([ 3, 10, 15]), 'tri': array([2, 7])},
        conn=array([[ 0,  2,  0,  1,  1, 16,  2],
       [ 0,  2,  1, -1, -1, -1,  0],
       [ 0,  2,  2,  2,  0,  7,  0],
       [ 0,  7,  0,  2,  0,  2,  2],
       [ 0,  7,  1, -1, -1, -1,  2],
       [ 0,  7,  2,  2,  1, 10,  2],
       [ 1,  3,  0,  1,  1, 16,  3],
       [ 1,  3,  1,  2,  1, 10,  1],
       [ 1,  3,  2,  2,  1, 15,  2],
       [ 1,  3,  3,  1,  1,  1,  0],
       [ 1, 10,  0,  2,  1, 15,  3],
       [ 1, 10,  1,  2,  1,  3,  1],
       [ 1, 10,  2,  2,  0,  7,  2],
       [ 1, 10,  3, -1, -1, -1,  2],
       [ 1, 15,  0,  0,  1,  0,  1],
       [ 1, 15,  1,  0,  1, 12,  2],
       [ 1, 15,  2,  2,  1,  3,  2],
       [ 1, 15,  3,  2,  1, 10,  0]]),
        arrays={'spts': {'quad': array([[[0.62359953, 0.22794287],
        [0.68074413, 0.41970635],
        [0.49541325, 0.31519935],
        [0.49592129, 0.49379152]],

       [[0.30641017, 0.41891218],
        [0.36671894, 0.22386365],
        [0.49592129, 0.49379152],
        [0.49541325, 0.31519935]],

       [[1.        , 0.5       ],
        [0.7818017 , 0.58014363],
        [0.83472002, 0.36749615],
        [0.68074413, 0.41970635]],

       [[0.5       , 0.        ],
        [0.62359953, 0.22794287],
        [0.36671894, 0.22386365],
        [0.49541325, 0.31519935]],

       [[0.62359953, 0.22794287],
        [0.82341592, 0.18278211],
        [0.68074413, 0.41970635],
        [0.83472002, 0.36749615]],

       [[1.        , 0.5       ],
        [0.83472002, 0.36749615],
        [1.        , 0.25      ],
        [0.82341592, 0.18278211]],

       [[0.62359953, 0.22794287],
        [0.5       , 0.        ],
        [0.82341592, 0.18278211],
        [0.75      , 0.        ]]]),
                         'tri': array([[[0.82341592, 0.18278211],
        [0.75      , 0.        ],
        [1.        , 0.        ]],

       [[0.82341592, 0.18278211],
        [1.        , 0.        ],
        [1.        , 0.25      ]]])},
                'spts_curved': {'quad': array([False, False, False, False, False, False, False]),
                                'tri': array([False, False])},
                'spts_nodes': {'quad': array([[26, 29, 27, 31],
       [22, 21, 31, 27],
       [10, 28, 30, 29],
       [ 6, 26, 21, 27],
       [26, 16, 29, 30],
       [10, 30,  9, 16],
       [26,  6, 16,  7]]),
                               'tri': array([[16,  7,  8],
       [16,  8,  9]])}})
[Rank 2] Base totals  →  elems=30 conn-rows=112
[Rank 2] SubMesh(etypes=['quad', 'tri'],
        eidxs_base={'quad': array([ 1,  2, 15, 17,  3, 10, 16]),
                    'tri': array([2, 7])},
        eidxs={'quad': array([ 1,  2, 15, 17,  3, 10, 16]),
               'tri': array([2, 7])},
        conn=array([[ 0,  2,  0,  2,  1, 16,  2],
       [ 0,  2,  1, -1, -1, -1,  0],
       [ 0,  2,  2,  2,  0,  7,  0],
       [ 0,  7,  0,  2,  0,  2,  2],
       [ 0,  7,  1, -1, -1, -1,  2],
       [ 0,  7,  2,  2,  1, 10,  2],
       [ 1,  1,  0,  2,  1,  3,  3],
       [ 1,  1,  1,  0,  1, 12,  1],
       [ 1,  1,  2,  2,  1,  2,  2],
       [ 1,  1,  3,  2,  1, 17,  1],
       [ 1,  2,  0,  1,  1, 20,  2],
       [ 1,  2,  1,  2,  1, 17,  2],
       [ 1,  2,  2,  2,  1,  1,  2],
       [ 1,  2,  3,  1,  1,  6,  0],
       [ 1,  3,  0,  2,  1, 16,  3],
       [ 1,  3,  1,  2,  1, 10,  1],
       [ 1,  3,  2,  2,  1, 15,  2],
       [ 1,  3,  3,  2,  1,  1,  0],
       [ 1, 10,  0,  2,  1, 15,  3],
       [ 1, 10,  1,  2,  1,  3,  1],
       [ 1, 10,  2,  2,  0,  7,  2],
       [ 1, 10,  3, -1, -1, -1,  2],
       [ 1, 15,  0,  0,  1,  0,  1],
       [ 1, 15,  1,  0,  1, 12,  2],
       [ 1, 15,  2,  2,  1,  3,  2],
       [ 1, 15,  3,  2,  1, 10,  0],
       [ 1, 16,  0,  2,  1, 17,  0],
       [ 1, 16,  1, -1, -1, -1,  0],
       [ 1, 16,  2,  2,  0,  2,  0],
       [ 1, 16,  3,  2,  1,  3,  0],
       [ 1, 17,  0,  2,  1, 16,  0],
       [ 1, 17,  1,  2,  1,  1,  3],
       [ 1, 17,  2,  2,  1,  2,  1],
       [ 1, 17,  3,  1,  1, 11,  0]]),
        arrays={'spts': {'quad': array([[[0.62359953, 0.22794287],
        [0.68074413, 0.41970635],
        [0.49541325, 0.31519935],
        [0.49592129, 0.49379152]],

       [[0.30641017, 0.41891218],
        [0.36671894, 0.22386365],
        [0.49592129, 0.49379152],
        [0.49541325, 0.31519935]],

       [[1.        , 0.5       ],
        [0.7818017 , 0.58014363],
        [0.83472002, 0.36749615],
        [0.68074413, 0.41970635]],

       [[0.5       , 0.        ],
        [0.62359953, 0.22794287],
        [0.36671894, 0.22386365],
        [0.49541325, 0.31519935]],

       [[0.62359953, 0.22794287],
        [0.82341592, 0.18278211],
        [0.68074413, 0.41970635],
        [0.83472002, 0.36749615]],

       [[1.        , 0.5       ],
        [0.83472002, 0.36749615],
        [1.        , 0.25      ],
        [0.82341592, 0.18278211]],

       [[0.62359953, 0.22794287],
        [0.5       , 0.        ],
        [0.82341592, 0.18278211],
        [0.75      , 0.        ]]]),
                         'tri': array([[[0.82341592, 0.18278211],
        [0.75      , 0.        ],
        [1.        , 0.        ]],

       [[0.82341592, 0.18278211],
        [1.        , 0.        ],
        [1.        , 0.25      ]]])},
                'spts_curved': {'quad': array([False, False, False, False, False, False, False]),
                                'tri': array([False, False])},
                'spts_nodes': {'quad': array([[26, 29, 27, 31],
       [22, 21, 31, 27],
       [10, 28, 30, 29],
       [ 6, 26, 21, 27],
       [26, 16, 29, 30],
       [10, 30,  9, 16],
       [26,  6, 16,  7]]),
                               'tri': array([[16,  7,  8],
       [16,  8,  9]])}})
[Rank 2] SubMesh(etypes=['quad', 'tri'],
        eidxs_base={'quad': array([ 1,  2, 15, 17,  3, 10, 16]),
                    'tri': array([2, 7])},
        eidxs={'quad': array([ 1,  3, 10, 15, 16]), 'tri': array([2, 7])},
        conn=array([[ 0,  2,  0,  2,  1, 16,  2],
       [ 0,  2,  1, -1, -1, -1,  0],
       [ 0,  2,  2,  2,  0,  7,  0],
       [ 0,  7,  0,  2,  0,  2,  2],
       [ 0,  7,  1, -1, -1, -1,  2],
       [ 0,  7,  2,  2,  1, 10,  2],
       [ 1,  1,  0,  2,  1,  3,  3],
       [ 1,  1,  1,  0,  1, 12,  1],
       [ 1,  1,  2,  1,  1,  2,  2],
       [ 1,  1,  3,  1,  1, 17,  1],
       [ 1,  3,  0,  2,  1, 16,  3],
       [ 1,  3,  1,  2,  1, 10,  1],
       [ 1,  3,  2,  2,  1, 15,  2],
       [ 1,  3,  3,  2,  1,  1,  0],
       [ 1, 10,  0,  2,  1, 15,  3],
       [ 1, 10,  1,  2,  1,  3,  1],
       [ 1, 10,  2,  2,  0,  7,  2],
       [ 1, 10,  3, -1, -1, -1,  2],
       [ 1, 15,  0,  0,  1,  0,  1],
       [ 1, 15,  1,  0,  1, 12,  2],
       [ 1, 15,  2,  2,  1,  3,  2],
       [ 1, 15,  3,  2,  1, 10,  0],
       [ 1, 16,  0,  1,  1, 17,  0],
       [ 1, 16,  1, -1, -1, -1,  0],
       [ 1, 16,  2,  2,  0,  2,  0],
       [ 1, 16,  3,  2,  1,  3,  0]]),
        arrays={'spts': {'quad': array([[[0.62359953, 0.22794287],
        [0.68074413, 0.41970635],
        [0.49541325, 0.31519935],
        [0.49592129, 0.49379152]],

       [[0.30641017, 0.41891218],
        [0.36671894, 0.22386365],
        [0.49592129, 0.49379152],
        [0.49541325, 0.31519935]],

       [[1.        , 0.5       ],
        [0.7818017 , 0.58014363],
        [0.83472002, 0.36749615],
        [0.68074413, 0.41970635]],

       [[0.5       , 0.        ],
        [0.62359953, 0.22794287],
        [0.36671894, 0.22386365],
        [0.49541325, 0.31519935]],

       [[0.62359953, 0.22794287],
        [0.82341592, 0.18278211],
        [0.68074413, 0.41970635],
        [0.83472002, 0.36749615]],

       [[1.        , 0.5       ],
        [0.83472002, 0.36749615],
        [1.        , 0.25      ],
        [0.82341592, 0.18278211]],

       [[0.62359953, 0.22794287],
        [0.5       , 0.        ],
        [0.82341592, 0.18278211],
        [0.75      , 0.        ]]]),
                         'tri': array([[[0.82341592, 0.18278211],
        [0.75      , 0.        ],
        [1.        , 0.        ]],

       [[0.82341592, 0.18278211],
        [1.        , 0.        ],
        [1.        , 0.25      ]]])},
                'spts_curved': {'quad': array([False, False, False, False, False, False, False]),
                                'tri': array([False, False])},
                'spts_nodes': {'quad': array([[26, 29, 27, 31],
       [22, 21, 31, 27],
       [10, 28, 30, 29],
       [ 6, 26, 21, 27],
       [26, 16, 29, 30],
       [10, 30,  9, 16],
       [26,  6, 16,  7]]),
                               'tri': array([[16,  7,  8],
       [16,  8,  9]])}})
[Rank 2] SubMesh(etypes=['quad', 'tri'],
        eidxs_base={'quad': array([ 1,  2, 15, 17,  3, 10, 16]),
                    'tri': array([2, 7])},
        eidxs={'quad': array([ 3, 10, 15]), 'tri': array([2, 7])},
        conn=array([[ 0,  2,  0,  1,  1, 16,  2],
       [ 0,  2,  1, -1, -1, -1,  0],
       [ 0,  2,  2,  2,  0,  7,  0],
       [ 0,  7,  0,  2,  0,  2,  2],
       [ 0,  7,  1, -1, -1, -1,  2],
       [ 0,  7,  2,  2,  1, 10,  2],
       [ 1,  3,  0,  1,  1, 16,  3],
       [ 1,  3,  1,  2,  1, 10,  1],
       [ 1,  3,  2,  2,  1, 15,  2],
       [ 1,  3,  3,  1,  1,  1,  0],
       [ 1, 10,  0,  2,  1, 15,  3],
       [ 1, 10,  1,  2,  1,  3,  1],
       [ 1, 10,  2,  2,  0,  7,  2],
       [ 1, 10,  3, -1, -1, -1,  2],
       [ 1, 15,  0,  0,  1,  0,  1],
       [ 1, 15,  1,  0,  1, 12,  2],
       [ 1, 15,  2,  2,  1,  3,  2],
       [ 1, 15,  3,  2,  1, 10,  0]]),
        arrays={'spts': {'quad': array([[[0.62359953, 0.22794287],
        [0.68074413, 0.41970635],
        [0.49541325, 0.31519935],
        [0.49592129, 0.49379152]],

       [[0.30641017, 0.41891218],
        [0.36671894, 0.22386365],
        [0.49592129, 0.49379152],
        [0.49541325, 0.31519935]],

       [[1.        , 0.5       ],
        [0.7818017 , 0.58014363],
        [0.83472002, 0.36749615],
        [0.68074413, 0.41970635]],

       [[0.5       , 0.        ],
        [0.62359953, 0.22794287],
        [0.36671894, 0.22386365],
        [0.49541325, 0.31519935]],

       [[0.62359953, 0.22794287],
        [0.82341592, 0.18278211],
        [0.68074413, 0.41970635],
        [0.83472002, 0.36749615]],

       [[1.        , 0.5       ],
        [0.83472002, 0.36749615],
        [1.        , 0.25      ],
        [0.82341592, 0.18278211]],

       [[0.62359953, 0.22794287],
        [0.5       , 0.        ],
        [0.82341592, 0.18278211],
        [0.75      , 0.        ]]]),
                         'tri': array([[[0.82341592, 0.18278211],
        [0.75      , 0.        ],
        [1.        , 0.        ]],

       [[0.82341592, 0.18278211],
        [1.        , 0.        ],
        [1.        , 0.25      ]]])},
                'spts_curved': {'quad': array([False, False, False, False, False, False, False]),
                                'tri': array([False, False])},
                'spts_nodes': {'quad': array([[26, 29, 27, 31],
       [22, 21, 31, 27],
       [10, 28, 30, 29],
       [ 6, 26, 21, 27],
       [26, 16, 29, 30],
       [10, 30,  9, 16],
       [26,  6, 16,  7]]),
                               'tri': array([[16,  7,  8],
       [16,  8,  9]])}})
[Rank 2] Base totals  →  elems=30 conn-rows=112
[Rank 2] SubMesh(etypes=['quad', 'tri'],
        eidxs_base={'quad': array([ 1,  2, 15, 17,  3, 10, 16]),
                    'tri': array([2, 7])},
        eidxs={'quad': array([ 1,  2, 15, 17,  3, 10, 16]),
               'tri': array([2, 7])},
        conn=array([[ 0,  2,  0,  2,  1, 16,  2],
       [ 0,  2,  1, -1, -1, -1,  0],
       [ 0,  2,  2,  2,  0,  7,  0],
       [ 0,  7,  0,  2,  0,  2,  2],
       [ 0,  7,  1, -1, -1, -1,  2],
       [ 0,  7,  2,  2,  1, 10,  2],
       [ 1,  1,  0,  2,  1,  3,  3],
       [ 1,  1,  1,  0,  1, 12,  1],
       [ 1,  1,  2,  2,  1,  2,  2],
       [ 1,  1,  3,  2,  1, 17,  1],
       [ 1,  2,  0,  1,  1, 20,  2],
       [ 1,  2,  1,  2,  1, 17,  2],
       [ 1,  2,  2,  2,  1,  1,  2],
       [ 1,  2,  3,  1,  1,  6,  0],
       [ 1,  3,  0,  2,  1, 16,  3],
       [ 1,  3,  1,  2,  1, 10,  1],
       [ 1,  3,  2,  2,  1, 15,  2],
       [ 1,  3,  3,  2,  1,  1,  0],
       [ 1, 10,  0,  2,  1, 15,  3],
       [ 1, 10,  1,  2,  1,  3,  1],
       [ 1, 10,  2,  2,  0,  7,  2],
       [ 1, 10,  3, -1, -1, -1,  2],
       [ 1, 15,  0,  0,  1,  0,  1],
       [ 1, 15,  1,  0,  1, 12,  2],
       [ 1, 15,  2,  2,  1,  3,  2],
       [ 1, 15,  3,  2,  1, 10,  0],
       [ 1, 16,  0,  2,  1, 17,  0],
       [ 1, 16,  1, -1, -1, -1,  0],
       [ 1, 16,  2,  2,  0,  2,  0],
       [ 1, 16,  3,  2,  1,  3,  0],
       [ 1, 17,  0,  2,  1, 16,  0],
       [ 1, 17,  1,  2,  1,  1,  3],
       [ 1, 17,  2,  2,  1,  2,  1],
       [ 1, 17,  3,  1,  1, 11,  0]]),
        arrays={'spts': {'quad': array([[[0.62359953, 0.22794287],
        [0.68074413, 0.41970635],
        [0.49541325, 0.31519935],
        [0.49592129, 0.49379152]],

       [[0.30641017, 0.41891218],
        [0.36671894, 0.22386365],
        [0.49592129, 0.49379152],
        [0.49541325, 0.31519935]],

       [[1.        , 0.5       ],
        [0.7818017 , 0.58014363],
        [0.83472002, 0.36749615],
        [0.68074413, 0.41970635]],

       [[0.5       , 0.        ],
        [0.62359953, 0.22794287],
        [0.36671894, 0.22386365],
        [0.49541325, 0.31519935]],

       [[0.62359953, 0.22794287],
        [0.82341592, 0.18278211],
        [0.68074413, 0.41970635],
        [0.83472002, 0.36749615]],

       [[1.        , 0.5       ],
        [0.83472002, 0.36749615],
        [1.        , 0.25      ],
        [0.82341592, 0.18278211]],

       [[0.62359953, 0.22794287],
        [0.5       , 0.        ],
        [0.82341592, 0.18278211],
        [0.75      , 0.        ]]]),
                         'tri': array([[[0.82341592, 0.18278211],
        [0.75      , 0.        ],
        [1.        , 0.        ]],

       [[0.82341592, 0.18278211],
        [1.        , 0.        ],
        [1.        , 0.25      ]]])},
                'spts_curved': {'quad': array([False, False, False, False, False, False, False]),
                                'tri': array([False, False])},
                'spts_nodes': {'quad': array([[26, 29, 27, 31],
       [22, 21, 31, 27],
       [10, 28, 30, 29],
       [ 6, 26, 21, 27],
       [26, 16, 29, 30],
       [10, 30,  9, 16],
       [26,  6, 16,  7]]),
                               'tri': array([[16,  7,  8],
       [16,  8,  9]])}})
[Rank 2] SubMesh(etypes=['quad', 'tri'],
        eidxs_base={'quad': array([ 1,  2, 15, 17,  3, 10, 16]),
                    'tri': array([2, 7])},
        eidxs={'quad': array([ 1,  3, 10, 15, 16]), 'tri': array([2, 7])},
        conn=array([[ 0,  2,  0,  2,  1, 16,  2],
       [ 0,  2,  1, -1, -1, -1,  0],
       [ 0,  2,  2,  2,  0,  7,  0],
       [ 0,  7,  0,  2,  0,  2,  2],
       [ 0,  7,  1, -1, -1, -1,  2],
       [ 0,  7,  2,  2,  1, 10,  2],
       [ 1,  1,  0,  2,  1,  3,  3],
       [ 1,  1,  1,  0,  1, 12,  1],
       [ 1,  1,  2,  1,  1,  2,  2],
       [ 1,  1,  3,  1,  1, 17,  1],
       [ 1,  3,  0,  2,  1, 16,  3],
       [ 1,  3,  1,  2,  1, 10,  1],
       [ 1,  3,  2,  2,  1, 15,  2],
       [ 1,  3,  3,  2,  1,  1,  0],
       [ 1, 10,  0,  2,  1, 15,  3],
       [ 1, 10,  1,  2,  1,  3,  1],
       [ 1, 10,  2,  2,  0,  7,  2],
       [ 1, 10,  3, -1, -1, -1,  2],
       [ 1, 15,  0,  0,  1,  0,  1],
       [ 1, 15,  1,  0,  1, 12,  2],
       [ 1, 15,  2,  2,  1,  3,  2],
       [ 1, 15,  3,  2,  1, 10,  0],
       [ 1, 16,  0,  1,  1, 17,  0],
       [ 1, 16,  1, -1, -1, -1,  0],
       [ 1, 16,  2,  2,  0,  2,  0],
       [ 1, 16,  3,  2,  1,  3,  0]]),
        arrays={'spts': {'quad': array([[[0.62359953, 0.22794287],
        [0.68074413, 0.41970635],
        [0.49541325, 0.31519935],
        [0.49592129, 0.49379152]],

       [[0.30641017, 0.41891218],
        [0.36671894, 0.22386365],
        [0.49592129, 0.49379152],
        [0.49541325, 0.31519935]],

       [[1.        , 0.5       ],
        [0.7818017 , 0.58014363],
        [0.83472002, 0.36749615],
        [0.68074413, 0.41970635]],

       [[0.5       , 0.        ],
        [0.62359953, 0.22794287],
        [0.36671894, 0.22386365],
        [0.49541325, 0.31519935]],

       [[0.62359953, 0.22794287],
        [0.82341592, 0.18278211],
        [0.68074413, 0.41970635],
        [0.83472002, 0.36749615]],

       [[1.        , 0.5       ],
        [0.83472002, 0.36749615],
        [1.        , 0.25      ],
        [0.82341592, 0.18278211]],

       [[0.62359953, 0.22794287],
        [0.5       , 0.        ],
        [0.82341592, 0.18278211],
        [0.75      , 0.        ]]]),
                         'tri': array([[[0.82341592, 0.18278211],
        [0.75      , 0.        ],
        [1.        , 0.        ]],

       [[0.82341592, 0.18278211],
        [1.        , 0.        ],
        [1.        , 0.25      ]]])},
                'spts_curved': {'quad': array([False, False, False, False, False, False, False]),
                                'tri': array([False, False])},
                'spts_nodes': {'quad': array([[26, 29, 27, 31],
       [22, 21, 31, 27],
       [10, 28, 30, 29],
       [ 6, 26, 21, 27],
       [26, 16, 29, 30],
       [10, 30,  9, 16],
       [26,  6, 16,  7]]),
                               'tri': array([[16,  7,  8],
       [16,  8,  9]])}})
[Rank 2] SubMesh(etypes=['quad', 'tri'],
        eidxs_base={'quad': array([ 1,  2, 15, 17,  3, 10, 16]),
                    'tri': array([2, 7])},
        eidxs={'quad': array([ 3, 10, 15]), 'tri': array([2, 7])},
        conn=array([[ 0,  2,  0,  1,  1, 16,  2],
       [ 0,  2,  1, -1, -1, -1,  0],
       [ 0,  2,  2,  2,  0,  7,  0],
       [ 0,  7,  0,  2,  0,  2,  2],
       [ 0,  7,  1, -1, -1, -1,  2],
       [ 0,  7,  2,  2,  1, 10,  2],
       [ 1,  3,  0,  1,  1, 16,  3],
       [ 1,  3,  1,  2,  1, 10,  1],
       [ 1,  3,  2,  2,  1, 15,  2],
       [ 1,  3,  3,  1,  1,  1,  0],
       [ 1, 10,  0,  2,  1, 15,  3],
       [ 1, 10,  1,  2,  1,  3,  1],
       [ 1, 10,  2,  2,  0,  7,  2],
       [ 1, 10,  3, -1, -1, -1,  2],
       [ 1, 15,  0,  0,  1,  0,  1],
       [ 1, 15,  1,  0,  1, 12,  2],
       [ 1, 15,  2,  2,  1,  3,  2],
       [ 1, 15,  3,  2,  1, 10,  0]]),
        arrays={'spts': {'quad': array([[[0.62359953, 0.22794287],
        [0.68074413, 0.41970635],
        [0.49541325, 0.31519935],
        [0.49592129, 0.49379152]],

       [[0.30641017, 0.41891218],
        [0.36671894, 0.22386365],
        [0.49592129, 0.49379152],
        [0.49541325, 0.31519935]],

       [[1.        , 0.5       ],
        [0.7818017 , 0.58014363],
        [0.83472002, 0.36749615],
        [0.68074413, 0.41970635]],

       [[0.5       , 0.        ],
        [0.62359953, 0.22794287],
        [0.36671894, 0.22386365],
        [0.49541325, 0.31519935]],

       [[0.62359953, 0.22794287],
        [0.82341592, 0.18278211],
        [0.68074413, 0.41970635],
        [0.83472002, 0.36749615]],

       [[1.        , 0.5       ],
        [0.83472002, 0.36749615],
        [1.        , 0.25      ],
        [0.82341592, 0.18278211]],

       [[0.62359953, 0.22794287],
        [0.5       , 0.        ],
        [0.82341592, 0.18278211],
        [0.75      , 0.        ]]]),
                         'tri': array([[[0.82341592, 0.18278211],
        [0.75      , 0.        ],
        [1.        , 0.        ]],

       [[0.82341592, 0.18278211],
        [1.        , 0.        ],
        [1.        , 0.25      ]]])},
                'spts_curved': {'quad': array([False, False, False, False, False, False, False]),
                                'tri': array([False, False])},
                'spts_nodes': {'quad': array([[26, 29, 27, 31],
       [22, 21, 31, 27],
       [10, 28, 30, 29],
       [ 6, 26, 21, 27],
       [26, 16, 29, 30],
       [10, 30,  9, 16],
       [26,  6, 16,  7]]),
                               'tri': array([[16,  7,  8],
       [16,  8,  9]])}})
[Rank 2] Base totals  →  elems=30 conn-rows=112
[Rank 2] SubMesh(etypes=['quad', 'tri'],
        eidxs_base={'quad': array([ 1,  2, 15, 17,  3, 10, 16]),
                    'tri': array([2, 7])},
        eidxs={'quad': array([ 1,  2, 15, 17,  3, 10, 16]),
               'tri': array([2, 7])},
        con={},
        conn=array([[ 0,  2,  0,  2,  1, 16,  2],
       [ 0,  2,  1, -1, -1, -1,  0],
       [ 0,  2,  2,  2,  0,  7,  0],
       [ 0,  7,  0,  2,  0,  2,  2],
       [ 0,  7,  1, -1, -1, -1,  2],
       [ 0,  7,  2,  2,  1, 10,  2],
       [ 1,  1,  0,  2,  1,  3,  3],
       [ 1,  1,  1,  0,  1, 12,  1],
       [ 1,  1,  2,  2,  1,  2,  2],
       [ 1,  1,  3,  2,  1, 17,  1],
       [ 1,  2,  0,  1,  1, 20,  2],
       [ 1,  2,  1,  2,  1, 17,  2],
       [ 1,  2,  2,  2,  1,  1,  2],
       [ 1,  2,  3,  1,  1,  6,  0],
       [ 1,  3,  0,  2,  1, 16,  3],
       [ 1,  3,  1,  2,  1, 10,  1],
       [ 1,  3,  2,  2,  1, 15,  2],
       [ 1,  3,  3,  2,  1,  1,  0],
       [ 1, 10,  0,  2,  1, 15,  3],
       [ 1, 10,  1,  2,  1,  3,  1],
       [ 1, 10,  2,  2,  0,  7,  2],
       [ 1, 10,  3, -1, -1, -1,  2],
       [ 1, 15,  0,  0,  1,  0,  1],
       [ 1, 15,  1,  0,  1, 12,  2],
       [ 1, 15,  2,  2,  1,  3,  2],
       [ 1, 15,  3,  2,  1, 10,  0],
       [ 1, 16,  0,  2,  1, 17,  0],
       [ 1, 16,  1, -1, -1, -1,  0],
       [ 1, 16,  2,  2,  0,  2,  0],
       [ 1, 16,  3,  2,  1,  3,  0],
       [ 1, 17,  0,  2,  1, 16,  0],
       [ 1, 17,  1,  2,  1,  1,  3],
       [ 1, 17,  2,  2,  1,  2,  1],
       [ 1, 17,  3,  1,  1, 11,  0]]),
        arrays={'spts': {'quad': array([[[0.62359953, 0.22794287],
        [0.68074413, 0.41970635],
        [0.49541325, 0.31519935],
        [0.49592129, 0.49379152]],

       [[0.30641017, 0.41891218],
        [0.36671894, 0.22386365],
        [0.49592129, 0.49379152],
        [0.49541325, 0.31519935]],

       [[1.        , 0.5       ],
        [0.7818017 , 0.58014363],
        [0.83472002, 0.36749615],
        [0.68074413, 0.41970635]],

       [[0.5       , 0.        ],
        [0.62359953, 0.22794287],
        [0.36671894, 0.22386365],
        [0.49541325, 0.31519935]],

       [[0.62359953, 0.22794287],
        [0.82341592, 0.18278211],
        [0.68074413, 0.41970635],
        [0.83472002, 0.36749615]],

       [[1.        , 0.5       ],
        [0.83472002, 0.36749615],
        [1.        , 0.25      ],
        [0.82341592, 0.18278211]],

       [[0.62359953, 0.22794287],
        [0.5       , 0.        ],
        [0.82341592, 0.18278211],
        [0.75      , 0.        ]]]),
                         'tri': array([[[0.82341592, 0.18278211],
        [0.75      , 0.        ],
        [1.        , 0.        ]],

       [[0.82341592, 0.18278211],
        [1.        , 0.        ],
        [1.        , 0.25      ]]])},
                'spts_curved': {'quad': array([False, False, False, False, False, False, False]),
                                'tri': array([False, False])},
                'spts_nodes': {'quad': array([[26, 29, 27, 31],
       [22, 21, 31, 27],
       [10, 28, 30, 29],
       [ 6, 26, 21, 27],
       [26, 16, 29, 30],
       [10, 30,  9, 16],
       [26,  6, 16,  7]]),
                               'tri': array([[16,  7,  8],
       [16,  8,  9]])}})
[Rank 2] SubMesh(etypes=['quad', 'tri'],
        eidxs_base={'quad': array([ 1,  2, 15, 17,  3, 10, 16]),
                    'tri': array([2, 7])},
        eidxs={'quad': array([ 1,  3, 10, 15, 16]), 'tri': array([2, 7])},
        con={},
        conn=array([[ 0,  2,  0,  2,  1, 16,  2],
       [ 0,  2,  1, -1, -1, -1,  0],
       [ 0,  2,  2,  2,  0,  7,  0],
       [ 0,  7,  0,  2,  0,  2,  2],
       [ 0,  7,  1, -1, -1, -1,  2],
       [ 0,  7,  2,  2,  1, 10,  2],
       [ 1,  1,  0,  2,  1,  3,  3],
       [ 1,  1,  1,  0,  1, 12,  1],
       [ 1,  1,  2,  1,  1,  2,  2],
       [ 1,  1,  3,  1,  1, 17,  1],
       [ 1,  3,  0,  2,  1, 16,  3],
       [ 1,  3,  1,  2,  1, 10,  1],
       [ 1,  3,  2,  2,  1, 15,  2],
       [ 1,  3,  3,  2,  1,  1,  0],
       [ 1, 10,  0,  2,  1, 15,  3],
       [ 1, 10,  1,  2,  1,  3,  1],
       [ 1, 10,  2,  2,  0,  7,  2],
       [ 1, 10,  3, -1, -1, -1,  2],
       [ 1, 15,  0,  0,  1,  0,  1],
       [ 1, 15,  1,  0,  1, 12,  2],
       [ 1, 15,  2,  2,  1,  3,  2],
       [ 1, 15,  3,  2,  1, 10,  0],
       [ 1, 16,  0,  1,  1, 17,  0],
       [ 1, 16,  1, -1, -1, -1,  0],
       [ 1, 16,  2,  2,  0,  2,  0],
       [ 1, 16,  3,  2,  1,  3,  0]]),
        arrays={'spts': {'quad': array([[[0.62359953, 0.22794287],
        [0.68074413, 0.41970635],
        [0.49541325, 0.31519935],
        [0.49592129, 0.49379152]],

       [[0.30641017, 0.41891218],
        [0.36671894, 0.22386365],
        [0.49592129, 0.49379152],
        [0.49541325, 0.31519935]],

       [[1.        , 0.5       ],
        [0.7818017 , 0.58014363],
        [0.83472002, 0.36749615],
        [0.68074413, 0.41970635]],

       [[0.5       , 0.        ],
        [0.62359953, 0.22794287],
        [0.36671894, 0.22386365],
        [0.49541325, 0.31519935]],

       [[0.62359953, 0.22794287],
        [0.82341592, 0.18278211],
        [0.68074413, 0.41970635],
        [0.83472002, 0.36749615]],

       [[1.        , 0.5       ],
        [0.83472002, 0.36749615],
        [1.        , 0.25      ],
        [0.82341592, 0.18278211]],

       [[0.62359953, 0.22794287],
        [0.5       , 0.        ],
        [0.82341592, 0.18278211],
        [0.75      , 0.        ]]]),
                         'tri': array([[[0.82341592, 0.18278211],
        [0.75      , 0.        ],
        [1.        , 0.        ]],

       [[0.82341592, 0.18278211],
        [1.        , 0.        ],
        [1.        , 0.25      ]]])},
                'spts_curved': {'quad': array([False, False, False, False, False, False, False]),
                                'tri': array([False, False])},
                'spts_nodes': {'quad': array([[26, 29, 27, 31],
       [22, 21, 31, 27],
       [10, 28, 30, 29],
       [ 6, 26, 21, 27],
       [26, 16, 29, 30],
       [10, 30,  9, 16],
       [26,  6, 16,  7]]),
                               'tri': array([[16,  7,  8],
       [16,  8,  9]])}})
[Rank 2] SubMesh(etypes=['quad', 'tri'],
        eidxs_base={'quad': array([ 1,  2, 15, 17,  3, 10, 16]),
                    'tri': array([2, 7])},
        eidxs={'quad': array([ 3, 10, 15]), 'tri': array([2, 7])},
        con={},
        conn=array([[ 0,  2,  0,  1,  1, 16,  2],
       [ 0,  2,  1, -1, -1, -1,  0],
       [ 0,  2,  2,  2,  0,  7,  0],
       [ 0,  7,  0,  2,  0,  2,  2],
       [ 0,  7,  1, -1, -1, -1,  2],
       [ 0,  7,  2,  2,  1, 10,  2],
       [ 1,  3,  0,  1,  1, 16,  3],
       [ 1,  3,  1,  2,  1, 10,  1],
       [ 1,  3,  2,  2,  1, 15,  2],
       [ 1,  3,  3,  1,  1,  1,  0],
       [ 1, 10,  0,  2,  1, 15,  3],
       [ 1, 10,  1,  2,  1,  3,  1],
       [ 1, 10,  2,  2,  0,  7,  2],
       [ 1, 10,  3, -1, -1, -1,  2],
       [ 1, 15,  0,  0,  1,  0,  1],
       [ 1, 15,  1,  0,  1, 12,  2],
       [ 1, 15,  2,  2,  1,  3,  2],
       [ 1, 15,  3,  2,  1, 10,  0]]),
        arrays={'spts': {'quad': array([[[0.62359953, 0.22794287],
        [0.68074413, 0.41970635],
        [0.49541325, 0.31519935],
        [0.49592129, 0.49379152]],

       [[0.30641017, 0.41891218],
        [0.36671894, 0.22386365],
        [0.49592129, 0.49379152],
        [0.49541325, 0.31519935]],

       [[1.        , 0.5       ],
        [0.7818017 , 0.58014363],
        [0.83472002, 0.36749615],
        [0.68074413, 0.41970635]],

       [[0.5       , 0.        ],
        [0.62359953, 0.22794287],
        [0.36671894, 0.22386365],
        [0.49541325, 0.31519935]],

       [[0.62359953, 0.22794287],
        [0.82341592, 0.18278211],
        [0.68074413, 0.41970635],
        [0.83472002, 0.36749615]],

       [[1.        , 0.5       ],
        [0.83472002, 0.36749615],
        [1.        , 0.25      ],
        [0.82341592, 0.18278211]],

       [[0.62359953, 0.22794287],
        [0.5       , 0.        ],
        [0.82341592, 0.18278211],
        [0.75      , 0.        ]]]),
                         'tri': array([[[0.82341592, 0.18278211],
        [0.75      , 0.        ],
        [1.        , 0.        ]],

       [[0.82341592, 0.18278211],
        [1.        , 0.        ],
        [1.        , 0.25      ]]])},
                'spts_curved': {'quad': array([False, False, False, False, False, False, False]),
                                'tri': array([False, False])},
                'spts_nodes': {'quad': array([[26, 29, 27, 31],
       [22, 21, 31, 27],
       [10, 28, 30, 29],
       [ 6, 26, 21, 27],
       [26, 16, 29, 30],
       [10, 30,  9, 16],
       [26,  6, 16,  7]]),
                               'tri': array([[16,  7,  8],
       [16,  8,  9]])}})
[Rank 2] Base totals  →  elems=30 conn-rows=112
[Rank 2] Base totals  →  elems=30 conn-rows=112
[Rank 2] SubMesh(etypes=['quad', 'tri'],
        eidxs_base={'quad': array([ 1,  2, 15, 17,  3, 10, 16]),
                    'tri': array([2, 7])},
        eidxs={'quad': array([ 3, 10, 15]), 'tri': array([2, 7])},
        con={},
        conn=array([[ 0,  2,  0,  1,  1, 16,  2],
       [ 0,  2,  1, -1, -1, -1,  0],
       [ 0,  2,  2,  2,  0,  7,  0],
       [ 0,  7,  0,  2,  0,  2,  2],
       [ 0,  7,  1, -1, -1, -1,  2],
       [ 0,  7,  2,  2,  1, 10,  2],
       [ 1,  3,  0,  1,  1, 16,  3],
       [ 1,  3,  1,  2,  1, 10,  1],
       [ 1,  3,  2,  2,  1, 15,  2],
       [ 1,  3,  3,  1,  1,  1,  0],
       [ 1, 10,  0,  2,  1, 15,  3],
       [ 1, 10,  1,  2,  1,  3,  1],
       [ 1, 10,  2,  2,  0,  7,  2],
       [ 1, 10,  3, -1, -1, -1,  2],
       [ 1, 15,  0,  0,  1,  0,  1],
       [ 1, 15,  1,  0,  1, 12,  2],
       [ 1, 15,  2,  2,  1,  3,  2],
       [ 1, 15,  3,  2,  1, 10,  0]]),
        arrays={'spts': {'quad': array([[[0.62359953, 0.22794287],
        [0.68074413, 0.41970635],
        [0.49541325, 0.31519935],
        [0.49592129, 0.49379152]],

       [[0.30641017, 0.41891218],
        [0.36671894, 0.22386365],
        [0.49592129, 0.49379152],
        [0.49541325, 0.31519935]],

       [[1.        , 0.5       ],
        [0.7818017 , 0.58014363],
        [0.83472002, 0.36749615],
        [0.68074413, 0.41970635]],

       [[0.5       , 0.        ],
        [0.62359953, 0.22794287],
        [0.36671894, 0.22386365],
        [0.49541325, 0.31519935]],

       [[0.62359953, 0.22794287],
        [0.82341592, 0.18278211],
        [0.68074413, 0.41970635],
        [0.83472002, 0.36749615]],

       [[1.        , 0.5       ],
        [0.83472002, 0.36749615],
        [1.        , 0.25      ],
        [0.82341592, 0.18278211]],

       [[0.62359953, 0.22794287],
        [0.5       , 0.        ],
        [0.82341592, 0.18278211],
        [0.75      , 0.        ]]]),
                         'tri': array([[[0.82341592, 0.18278211],
        [0.75      , 0.        ],
        [1.        , 0.        ]],

       [[0.82341592, 0.18278211],
        [1.        , 0.        ],
        [1.        , 0.25      ]]])},
                'spts_curved': {'quad': array([False, False, False, False, False, False, False]),
                                'tri': array([False, False])},
                'spts_nodes': {'quad': array([[26, 29, 27, 31],
       [22, 21, 31, 27],
       [10, 28, 30, 29],
       [ 6, 26, 21, 27],
       [26, 16, 29, 30],
       [10, 30,  9, 16],
       [26,  6, 16,  7]]),
                               'tri': array([[16,  7,  8],
       [16,  8,  9]])}})
[Rank 2] Base totals  →  elems=30 conn-rows=112
[Rank 2] SubMesh(etypes=['quad', 'tri'],
        eidxs_base={'quad': array([ 1,  2, 15, 17,  3, 10, 16]),
                    'tri': array([2, 7])},
        eidxs={'quad': array([ 3, 10, 15]), 'tri': array([2, 7])},
        con={'quad': array([[[ 2,  1,  3,  3],
        [ 0,  1, 12,  1],
        [ 2,  1,  2,  2],
        [ 2,  1, 17,  1]],

       [[ 1,  1, 20,  2],
        [ 2,  1, 17,  2],
        [ 2,  1,  1,  2],
        [ 1,  1,  6,  0]],

       [[ 0,  1,  0,  1],
        [ 0,  1, 12,  2],
        [ 2,  1,  3,  2],
        [ 2,  1, 10,  0]],

       [[ 2,  1, 16,  0],
        [ 2,  1,  1,  3],
        [ 2,  1,  2,  1],
        [ 1,  1, 11,  0]],

       [[ 2,  1, 16,  3],
        [ 2,  1, 10,  1],
        [ 2,  1, 15,  2],
        [ 2,  1,  1,  0]],

       [[ 2,  1, 15,  3],
        [ 2,  1,  3,  1],
        [ 2,  0,  7,  2],
        [-1, -1, -1,  2]],

       [[ 2,  1, 17,  0],
        [-1, -1, -1,  0],
        [ 2,  0,  2,  0],
        [ 2,  1,  3,  0]]]),
             'tri': array([[[ 2,  1, 16,  2],
        [-1, -1, -1,  0],
        [ 2,  0,  7,  0]],

       [[ 2,  0,  2,  2],
        [-1, -1, -1,  2],
        [ 2,  1, 10,  2]]])},
        conn=array([[ 0,  2,  0,  1,  1, 16,  2],
       [ 0,  2,  1, -1, -1, -1,  0],
       [ 0,  2,  2,  2,  0,  7,  0],
       [ 0,  7,  0,  2,  0,  2,  2],
       [ 0,  7,  1, -1, -1, -1,  2],
       [ 0,  7,  2,  2,  1, 10,  2],
       [ 1,  3,  0,  1,  1, 16,  3],
       [ 1,  3,  1,  2,  1, 10,  1],
       [ 1,  3,  2,  2,  1, 15,  2],
       [ 1,  3,  3,  1,  1,  1,  0],
       [ 1, 10,  0,  2,  1, 15,  3],
       [ 1, 10,  1,  2,  1,  3,  1],
       [ 1, 10,  2,  2,  0,  7,  2],
       [ 1, 10,  3, -1, -1, -1,  2],
       [ 1, 15,  0,  0,  1,  0,  1],
       [ 1, 15,  1,  0,  1, 12,  2],
       [ 1, 15,  2,  2,  1,  3,  2],
       [ 1, 15,  3,  2,  1, 10,  0]]),
        arrays={'spts': {'quad': array([[[0.62359953, 0.22794287],
        [0.68074413, 0.41970635],
        [0.49541325, 0.31519935],
        [0.49592129, 0.49379152]],

       [[0.30641017, 0.41891218],
        [0.36671894, 0.22386365],
        [0.49592129, 0.49379152],
        [0.49541325, 0.31519935]],

       [[1.        , 0.5       ],
        [0.7818017 , 0.58014363],
        [0.83472002, 0.36749615],
        [0.68074413, 0.41970635]],

       [[0.5       , 0.        ],
        [0.62359953, 0.22794287],
        [0.36671894, 0.22386365],
        [0.49541325, 0.31519935]],

       [[0.62359953, 0.22794287],
        [0.82341592, 0.18278211],
        [0.68074413, 0.41970635],
        [0.83472002, 0.36749615]],

       [[1.        , 0.5       ],
        [0.83472002, 0.36749615],
        [1.        , 0.25      ],
        [0.82341592, 0.18278211]],

       [[0.62359953, 0.22794287],
        [0.5       , 0.        ],
        [0.82341592, 0.18278211],
        [0.75      , 0.        ]]]),
                         'tri': array([[[0.82341592, 0.18278211],
        [0.75      , 0.        ],
        [1.        , 0.        ]],

       [[0.82341592, 0.18278211],
        [1.        , 0.        ],
        [1.        , 0.25      ]]])},
                'spts_curved': {'quad': array([False, False, False, False, False, False, False]),
                                'tri': array([False, False])},
                'spts_nodes': {'quad': array([[26, 29, 27, 31],
       [22, 21, 31, 27],
       [10, 28, 30, 29],
       [ 6, 26, 21, 27],
       [26, 16, 29, 30],
       [10, 30,  9, 16],
       [26,  6, 16,  7]]),
                               'tri': array([[16,  7,  8],
       [16,  8,  9]])}})
[Rank 2] Base totals  →  elems=30 conn-rows=112
[Rank 2] SubMesh(etypes=['quad', 'tri'],
        eidxs_base={'quad': array([ 1,  2, 15, 17,  3, 10, 16]),
                    'tri': array([2, 7])},
        eidxs={'quad': array([ 3, 10, 15]), 'tri': array([2, 7])},
        con={'quad': array([[[ 2,  1,  3,  3],
        [ 0,  1, 12,  1],
        [ 2,  1,  2,  2],
        [ 2,  1, 17,  1]],

       [[ 1,  1, 20,  2],
        [ 2,  1, 17,  2],
        [ 2,  1,  1,  2],
        [ 1,  1,  6,  0]],

       [[ 0,  1,  0,  1],
        [ 0,  1, 12,  2],
        [ 2,  1,  3,  2],
        [ 2,  1, 10,  0]],

       [[ 2,  1, 16,  0],
        [ 2,  1,  1,  3],
        [ 2,  1,  2,  1],
        [ 1,  1, 11,  0]],

       [[ 2,  1, 16,  3],
        [ 2,  1, 10,  1],
        [ 2,  1, 15,  2],
        [ 2,  1,  1,  0]],

       [[ 2,  1, 15,  3],
        [ 2,  1,  3,  1],
        [ 2,  0,  7,  2],
        [-1, -1, -1,  2]],

       [[ 2,  1, 17,  0],
        [-1, -1, -1,  0],
        [ 2,  0,  2,  0],
        [ 2,  1,  3,  0]]]),
             'tri': array([[[ 2,  1, 16,  2],
        [-1, -1, -1,  0],
        [ 2,  0,  7,  0]],

       [[ 2,  0,  2,  2],
        [-1, -1, -1,  2],
        [ 2,  1, 10,  2]]])},
        conn=array([[ 0,  2,  0,  1,  1, 16,  2],
       [ 0,  2,  1, -1, -1, -1,  0],
       [ 0,  2,  2,  2,  0,  7,  0],
       [ 0,  7,  0,  2,  0,  2,  2],
       [ 0,  7,  1, -1, -1, -1,  2],
       [ 0,  7,  2,  2,  1, 10,  2],
       [ 1,  3,  0,  1,  1, 16,  3],
       [ 1,  3,  1,  2,  1, 10,  1],
       [ 1,  3,  2,  2,  1, 15,  2],
       [ 1,  3,  3,  1,  1,  1,  0],
       [ 1, 10,  0,  2,  1, 15,  3],
       [ 1, 10,  1,  2,  1,  3,  1],
       [ 1, 10,  2,  2,  0,  7,  2],
       [ 1, 10,  3, -1, -1, -1,  2],
       [ 1, 15,  0,  0,  1,  0,  1],
       [ 1, 15,  1,  0,  1, 12,  2],
       [ 1, 15,  2,  2,  1,  3,  2],
       [ 1, 15,  3,  2,  1, 10,  0]]),
        arrays={'spts': {'quad': array([[[0.62359953, 0.22794287],
        [0.68074413, 0.41970635],
        [0.49541325, 0.31519935],
        [0.49592129, 0.49379152]],

       [[0.30641017, 0.41891218],
        [0.36671894, 0.22386365],
        [0.49592129, 0.49379152],
        [0.49541325, 0.31519935]],

       [[1.        , 0.5       ],
        [0.7818017 , 0.58014363],
        [0.83472002, 0.36749615],
        [0.68074413, 0.41970635]],

       [[0.5       , 0.        ],
        [0.62359953, 0.22794287],
        [0.36671894, 0.22386365],
        [0.49541325, 0.31519935]],

       [[0.62359953, 0.22794287],
        [0.82341592, 0.18278211],
        [0.68074413, 0.41970635],
        [0.83472002, 0.36749615]],

       [[1.        , 0.5       ],
        [0.83472002, 0.36749615],
        [1.        , 0.25      ],
        [0.82341592, 0.18278211]],

       [[0.62359953, 0.22794287],
        [0.5       , 0.        ],
        [0.82341592, 0.18278211],
        [0.75      , 0.        ]]]),
                         'tri': array([[[0.82341592, 0.18278211],
        [0.75      , 0.        ],
        [1.        , 0.        ]],

       [[0.82341592, 0.18278211],
        [1.        , 0.        ],
        [1.        , 0.25      ]]])},
                'spts_curved': {'quad': array([False, False, False, False, False, False, False]),
                                'tri': array([False, False])},
                'spts_nodes': {'quad': array([[26, 29, 27, 31],
       [22, 21, 31, 27],
       [10, 28, 30, 29],
       [ 6, 26, 21, 27],
       [26, 16, 29, 30],
       [10, 30,  9, 16],
       [26,  6, 16,  7]]),
                               'tri': array([[16,  7,  8],
       [16,  8,  9]])}})
[Rank 2] Base totals  →  elems=30 conn-rows=112
[Rank 2] SubMesh(etypes=['quad', 'tri'],
        eidxs_base={'quad': array([ 1,  2, 15, 17,  3, 10, 16]),
                    'tri': array([2, 7])},
        eidxs={'quad': array([ 1,  2, 15, 17,  3, 10, 16]),
               'tri': array([2, 7])},
        con={'quad': array([[[ 2,  1,  3,  3],
        [ 0,  1, 12,  1],
        [ 2,  1,  2,  2],
        [ 2,  1, 17,  1]],

       [[ 1,  1, 20,  2],
        [ 2,  1, 17,  2],
        [ 2,  1,  1,  2],
        [ 1,  1,  6,  0]],

       [[ 0,  1,  0,  1],
        [ 0,  1, 12,  2],
        [ 2,  1,  3,  2],
        [ 2,  1, 10,  0]],

       [[ 2,  1, 16,  0],
        [ 2,  1,  1,  3],
        [ 2,  1,  2,  1],
        [ 1,  1, 11,  0]],

       [[ 2,  1, 16,  3],
        [ 2,  1, 10,  1],
        [ 2,  1, 15,  2],
        [ 2,  1,  1,  0]],

       [[ 2,  1, 15,  3],
        [ 2,  1,  3,  1],
        [ 2,  0,  7,  2],
        [-1, -1, -1,  2]],

       [[ 2,  1, 17,  0],
        [-1, -1, -1,  0],
        [ 2,  0,  2,  0],
        [ 2,  1,  3,  0]]]),
             'tri': array([[[ 2,  1, 16,  2],
        [-1, -1, -1,  0],
        [ 2,  0,  7,  0]],

       [[ 2,  0,  2,  2],
        [-1, -1, -1,  2],
        [ 2,  1, 10,  2]]])},
        conn=array([[ 0,  2,  0,  2,  1, 16,  2],
       [ 0,  2,  1, -1, -1, -1,  0],
       [ 0,  2,  2,  2,  0,  7,  0],
       [ 0,  7,  0,  2,  0,  2,  2],
       [ 0,  7,  1, -1, -1, -1,  2],
       [ 0,  7,  2,  2,  1, 10,  2],
       [ 1,  1,  0,  2,  1,  3,  3],
       [ 1,  1,  1,  0,  1, 12,  1],
       [ 1,  1,  2,  2,  1,  2,  2],
       [ 1,  1,  3,  2,  1, 17,  1],
       [ 1,  2,  0,  1,  1, 20,  2],
       [ 1,  2,  1,  2,  1, 17,  2],
       [ 1,  2,  2,  2,  1,  1,  2],
       [ 1,  2,  3,  1,  1,  6,  0],
       [ 1,  3,  0,  2,  1, 16,  3],
       [ 1,  3,  1,  2,  1, 10,  1],
       [ 1,  3,  2,  2,  1, 15,  2],
       [ 1,  3,  3,  2,  1,  1,  0],
       [ 1, 10,  0,  2,  1, 15,  3],
       [ 1, 10,  1,  2,  1,  3,  1],
       [ 1, 10,  2,  2,  0,  7,  2],
       [ 1, 10,  3, -1, -1, -1,  2],
       [ 1, 15,  0,  0,  1,  0,  1],
       [ 1, 15,  1,  0,  1, 12,  2],
       [ 1, 15,  2,  2,  1,  3,  2],
       [ 1, 15,  3,  2,  1, 10,  0],
       [ 1, 16,  0,  2,  1, 17,  0],
       [ 1, 16,  1, -1, -1, -1,  0],
       [ 1, 16,  2,  2,  0,  2,  0],
       [ 1, 16,  3,  2,  1,  3,  0],
       [ 1, 17,  0,  2,  1, 16,  0],
       [ 1, 17,  1,  2,  1,  1,  3],
       [ 1, 17,  2,  2,  1,  2,  1],
       [ 1, 17,  3,  1,  1, 11,  0]]),
        arrays={'spts': {'quad': array([[[0.62359953, 0.22794287],
        [0.68074413, 0.41970635],
        [0.49541325, 0.31519935],
        [0.49592129, 0.49379152]],

       [[0.30641017, 0.41891218],
        [0.36671894, 0.22386365],
        [0.49592129, 0.49379152],
        [0.49541325, 0.31519935]],

       [[1.        , 0.5       ],
        [0.7818017 , 0.58014363],
        [0.83472002, 0.36749615],
        [0.68074413, 0.41970635]],

       [[0.5       , 0.        ],
        [0.62359953, 0.22794287],
        [0.36671894, 0.22386365],
        [0.49541325, 0.31519935]],

       [[0.62359953, 0.22794287],
        [0.82341592, 0.18278211],
        [0.68074413, 0.41970635],
        [0.83472002, 0.36749615]],

       [[1.        , 0.5       ],
        [0.83472002, 0.36749615],
        [1.        , 0.25      ],
        [0.82341592, 0.18278211]],

       [[0.62359953, 0.22794287],
        [0.5       , 0.        ],
        [0.82341592, 0.18278211],
        [0.75      , 0.        ]]]),
                         'tri': array([[[0.82341592, 0.18278211],
        [0.75      , 0.        ],
        [1.        , 0.        ]],

       [[0.82341592, 0.18278211],
        [1.        , 0.        ],
        [1.        , 0.25      ]]])},
                'spts_curved': {'quad': array([False, False, False, False, False, False, False]),
                                'tri': array([False, False])},
                'spts_nodes': {'quad': array([[26, 29, 27, 31],
       [22, 21, 31, 27],
       [10, 28, 30, 29],
       [ 6, 26, 21, 27],
       [26, 16, 29, 30],
       [10, 30,  9, 16],
       [26,  6, 16,  7]]),
                               'tri': array([[16,  7,  8],
       [16,  8,  9]])}})
[Rank 2] Base totals  →  elems=30 conn-rows=112
[Rank 2] SubMesh(etypes=['quad', 'tri'],
        eidxs_base={'quad': array([ 1,  2, 15, 17,  3, 10, 16]),
                    'tri': array([2, 7])},
        eidxs={'quad': array([ 1,  2, 15, 17,  3, 10, 16]),
               'tri': array([2, 7])},
        con={'quad': array([[[ 2,  1,  3,  3],
        [ 0,  1, 12,  1],
        [ 2,  1,  2,  2],
        [ 2,  1, 17,  1]],

       [[ 1,  1, 20,  2],
        [ 2,  1, 17,  2],
        [ 2,  1,  1,  2],
        [ 1,  1,  6,  0]],

       [[ 0,  1,  0,  1],
        [ 0,  1, 12,  2],
        [ 2,  1,  3,  2],
        [ 2,  1, 10,  0]],

       [[ 2,  1, 16,  0],
        [ 2,  1,  1,  3],
        [ 2,  1,  2,  1],
        [ 1,  1, 11,  0]],

       [[ 2,  1, 16,  3],
        [ 2,  1, 10,  1],
        [ 2,  1, 15,  2],
        [ 2,  1,  1,  0]],

       [[ 2,  1, 15,  3],
        [ 2,  1,  3,  1],
        [ 2,  0,  7,  2],
        [-1, -1, -1,  2]],

       [[ 2,  1, 17,  0],
        [-1, -1, -1,  0],
        [ 2,  0,  2,  0],
        [ 2,  1,  3,  0]]]),
             'tri': array([[[ 2,  1, 16,  2],
        [-1, -1, -1,  0],
        [ 2,  0,  7,  0]],

       [[ 2,  0,  2,  2],
        [-1, -1, -1,  2],
        [ 2,  1, 10,  2]]])},
        conn=array([[ 0,  2,  0,  2,  1, 16,  2],
       [ 0,  2,  1, -1, -1, -1,  0],
       [ 0,  2,  2,  2,  0,  7,  0],
       [ 0,  7,  0,  2,  0,  2,  2],
       [ 0,  7,  1, -1, -1, -1,  2],
       [ 0,  7,  2,  2,  1, 10,  2],
       [ 1,  1,  0,  2,  1,  3,  3],
       [ 1,  1,  1,  0,  1, 12,  1],
       [ 1,  1,  2,  2,  1,  2,  2],
       [ 1,  1,  3,  2,  1, 17,  1],
       [ 1,  2,  0,  1,  1, 20,  2],
       [ 1,  2,  1,  2,  1, 17,  2],
       [ 1,  2,  2,  2,  1,  1,  2],
       [ 1,  2,  3,  1,  1,  6,  0],
       [ 1,  3,  0,  2,  1, 16,  3],
       [ 1,  3,  1,  2,  1, 10,  1],
       [ 1,  3,  2,  2,  1, 15,  2],
       [ 1,  3,  3,  2,  1,  1,  0],
       [ 1, 10,  0,  2,  1, 15,  3],
       [ 1, 10,  1,  2,  1,  3,  1],
       [ 1, 10,  2,  2,  0,  7,  2],
       [ 1, 10,  3, -1, -1, -1,  2],
       [ 1, 15,  0,  0,  1,  0,  1],
       [ 1, 15,  1,  0,  1, 12,  2],
       [ 1, 15,  2,  2,  1,  3,  2],
       [ 1, 15,  3,  2,  1, 10,  0],
       [ 1, 16,  0,  2,  1, 17,  0],
       [ 1, 16,  1, -1, -1, -1,  0],
       [ 1, 16,  2,  2,  0,  2,  0],
       [ 1, 16,  3,  2,  1,  3,  0],
       [ 1, 17,  0,  2,  1, 16,  0],
       [ 1, 17,  1,  2,  1,  1,  3],
       [ 1, 17,  2,  2,  1,  2,  1],
       [ 1, 17,  3,  1,  1, 11,  0]]),
        arrays={'spts': {'quad': array([[[0.62359953, 0.22794287],
        [0.68074413, 0.41970635],
        [0.49541325, 0.31519935],
        [0.49592129, 0.49379152]],

       [[0.30641017, 0.41891218],
        [0.36671894, 0.22386365],
        [0.49592129, 0.49379152],
        [0.49541325, 0.31519935]],

       [[1.        , 0.5       ],
        [0.7818017 , 0.58014363],
        [0.83472002, 0.36749615],
        [0.68074413, 0.41970635]],

       [[0.5       , 0.        ],
        [0.62359953, 0.22794287],
        [0.36671894, 0.22386365],
        [0.49541325, 0.31519935]],

       [[0.62359953, 0.22794287],
        [0.82341592, 0.18278211],
        [0.68074413, 0.41970635],
        [0.83472002, 0.36749615]],

       [[1.        , 0.5       ],
        [0.83472002, 0.36749615],
        [1.        , 0.25      ],
        [0.82341592, 0.18278211]],

       [[0.62359953, 0.22794287],
        [0.5       , 0.        ],
        [0.82341592, 0.18278211],
        [0.75      , 0.        ]]]),
                         'tri': array([[[0.82341592, 0.18278211],
        [0.75      , 0.        ],
        [1.        , 0.        ]],

       [[0.82341592, 0.18278211],
        [1.        , 0.        ],
        [1.        , 0.25      ]]])},
                'spts_curved': {'quad': array([False, False, False, False, False, False, False]),
                                'tri': array([False, False])},
                'spts_nodes': {'quad': array([[26, 29, 27, 31],
       [22, 21, 31, 27],
       [10, 28, 30, 29],
       [ 6, 26, 21, 27],
       [26, 16, 29, 30],
       [10, 30,  9, 16],
       [26,  6, 16,  7]]),
                               'tri': array([[16,  7,  8],
       [16,  8,  9]])}})
[Rank 2] Base totals  →  elems=30 conn-rows=112
[Rank 2] SubMesh(etypes=['quad', 'tri'],
        eidxs_base={'quad': array([ 1,  2, 15, 17,  3, 10, 16]),
                    'tri': array([2, 7])},
        eidxs={'quad': array([ 1,  2, 15, 17,  3, 10, 16]),
               'tri': array([2, 7])},
        con={'quad': array([[[ 2,  1,  3,  3],
        [ 0,  1, 12,  1],
        [ 2,  1,  2,  2],
        [ 2,  1, 17,  1]],

       [[ 1,  1, 20,  2],
        [ 2,  1, 17,  2],
        [ 2,  1,  1,  2],
        [ 1,  1,  6,  0]],

       [[ 0,  1,  0,  1],
        [ 0,  1, 12,  2],
        [ 2,  1,  3,  2],
        [ 2,  1, 10,  0]],

       [[ 2,  1, 16,  0],
        [ 2,  1,  1,  3],
        [ 2,  1,  2,  1],
        [ 1,  1, 11,  0]],

       [[ 2,  1, 16,  3],
        [ 2,  1, 10,  1],
        [ 2,  1, 15,  2],
        [ 2,  1,  1,  0]],

       [[ 2,  1, 15,  3],
        [ 2,  1,  3,  1],
        [ 2,  0,  7,  2],
        [-1, -1, -1,  2]],

       [[ 2,  1, 17,  0],
        [-1, -1, -1,  0],
        [ 2,  0,  2,  0],
        [ 2,  1,  3,  0]]]),
             'tri': array([[[ 2,  1, 16,  2],
        [-1, -1, -1,  0],
        [ 2,  0,  7,  0]],

       [[ 2,  0,  2,  2],
        [-1, -1, -1,  2],
        [ 2,  1, 10,  2]]])},
        conn=array([[ 0,  2,  0,  2,  1, 16,  2],
       [ 0,  2,  1, -1, -1, -1,  0],
       [ 0,  2,  2,  2,  0,  7,  0],
       [ 0,  7,  0,  2,  0,  2,  2],
       [ 0,  7,  1, -1, -1, -1,  2],
       [ 0,  7,  2,  2,  1, 10,  2],
       [ 1,  1,  0,  2,  1,  3,  3],
       [ 1,  1,  1,  0,  1, 12,  1],
       [ 1,  1,  2,  2,  1,  2,  2],
       [ 1,  1,  3,  2,  1, 17,  1],
       [ 1,  2,  0,  1,  1, 20,  2],
       [ 1,  2,  1,  2,  1, 17,  2],
       [ 1,  2,  2,  2,  1,  1,  2],
       [ 1,  2,  3,  1,  1,  6,  0],
       [ 1,  3,  0,  2,  1, 16,  3],
       [ 1,  3,  1,  2,  1, 10,  1],
       [ 1,  3,  2,  2,  1, 15,  2],
       [ 1,  3,  3,  2,  1,  1,  0],
       [ 1, 10,  0,  2,  1, 15,  3],
       [ 1, 10,  1,  2,  1,  3,  1],
       [ 1, 10,  2,  2,  0,  7,  2],
       [ 1, 10,  3, -1, -1, -1,  2],
       [ 1, 15,  0,  0,  1,  0,  1],
       [ 1, 15,  1,  0,  1, 12,  2],
       [ 1, 15,  2,  2,  1,  3,  2],
       [ 1, 15,  3,  2,  1, 10,  0],
       [ 1, 16,  0,  2,  1, 17,  0],
       [ 1, 16,  1, -1, -1, -1,  0],
       [ 1, 16,  2,  2,  0,  2,  0],
       [ 1, 16,  3,  2,  1,  3,  0],
       [ 1, 17,  0,  2,  1, 16,  0],
       [ 1, 17,  1,  2,  1,  1,  3],
       [ 1, 17,  2,  2,  1,  2,  1],
       [ 1, 17,  3,  1,  1, 11,  0]]),
        arrays={'spts': {'quad': array([[[0.62359953, 0.22794287],
        [0.68074413, 0.41970635],
        [0.49541325, 0.31519935],
        [0.49592129, 0.49379152]],

       [[0.30641017, 0.41891218],
        [0.36671894, 0.22386365],
        [0.49592129, 0.49379152],
        [0.49541325, 0.31519935]],

       [[1.        , 0.5       ],
        [0.7818017 , 0.58014363],
        [0.83472002, 0.36749615],
        [0.68074413, 0.41970635]],

       [[0.5       , 0.        ],
        [0.62359953, 0.22794287],
        [0.36671894, 0.22386365],
        [0.49541325, 0.31519935]],

       [[0.62359953, 0.22794287],
        [0.82341592, 0.18278211],
        [0.68074413, 0.41970635],
        [0.83472002, 0.36749615]],

       [[1.        , 0.5       ],
        [0.83472002, 0.36749615],
        [1.        , 0.25      ],
        [0.82341592, 0.18278211]],

       [[0.62359953, 0.22794287],
        [0.5       , 0.        ],
        [0.82341592, 0.18278211],
        [0.75      , 0.        ]]]),
                         'tri': array([[[0.82341592, 0.18278211],
        [0.75      , 0.        ],
        [1.        , 0.        ]],

       [[0.82341592, 0.18278211],
        [1.        , 0.        ],
        [1.        , 0.25      ]]])},
                'spts_curved': {'quad': array([False, False, False, False, False, False, False]),
                                'tri': array([False, False])},
                'spts_nodes': {'quad': array([[26, 29, 27, 31],
       [22, 21, 31, 27],
       [10, 28, 30, 29],
       [ 6, 26, 21, 27],
       [26, 16, 29, 30],
       [10, 30,  9, 16],
       [26,  6, 16,  7]]),
                               'tri': array([[16,  7,  8],
       [16,  8,  9]])}})
[Rank 2] Base totals  →  elems=30 conn-rows=112
[Rank 2] SubMesh(etypes=['quad', 'tri'],
        eidxs_base={'quad': array([ 1,  2, 15, 17,  3, 10, 16]),
                    'tri': array([2, 7])},
        eidxs={'quad': array([ 1,  2, 15, 17,  3, 10, 16]),
               'tri': array([2, 7])},
        con={'quad': array([[[ 2,  1,  3,  3],
        [ 0,  1, 12,  1],
        [ 2,  1,  2,  2],
        [ 2,  1, 17,  1]],

       [[ 1,  1, 20,  2],
        [ 2,  1, 17,  2],
        [ 2,  1,  1,  2],
        [ 1,  1,  6,  0]],

       [[ 0,  1,  0,  1],
        [ 0,  1, 12,  2],
        [ 2,  1,  3,  2],
        [ 2,  1, 10,  0]],

       [[ 2,  1, 16,  0],
        [ 2,  1,  1,  3],
        [ 2,  1,  2,  1],
        [ 1,  1, 11,  0]],

       [[ 2,  1, 16,  3],
        [ 2,  1, 10,  1],
        [ 2,  1, 15,  2],
        [ 2,  1,  1,  0]],

       [[ 2,  1, 15,  3],
        [ 2,  1,  3,  1],
        [ 2,  0,  7,  2],
        [-1, -1, -1,  2]],

       [[ 2,  1, 17,  0],
        [-1, -1, -1,  0],
        [ 2,  0,  2,  0],
        [ 2,  1,  3,  0]]]),
             'tri': array([[[ 2,  1, 16,  2],
        [-1, -1, -1,  0],
        [ 2,  0,  7,  0]],

       [[ 2,  0,  2,  2],
        [-1, -1, -1,  2],
        [ 2,  1, 10,  2]]])},
        conn=array([[ 0,  2,  0,  2,  1, 16,  2],
       [ 0,  2,  1, -1, -1, -1,  0],
       [ 0,  2,  2,  2,  0,  7,  0],
       [ 0,  7,  0,  2,  0,  2,  2],
       [ 0,  7,  1, -1, -1, -1,  2],
       [ 0,  7,  2,  2,  1, 10,  2],
       [ 1,  1,  0,  2,  1,  3,  3],
       [ 1,  1,  1,  0,  1, 12,  1],
       [ 1,  1,  2,  2,  1,  2,  2],
       [ 1,  1,  3,  2,  1, 17,  1],
       [ 1,  2,  0,  1,  1, 20,  2],
       [ 1,  2,  1,  2,  1, 17,  2],
       [ 1,  2,  2,  2,  1,  1,  2],
       [ 1,  2,  3,  1,  1,  6,  0],
       [ 1,  3,  0,  2,  1, 16,  3],
       [ 1,  3,  1,  2,  1, 10,  1],
       [ 1,  3,  2,  2,  1, 15,  2],
       [ 1,  3,  3,  2,  1,  1,  0],
       [ 1, 10,  0,  2,  1, 15,  3],
       [ 1, 10,  1,  2,  1,  3,  1],
       [ 1, 10,  2,  2,  0,  7,  2],
       [ 1, 10,  3, -1, -1, -1,  2],
       [ 1, 15,  0,  0,  1,  0,  1],
       [ 1, 15,  1,  0,  1, 12,  2],
       [ 1, 15,  2,  2,  1,  3,  2],
       [ 1, 15,  3,  2,  1, 10,  0],
       [ 1, 16,  0,  2,  1, 17,  0],
       [ 1, 16,  1, -1, -1, -1,  0],
       [ 1, 16,  2,  2,  0,  2,  0],
       [ 1, 16,  3,  2,  1,  3,  0],
       [ 1, 17,  0,  2,  1, 16,  0],
       [ 1, 17,  1,  2,  1,  1,  3],
       [ 1, 17,  2,  2,  1,  2,  1],
       [ 1, 17,  3,  1,  1, 11,  0]]),
        arrays={'spts': {'quad': array([[[0.62359953, 0.22794287],
        [0.68074413, 0.41970635],
        [0.49541325, 0.31519935],
        [0.49592129, 0.49379152]],

       [[0.30641017, 0.41891218],
        [0.36671894, 0.22386365],
        [0.49592129, 0.49379152],
        [0.49541325, 0.31519935]],

       [[1.        , 0.5       ],
        [0.7818017 , 0.58014363],
        [0.83472002, 0.36749615],
        [0.68074413, 0.41970635]],

       [[0.5       , 0.        ],
        [0.62359953, 0.22794287],
        [0.36671894, 0.22386365],
        [0.49541325, 0.31519935]],

       [[0.62359953, 0.22794287],
        [0.82341592, 0.18278211],
        [0.68074413, 0.41970635],
        [0.83472002, 0.36749615]],

       [[1.        , 0.5       ],
        [0.83472002, 0.36749615],
        [1.        , 0.25      ],
        [0.82341592, 0.18278211]],

       [[0.62359953, 0.22794287],
        [0.5       , 0.        ],
        [0.82341592, 0.18278211],
        [0.75      , 0.        ]]]),
                         'tri': array([[[0.82341592, 0.18278211],
        [0.75      , 0.        ],
        [1.        , 0.        ]],

       [[0.82341592, 0.18278211],
        [1.        , 0.        ],
        [1.        , 0.25      ]]])},
                'spts_curved': {'quad': array([False, False, False, False, False, False, False]),
                                'tri': array([False, False])},
                'spts_nodes': {'quad': array([[26, 29, 27, 31],
       [22, 21, 31, 27],
       [10, 28, 30, 29],
       [ 6, 26, 21, 27],
       [26, 16, 29, 30],
       [10, 30,  9, 16],
       [26,  6, 16,  7]]),
                               'tri': array([[16,  7,  8],
       [16,  8,  9]])}})
[Rank 2] Base totals  →  elems=30 conn-rows=112
[Rank 2] Base totals  →  elems=30 conn-rows=112
[Rank 2] Base totals  →  elems=30 conn-rows=112
[Rank 2] Base totals  →  elems=30 conn-rows=112
[Rank 2] Base totals  →  elems=30 conn-rows=112
[Rank 2] Base totals  →  elems=30 conn-rows=112
[Rank 2] Base totals  →  elems=30 conn-rows=112
[Rank 2] Base totals  →  elems=30 conn-rows=112
[Rank 2] Base totals  →  elems=30 conn-rows=112
[Rank 2] Base totals  →  elems=30 conn-rows=112
[Rank 2] Base totals  →  elems=30 conn-rows=112
[Rank 2] Base totals  →  elems=30 conn-rows=112
[Rank 2] Base totals  →  elems=30 conn-rows=112
[Rank 2] Base totals  →  elems=30 conn-rows=112
[Rank 2] SubMesh(etypes=['quad', 'tri'],
        eidxs_base={'quad': array([ 1,  2, 15, 17,  3, 10, 16]),
                    'tri': array([2, 7])},
        eidxs={'quad': array([ 1,  2, 15, 17,  3, 10, 16]),
               'tri': array([2, 7])},
        con={'quad': array([[[ 2,  1,  3,  3],
        [ 0,  1, 12,  1],
        [ 2,  1,  2,  2],
        [ 2,  1, 17,  1]],

       [[ 1,  1, 20,  2],
        [ 2,  1, 17,  2],
        [ 2,  1,  1,  2],
        [ 1,  1,  6,  0]],

       [[ 0,  1,  0,  1],
        [ 0,  1, 12,  2],
        [ 2,  1,  3,  2],
        [ 2,  1, 10,  0]],

       [[ 2,  1, 16,  0],
        [ 2,  1,  1,  3],
        [ 2,  1,  2,  1],
        [ 1,  1, 11,  0]],

       [[ 2,  1, 16,  3],
        [ 2,  1, 10,  1],
        [ 2,  1, 15,  2],
        [ 2,  1,  1,  0]],

       [[ 2,  1, 15,  3],
        [ 2,  1,  3,  1],
        [ 2,  0,  7,  2],
        [-1, -1, -1,  2]],

       [[ 2,  1, 17,  0],
        [-1, -1, -1,  0],
        [ 2,  0,  2,  0],
        [ 2,  1,  3,  0]]]),
             'tri': array([[[ 2,  1, 16,  2],
        [-1, -1, -1,  0],
        [ 2,  0,  7,  0]],

       [[ 2,  0,  2,  2],
        [-1, -1, -1,  2],
        [ 2,  1, 10,  2]]])},
        conn=array([[ 0,  2,  0,  2,  1, 16,  2],
       [ 0,  2,  1, -1, -1, -1,  0],
       [ 0,  2,  2,  2,  0,  7,  0],
       [ 0,  7,  0,  2,  0,  2,  2],
       [ 0,  7,  1, -1, -1, -1,  2],
       [ 0,  7,  2,  2,  1, 10,  2],
       [ 1,  1,  0,  2,  1,  3,  3],
       [ 1,  1,  1,  0,  1, 12,  1],
       [ 1,  1,  2,  2,  1,  2,  2],
       [ 1,  1,  3,  2,  1, 17,  1],
       [ 1,  2,  0,  1,  1, 20,  2],
       [ 1,  2,  1,  2,  1, 17,  2],
       [ 1,  2,  2,  2,  1,  1,  2],
       [ 1,  2,  3,  1,  1,  6,  0],
       [ 1,  3,  0,  2,  1, 16,  3],
       [ 1,  3,  1,  2,  1, 10,  1],
       [ 1,  3,  2,  2,  1, 15,  2],
       [ 1,  3,  3,  2,  1,  1,  0],
       [ 1, 10,  0,  2,  1, 15,  3],
       [ 1, 10,  1,  2,  1,  3,  1],
       [ 1, 10,  2,  2,  0,  7,  2],
       [ 1, 10,  3, -1, -1, -1,  2],
       [ 1, 15,  0,  0,  1,  0,  1],
       [ 1, 15,  1,  0,  1, 12,  2],
       [ 1, 15,  2,  2,  1,  3,  2],
       [ 1, 15,  3,  2,  1, 10,  0],
       [ 1, 16,  0,  2,  1, 17,  0],
       [ 1, 16,  1, -1, -1, -1,  0],
       [ 1, 16,  2,  2,  0,  2,  0],
       [ 1, 16,  3,  2,  1,  3,  0],
       [ 1, 17,  0,  2,  1, 16,  0],
       [ 1, 17,  1,  2,  1,  1,  3],
       [ 1, 17,  2,  2,  1,  2,  1],
       [ 1, 17,  3,  1,  1, 11,  0]]),
        arrays={'spts': {'quad': array([[[0.62359953, 0.22794287],
        [0.68074413, 0.41970635],
        [0.49541325, 0.31519935],
        [0.49592129, 0.49379152]],

       [[0.30641017, 0.41891218],
        [0.36671894, 0.22386365],
        [0.49592129, 0.49379152],
        [0.49541325, 0.31519935]],

       [[1.        , 0.5       ],
        [0.7818017 , 0.58014363],
        [0.83472002, 0.36749615],
        [0.68074413, 0.41970635]],

       [[0.5       , 0.        ],
        [0.62359953, 0.22794287],
        [0.36671894, 0.22386365],
        [0.49541325, 0.31519935]],

       [[0.62359953, 0.22794287],
        [0.82341592, 0.18278211],
        [0.68074413, 0.41970635],
        [0.83472002, 0.36749615]],

       [[1.        , 0.5       ],
        [0.83472002, 0.36749615],
        [1.        , 0.25      ],
        [0.82341592, 0.18278211]],

       [[0.62359953, 0.22794287],
        [0.5       , 0.        ],
        [0.82341592, 0.18278211],
        [0.75      , 0.        ]]]),
                         'tri': array([[[0.82341592, 0.18278211],
        [0.75      , 0.        ],
        [1.        , 0.        ]],

       [[0.82341592, 0.18278211],
        [1.        , 0.        ],
        [1.        , 0.25      ]]])},
                'spts_curved': {'quad': array([False, False, False, False, False, False, False]),
                                'tri': array([False, False])},
                'spts_nodes': {'quad': array([[26, 29, 27, 31],
       [22, 21, 31, 27],
       [10, 28, 30, 29],
       [ 6, 26, 21, 27],
       [26, 16, 29, 30],
       [10, 30,  9, 16],
       [26,  6, 16,  7]]),
                               'tri': array([[16,  7,  8],
       [16,  8,  9]])}})
[Rank 2] Base totals  →  elems=30 conn-rows=112
[Rank 2] SubMesh(etypes=['quad', 'tri'],
        eidxs_base={'quad': array([ 1,  2, 15, 17,  3, 10, 16]),
                    'tri': array([2, 7])},
        eidxs={'quad': array([ 1,  2, 15, 17,  3, 10, 16]),
               'tri': array([2, 7])},
        con={'quad': array([[[ 2,  1,  3,  3],
        [ 0,  1, 12,  1],
        [ 2,  1,  2,  2],
        [ 2,  1, 17,  1]],

       [[ 1,  1, 20,  2],
        [ 2,  1, 17,  2],
        [ 2,  1,  1,  2],
        [ 1,  1,  6,  0]],

       [[ 0,  1,  0,  1],
        [ 0,  1, 12,  2],
        [ 2,  1,  3,  2],
        [ 2,  1, 10,  0]],

       [[ 2,  1, 16,  0],
        [ 2,  1,  1,  3],
        [ 2,  1,  2,  1],
        [ 1,  1, 11,  0]],

       [[ 2,  1, 16,  3],
        [ 2,  1, 10,  1],
        [ 2,  1, 15,  2],
        [ 2,  1,  1,  0]],

       [[ 2,  1, 15,  3],
        [ 2,  1,  3,  1],
        [ 2,  0,  7,  2],
        [-1, -1, -1,  2]],

       [[ 2,  1, 17,  0],
        [-1, -1, -1,  0],
        [ 2,  0,  2,  0],
        [ 2,  1,  3,  0]]]),
             'tri': array([[[ 2,  1, 16,  2],
        [-1, -1, -1,  0],
        [ 2,  0,  7,  0]],

       [[ 2,  0,  2,  2],
        [-1, -1, -1,  2],
        [ 2,  1, 10,  2]]])},
        conn=array([[ 0,  2,  0,  2,  1, 16,  2],
       [ 0,  2,  1, -1, -1, -1,  0],
       [ 0,  2,  2,  2,  0,  7,  0],
       [ 0,  7,  0,  2,  0,  2,  2],
       [ 0,  7,  1, -1, -1, -1,  2],
       [ 0,  7,  2,  2,  1, 10,  2],
       [ 1,  1,  0,  2,  1,  3,  3],
       [ 1,  1,  1,  0,  1, 12,  1],
       [ 1,  1,  2,  2,  1,  2,  2],
       [ 1,  1,  3,  2,  1, 17,  1],
       [ 1,  2,  0,  1,  1, 20,  2],
       [ 1,  2,  1,  2,  1, 17,  2],
       [ 1,  2,  2,  2,  1,  1,  2],
       [ 1,  2,  3,  1,  1,  6,  0],
       [ 1,  3,  0,  2,  1, 16,  3],
       [ 1,  3,  1,  2,  1, 10,  1],
       [ 1,  3,  2,  2,  1, 15,  2],
       [ 1,  3,  3,  2,  1,  1,  0],
       [ 1, 10,  0,  2,  1, 15,  3],
       [ 1, 10,  1,  2,  1,  3,  1],
       [ 1, 10,  2,  2,  0,  7,  2],
       [ 1, 10,  3, -1, -1, -1,  2],
       [ 1, 15,  0,  0,  1,  0,  1],
       [ 1, 15,  1,  0,  1, 12,  2],
       [ 1, 15,  2,  2,  1,  3,  2],
       [ 1, 15,  3,  2,  1, 10,  0],
       [ 1, 16,  0,  2,  1, 17,  0],
       [ 1, 16,  1, -1, -1, -1,  0],
       [ 1, 16,  2,  2,  0,  2,  0],
       [ 1, 16,  3,  2,  1,  3,  0],
       [ 1, 17,  0,  2,  1, 16,  0],
       [ 1, 17,  1,  2,  1,  1,  3],
       [ 1, 17,  2,  2,  1,  2,  1],
       [ 1, 17,  3,  1,  1, 11,  0]]),
        arrays={'spts': {'quad': array([[[0.62359953, 0.22794287],
        [0.68074413, 0.41970635],
        [0.49541325, 0.31519935],
        [0.49592129, 0.49379152]],

       [[0.30641017, 0.41891218],
        [0.36671894, 0.22386365],
        [0.49592129, 0.49379152],
        [0.49541325, 0.31519935]],

       [[1.        , 0.5       ],
        [0.7818017 , 0.58014363],
        [0.83472002, 0.36749615],
        [0.68074413, 0.41970635]],

       [[0.5       , 0.        ],
        [0.62359953, 0.22794287],
        [0.36671894, 0.22386365],
        [0.49541325, 0.31519935]],

       [[0.62359953, 0.22794287],
        [0.82341592, 0.18278211],
        [0.68074413, 0.41970635],
        [0.83472002, 0.36749615]],

       [[1.        , 0.5       ],
        [0.83472002, 0.36749615],
        [1.        , 0.25      ],
        [0.82341592, 0.18278211]],

       [[0.62359953, 0.22794287],
        [0.5       , 0.        ],
        [0.82341592, 0.18278211],
        [0.75      , 0.        ]]]),
                         'tri': array([[[0.82341592, 0.18278211],
        [0.75      , 0.        ],
        [1.        , 0.        ]],

       [[0.82341592, 0.18278211],
        [1.        , 0.        ],
        [1.        , 0.25      ]]])},
                'spts_curved': {'quad': array([False, False, False, False, False, False, False]),
                                'tri': array([False, False])},
                'spts_nodes': {'quad': array([[26, 29, 27, 31],
       [22, 21, 31, 27],
       [10, 28, 30, 29],
       [ 6, 26, 21, 27],
       [26, 16, 29, 30],
       [10, 30,  9, 16],
       [26,  6, 16,  7]]),
                               'tri': array([[16,  7,  8],
       [16,  8,  9]])}})
[Rank 2] Base totals  →  elems=30 conn-rows=112
[Rank 2] SubMesh(etypes=['quad', 'tri'],
        eidxs_base={'quad': array([ 1,  2, 15, 17,  3, 10, 16]),
                    'tri': array([2, 7])},
        eidxs={'quad': array([ 1,  2, 15, 17,  3, 10, 16]),
               'tri': array([2, 7])},
        con={'quad': array([[[ 2,  1,  3,  3],
        [ 0,  1, 12,  1],
        [ 2,  1,  2,  2],
        [ 2,  1, 17,  1]],

       [[ 1,  1, 20,  2],
        [ 2,  1, 17,  2],
        [ 2,  1,  1,  2],
        [ 1,  1,  6,  0]],

       [[ 0,  1,  0,  1],
        [ 0,  1, 12,  2],
        [ 2,  1,  3,  2],
        [ 2,  1, 10,  0]],

       [[ 2,  1, 16,  0],
        [ 2,  1,  1,  3],
        [ 2,  1,  2,  1],
        [ 1,  1, 11,  0]],

       [[ 2,  1, 16,  3],
        [ 2,  1, 10,  1],
        [ 2,  1, 15,  2],
        [ 2,  1,  1,  0]],

       [[ 2,  1, 15,  3],
        [ 2,  1,  3,  1],
        [ 2,  0,  7,  2],
        [-1, -1, -1,  2]],

       [[ 2,  1, 17,  0],
        [-1, -1, -1,  0],
        [ 2,  0,  2,  0],
        [ 2,  1,  3,  0]]]),
             'tri': array([[[ 2,  1, 16,  2],
        [-1, -1, -1,  0],
        [ 2,  0,  7,  0]],

       [[ 2,  0,  2,  2],
        [-1, -1, -1,  2],
        [ 2,  1, 10,  2]]])},
        conn=array([[ 0,  2,  0,  2,  1, 16,  2],
       [ 0,  2,  1, -1, -1, -1,  0],
       [ 0,  2,  2,  2,  0,  7,  0],
       [ 0,  7,  0,  2,  0,  2,  2],
       [ 0,  7,  1, -1, -1, -1,  2],
       [ 0,  7,  2,  2,  1, 10,  2],
       [ 1,  1,  0,  2,  1,  3,  3],
       [ 1,  1,  1,  0,  1, 12,  1],
       [ 1,  1,  2,  2,  1,  2,  2],
       [ 1,  1,  3,  2,  1, 17,  1],
       [ 1,  2,  0,  1,  1, 20,  2],
       [ 1,  2,  1,  2,  1, 17,  2],
       [ 1,  2,  2,  2,  1,  1,  2],
       [ 1,  2,  3,  1,  1,  6,  0],
       [ 1,  3,  0,  2,  1, 16,  3],
       [ 1,  3,  1,  2,  1, 10,  1],
       [ 1,  3,  2,  2,  1, 15,  2],
       [ 1,  3,  3,  2,  1,  1,  0],
       [ 1, 10,  0,  2,  1, 15,  3],
       [ 1, 10,  1,  2,  1,  3,  1],
       [ 1, 10,  2,  2,  0,  7,  2],
       [ 1, 10,  3, -1, -1, -1,  2],
       [ 1, 15,  0,  0,  1,  0,  1],
       [ 1, 15,  1,  0,  1, 12,  2],
       [ 1, 15,  2,  2,  1,  3,  2],
       [ 1, 15,  3,  2,  1, 10,  0],
       [ 1, 16,  0,  2,  1, 17,  0],
       [ 1, 16,  1, -1, -1, -1,  0],
       [ 1, 16,  2,  2,  0,  2,  0],
       [ 1, 16,  3,  2,  1,  3,  0],
       [ 1, 17,  0,  2,  1, 16,  0],
       [ 1, 17,  1,  2,  1,  1,  3],
       [ 1, 17,  2,  2,  1,  2,  1],
       [ 1, 17,  3,  1,  1, 11,  0]]))
[Rank 2] Base totals  →  elems=30 conn-rows=112
[Rank 2] SubMesh(etypes=['quad', 'tri'],
        eidxs_base={'quad': array([ 1,  2, 15, 17,  3, 10, 16]),
                    'tri': array([2, 7])},
        eidxs={'quad': array([ 1,  2, 15, 17,  3, 10, 16]),
               'tri': array([2, 7])},
        con={'quad': array([[[ 2,  1,  3,  3],
        [ 0,  1, 12,  1],
        [ 2,  1,  2,  2],
        [ 2,  1, 17,  1]],

       [[ 1,  1, 20,  2],
        [ 2,  1, 17,  2],
        [ 2,  1,  1,  2],
        [ 1,  1,  6,  0]],

       [[ 0,  1,  0,  1],
        [ 0,  1, 12,  2],
        [ 2,  1,  3,  2],
        [ 2,  1, 10,  0]],

       [[ 2,  1, 16,  0],
        [ 2,  1,  1,  3],
        [ 2,  1,  2,  1],
        [ 1,  1, 11,  0]],

       [[ 2,  1, 16,  3],
        [ 2,  1, 10,  1],
        [ 2,  1, 15,  2],
        [ 2,  1,  1,  0]],

       [[ 2,  1, 15,  3],
        [ 2,  1,  3,  1],
        [ 2,  0,  7,  2],
        [-1, -1, -1,  2]],

       [[ 2,  1, 17,  0],
        [-1, -1, -1,  0],
        [ 2,  0,  2,  0],
        [ 2,  1,  3,  0]]]),
             'tri': array([[[ 2,  1, 16,  2],
        [-1, -1, -1,  0],
        [ 2,  0,  7,  0]],

       [[ 2,  0,  2,  2],
        [-1, -1, -1,  2],
        [ 2,  1, 10,  2]]])},
        conn=array([[ 0,  2,  0,  2,  1, 16,  2],
       [ 0,  2,  1, -1, -1, -1,  0],
       [ 0,  2,  2,  2,  0,  7,  0],
       [ 0,  7,  0,  2,  0,  2,  2],
       [ 0,  7,  1, -1, -1, -1,  2],
       [ 0,  7,  2,  2,  1, 10,  2],
       [ 1,  1,  0,  2,  1,  3,  3],
       [ 1,  1,  1,  0,  1, 12,  1],
       [ 1,  1,  2,  2,  1,  2,  2],
       [ 1,  1,  3,  2,  1, 17,  1],
       [ 1,  2,  0,  1,  1, 20,  2],
       [ 1,  2,  1,  2,  1, 17,  2],
       [ 1,  2,  2,  2,  1,  1,  2],
       [ 1,  2,  3,  1,  1,  6,  0],
       [ 1,  3,  0,  2,  1, 16,  3],
       [ 1,  3,  1,  2,  1, 10,  1],
       [ 1,  3,  2,  2,  1, 15,  2],
       [ 1,  3,  3,  2,  1,  1,  0],
       [ 1, 10,  0,  2,  1, 15,  3],
       [ 1, 10,  1,  2,  1,  3,  1],
       [ 1, 10,  2,  2,  0,  7,  2],
       [ 1, 10,  3, -1, -1, -1,  2],
       [ 1, 15,  0,  0,  1,  0,  1],
       [ 1, 15,  1,  0,  1, 12,  2],
       [ 1, 15,  2,  2,  1,  3,  2],
       [ 1, 15,  3,  2,  1, 10,  0],
       [ 1, 16,  0,  2,  1, 17,  0],
       [ 1, 16,  1, -1, -1, -1,  0],
       [ 1, 16,  2,  2,  0,  2,  0],
       [ 1, 16,  3,  2,  1,  3,  0],
       [ 1, 17,  0,  2,  1, 16,  0],
       [ 1, 17,  1,  2,  1,  1,  3],
       [ 1, 17,  2,  2,  1,  2,  1],
       [ 1, 17,  3,  1,  1, 11,  0]]),
        arrays={})
[Rank 2] Base totals  →  elems=30 conn-rows=112
[Rank 2] SubMesh(etypes=['quad', 'tri'],
        eidxs_base={'quad': array([ 1,  2, 15, 17,  3, 10, 16]),
                    'tri': array([2, 7])},
        eidxs={'quad': array([ 1,  2, 15, 17,  3, 10, 16]),
               'tri': array([2, 7])},
        con={'quad': array([[[ 2,  1,  3,  3],
        [ 0,  1, 12,  1],
        [ 2,  1,  2,  2],
        [ 2,  1, 17,  1]],

       [[ 1,  1, 20,  2],
        [ 2,  1, 17,  2],
        [ 2,  1,  1,  2],
        [ 1,  1,  6,  0]],

       [[ 0,  1,  0,  1],
        [ 0,  1, 12,  2],
        [ 2,  1,  3,  2],
        [ 2,  1, 10,  0]],

       [[ 2,  1, 16,  0],
        [ 2,  1,  1,  3],
        [ 2,  1,  2,  1],
        [ 1,  1, 11,  0]],

       [[ 2,  1, 16,  3],
        [ 2,  1, 10,  1],
        [ 2,  1, 15,  2],
        [ 2,  1,  1,  0]],

       [[ 2,  1, 15,  3],
        [ 2,  1,  3,  1],
        [ 2,  0,  7,  2],
        [-1, -1, -1,  2]],

       [[ 2,  1, 17,  0],
        [-1, -1, -1,  0],
        [ 2,  0,  2,  0],
        [ 2,  1,  3,  0]]]),
             'tri': array([[[ 2,  1, 16,  2],
        [-1, -1, -1,  0],
        [ 2,  0,  7,  0]],

       [[ 2,  0,  2,  2],
        [-1, -1, -1,  2],
        [ 2,  1, 10,  2]]])},
        conn=array([[ 0,  2,  0,  2,  1, 16,  2],
       [ 0,  2,  1, -1, -1, -1,  0],
       [ 0,  2,  2,  2,  0,  7,  0],
       [ 0,  7,  0,  2,  0,  2,  2],
       [ 0,  7,  1, -1, -1, -1,  2],
       [ 0,  7,  2,  2,  1, 10,  2],
       [ 1,  1,  0,  2,  1,  3,  3],
       [ 1,  1,  1,  0,  1, 12,  1],
       [ 1,  1,  2,  2,  1,  2,  2],
       [ 1,  1,  3,  2,  1, 17,  1],
       [ 1,  2,  0,  1,  1, 20,  2],
       [ 1,  2,  1,  2,  1, 17,  2],
       [ 1,  2,  2,  2,  1,  1,  2],
       [ 1,  2,  3,  1,  1,  6,  0],
       [ 1,  3,  0,  2,  1, 16,  3],
       [ 1,  3,  1,  2,  1, 10,  1],
       [ 1,  3,  2,  2,  1, 15,  2],
       [ 1,  3,  3,  2,  1,  1,  0],
       [ 1, 10,  0,  2,  1, 15,  3],
       [ 1, 10,  1,  2,  1,  3,  1],
       [ 1, 10,  2,  2,  0,  7,  2],
       [ 1, 10,  3, -1, -1, -1,  2],
       [ 1, 15,  0,  0,  1,  0,  1],
       [ 1, 15,  1,  0,  1, 12,  2],
       [ 1, 15,  2,  2,  1,  3,  2],
       [ 1, 15,  3,  2,  1, 10,  0],
       [ 1, 16,  0,  2,  1, 17,  0],
       [ 1, 16,  1, -1, -1, -1,  0],
       [ 1, 16,  2,  2,  0,  2,  0],
       [ 1, 16,  3,  2,  1,  3,  0],
       [ 1, 17,  0,  2,  1, 16,  0],
       [ 1, 17,  1,  2,  1,  1,  3],
       [ 1, 17,  2,  2,  1,  2,  1],
       [ 1, 17,  3,  1,  1, 11,  0]]),
        arrays={})
[Rank 2] Base totals  →  elems=30 conn-rows=112
[Rank 2] SubMesh(etypes=['quad', 'tri'],
        eidxs_base={'quad': array([ 1,  2, 15, 17,  3, 10, 16]),
                    'tri': array([2, 7])},
        eidxs={'quad': array([ 1,  2, 15, 17,  3, 10, 16]),
               'tri': array([2, 7])},
        con={'quad': array([[[ 2,  1,  3,  3],
        [ 0,  1, 12,  1],
        [ 2,  1,  2,  2],
        [ 2,  1, 17,  1]],

       [[ 1,  1, 20,  2],
        [ 2,  1, 17,  2],
        [ 2,  1,  1,  2],
        [ 1,  1,  6,  0]],

       [[ 0,  1,  0,  1],
        [ 0,  1, 12,  2],
        [ 2,  1,  3,  2],
        [ 2,  1, 10,  0]],

       [[ 2,  1, 16,  0],
        [ 2,  1,  1,  3],
        [ 2,  1,  2,  1],
        [ 1,  1, 11,  0]],

       [[ 2,  1, 16,  3],
        [ 2,  1, 10,  1],
        [ 2,  1, 15,  2],
        [ 2,  1,  1,  0]],

       [[ 2,  1, 15,  3],
        [ 2,  1,  3,  1],
        [ 2,  0,  7,  2],
        [-1, -1, -1,  2]],

       [[ 2,  1, 17,  0],
        [-1, -1, -1,  0],
        [ 2,  0,  2,  0],
        [ 2,  1,  3,  0]]]),
             'tri': array([[[ 2,  1, 16,  2],
        [-1, -1, -1,  0],
        [ 2,  0,  7,  0]],

       [[ 2,  0,  2,  2],
        [-1, -1, -1,  2],
        [ 2,  1, 10,  2]]])},
        conn=array([[ 0,  2,  0,  2,  1, 16,  2],
       [ 0,  2,  1, -1, -1, -1,  0],
       [ 0,  2,  2,  2,  0,  7,  0],
       [ 0,  7,  0,  2,  0,  2,  2],
       [ 0,  7,  1, -1, -1, -1,  2],
       [ 0,  7,  2,  2,  1, 10,  2],
       [ 1,  1,  0,  2,  1,  3,  3],
       [ 1,  1,  1,  0,  1, 12,  1],
       [ 1,  1,  2,  2,  1,  2,  2],
       [ 1,  1,  3,  2,  1, 17,  1],
       [ 1,  2,  0,  1,  1, 20,  2],
       [ 1,  2,  1,  2,  1, 17,  2],
       [ 1,  2,  2,  2,  1,  1,  2],
       [ 1,  2,  3,  1,  1,  6,  0],
       [ 1,  3,  0,  2,  1, 16,  3],
       [ 1,  3,  1,  2,  1, 10,  1],
       [ 1,  3,  2,  2,  1, 15,  2],
       [ 1,  3,  3,  2,  1,  1,  0],
       [ 1, 10,  0,  2,  1, 15,  3],
       [ 1, 10,  1,  2,  1,  3,  1],
       [ 1, 10,  2,  2,  0,  7,  2],
       [ 1, 10,  3, -1, -1, -1,  2],
       [ 1, 15,  0,  0,  1,  0,  1],
       [ 1, 15,  1,  0,  1, 12,  2],
       [ 1, 15,  2,  2,  1,  3,  2],
       [ 1, 15,  3,  2,  1, 10,  0],
       [ 1, 16,  0,  2,  1, 17,  0],
       [ 1, 16,  1, -1, -1, -1,  0],
       [ 1, 16,  2,  2,  0,  2,  0],
       [ 1, 16,  3,  2,  1,  3,  0],
       [ 1, 17,  0,  2,  1, 16,  0],
       [ 1, 17,  1,  2,  1,  1,  3],
       [ 1, 17,  2,  2,  1,  2,  1],
       [ 1, 17,  3,  1,  1, 11,  0]]),
        arrays={})
[Rank 2] Base totals  →  elems=30 conn-rows=112
[Rank 2] SubMesh(etypes=['quad', 'tri'],
        eidxs_base={'quad': array([ 1,  2, 15, 17,  3, 10, 16]),
                    'tri': array([2, 7])},
        eidxs={'quad': array([ 1,  2, 15, 17,  3, 10, 16]),
               'tri': array([2, 7])},
        con={'quad': array([[[ 2,  1,  3,  3],
        [ 0,  1, 12,  1],
        [ 2,  1,  2,  2],
        [ 2,  1, 17,  1]],

       [[ 1,  1, 20,  2],
        [ 2,  1, 17,  2],
        [ 2,  1,  1,  2],
        [ 1,  1,  6,  0]],

       [[ 0,  1,  0,  1],
        [ 0,  1, 12,  2],
        [ 2,  1,  3,  2],
        [ 2,  1, 10,  0]],

       [[ 2,  1, 16,  0],
        [ 2,  1,  1,  3],
        [ 2,  1,  2,  1],
        [ 1,  1, 11,  0]],

       [[ 2,  1, 16,  3],
        [ 2,  1, 10,  1],
        [ 2,  1, 15,  2],
        [ 2,  1,  1,  0]],

       [[ 2,  1, 15,  3],
        [ 2,  1,  3,  1],
        [ 2,  0,  7,  2],
        [-1, -1, -1,  2]],

       [[ 2,  1, 17,  0],
        [-1, -1, -1,  0],
        [ 2,  0,  2,  0],
        [ 2,  1,  3,  0]]]),
             'tri': array([[[ 2,  1, 16,  2],
        [-1, -1, -1,  0],
        [ 2,  0,  7,  0]],

       [[ 2,  0,  2,  2],
        [-1, -1, -1,  2],
        [ 2,  1, 10,  2]]])},
        conn=array([[ 0,  2,  0,  2,  1, 16,  2],
       [ 0,  2,  1, -1, -1, -1,  0],
       [ 0,  2,  2,  2,  0,  7,  0],
       [ 0,  7,  0,  2,  0,  2,  2],
       [ 0,  7,  1, -1, -1, -1,  2],
       [ 0,  7,  2,  2,  1, 10,  2],
       [ 1,  1,  0,  2,  1,  3,  3],
       [ 1,  1,  1,  0,  1, 12,  1],
       [ 1,  1,  2,  2,  1,  2,  2],
       [ 1,  1,  3,  2,  1, 17,  1],
       [ 1,  2,  0,  1,  1, 20,  2],
       [ 1,  2,  1,  2,  1, 17,  2],
       [ 1,  2,  2,  2,  1,  1,  2],
       [ 1,  2,  3,  1,  1,  6,  0],
       [ 1,  3,  0,  2,  1, 16,  3],
       [ 1,  3,  1,  2,  1, 10,  1],
       [ 1,  3,  2,  2,  1, 15,  2],
       [ 1,  3,  3,  2,  1,  1,  0],
       [ 1, 10,  0,  2,  1, 15,  3],
       [ 1, 10,  1,  2,  1,  3,  1],
       [ 1, 10,  2,  2,  0,  7,  2],
       [ 1, 10,  3, -1, -1, -1,  2],
       [ 1, 15,  0,  0,  1,  0,  1],
       [ 1, 15,  1,  0,  1, 12,  2],
       [ 1, 15,  2,  2,  1,  3,  2],
       [ 1, 15,  3,  2,  1, 10,  0],
       [ 1, 16,  0,  2,  1, 17,  0],
       [ 1, 16,  1, -1, -1, -1,  0],
       [ 1, 16,  2,  2,  0,  2,  0],
       [ 1, 16,  3,  2,  1,  3,  0],
       [ 1, 17,  0,  2,  1, 16,  0],
       [ 1, 17,  1,  2,  1,  1,  3],
       [ 1, 17,  2,  2,  1,  2,  1],
       [ 1, 17,  3,  1,  1, 11,  0]]),
        arrays={})
[Rank 2] Base totals  →  elems=30 conn-rows=112
[Rank 2] SubMesh(etypes=['quad', 'tri'],
        eidxs_base={'quad': array([ 1,  2, 15, 17,  3, 10, 16]),
                    'tri': array([2, 7])},
        eidxs={'quad': array([ 1,  2, 15, 17,  3, 10, 16]),
               'tri': array([2, 7])},
        con={'quad': array([[[ 2,  1,  3,  3],
        [ 0,  1, 12,  1],
        [ 2,  1,  2,  2],
        [ 2,  1, 17,  1]],

       [[ 1,  1, 20,  2],
        [ 2,  1, 17,  2],
        [ 2,  1,  1,  2],
        [ 1,  1,  6,  0]],

       [[ 0,  1,  0,  1],
        [ 0,  1, 12,  2],
        [ 2,  1,  3,  2],
        [ 2,  1, 10,  0]],

       [[ 2,  1, 16,  0],
        [ 2,  1,  1,  3],
        [ 2,  1,  2,  1],
        [ 1,  1, 11,  0]],

       [[ 2,  1, 16,  3],
        [ 2,  1, 10,  1],
        [ 2,  1, 15,  2],
        [ 2,  1,  1,  0]],

       [[ 2,  1, 15,  3],
        [ 2,  1,  3,  1],
        [ 2,  0,  7,  2],
        [-1, -1, -1,  2]],

       [[ 2,  1, 17,  0],
        [-1, -1, -1,  0],
        [ 2,  0,  2,  0],
        [ 2,  1,  3,  0]]]),
             'tri': array([[[ 2,  1, 16,  2],
        [-1, -1, -1,  0],
        [ 2,  0,  7,  0]],

       [[ 2,  0,  2,  2],
        [-1, -1, -1,  2],
        [ 2,  1, 10,  2]]])},
        conn=array([[ 0,  2,  0,  2,  1, 16,  2],
       [ 0,  2,  1, -1, -1, -1,  0],
       [ 0,  2,  2,  2,  0,  7,  0],
       [ 0,  7,  0,  2,  0,  2,  2],
       [ 0,  7,  1, -1, -1, -1,  2],
       [ 0,  7,  2,  2,  1, 10,  2],
       [ 1,  1,  0,  2,  1,  3,  3],
       [ 1,  1,  1,  0,  1, 12,  1],
       [ 1,  1,  2,  2,  1,  2,  2],
       [ 1,  1,  3,  2,  1, 17,  1],
       [ 1,  2,  0,  1,  1, 20,  2],
       [ 1,  2,  1,  2,  1, 17,  2],
       [ 1,  2,  2,  2,  1,  1,  2],
       [ 1,  2,  3,  1,  1,  6,  0],
       [ 1,  3,  0,  2,  1, 16,  3],
       [ 1,  3,  1,  2,  1, 10,  1],
       [ 1,  3,  2,  2,  1, 15,  2],
       [ 1,  3,  3,  2,  1,  1,  0],
       [ 1, 10,  0,  2,  1, 15,  3],
       [ 1, 10,  1,  2,  1,  3,  1],
       [ 1, 10,  2,  2,  0,  7,  2],
       [ 1, 10,  3, -1, -1, -1,  2],
       [ 1, 15,  0,  0,  1,  0,  1],
       [ 1, 15,  1,  0,  1, 12,  2],
       [ 1, 15,  2,  2,  1,  3,  2],
       [ 1, 15,  3,  2,  1, 10,  0],
       [ 1, 16,  0,  2,  1, 17,  0],
       [ 1, 16,  1, -1, -1, -1,  0],
       [ 1, 16,  2,  2,  0,  2,  0],
       [ 1, 16,  3,  2,  1,  3,  0],
       [ 1, 17,  0,  2,  1, 16,  0],
       [ 1, 17,  1,  2,  1,  1,  3],
       [ 1, 17,  2,  2,  1,  2,  1],
       [ 1, 17,  3,  1,  1, 11,  0]]),
        arrays={})
[Rank 2] Base totals  →  elems=30 conn-rows=112
[Rank 2] SubMesh(etypes=['quad', 'tri'],
        eidxs_base={'quad': array([ 1,  2, 15, 17,  3, 10, 16]),
                    'tri': array([2, 7])},
        eidxs={'quad': array([ 1,  2, 15, 17,  3, 10, 16]),
               'tri': array([2, 7])},
        con={'quad': array([[[ 2,  1,  3,  3],
        [ 0,  1, 12,  1],
        [ 2,  1,  2,  2],
        [ 2,  1, 17,  1]],

       [[ 1,  1, 20,  2],
        [ 2,  1, 17,  2],
        [ 2,  1,  1,  2],
        [ 1,  1,  6,  0]],

       [[ 0,  1,  0,  1],
        [ 0,  1, 12,  2],
        [ 2,  1,  3,  2],
        [ 2,  1, 10,  0]],

       [[ 2,  1, 16,  0],
        [ 2,  1,  1,  3],
        [ 2,  1,  2,  1],
        [ 1,  1, 11,  0]],

       [[ 2,  1, 16,  3],
        [ 2,  1, 10,  1],
        [ 2,  1, 15,  2],
        [ 2,  1,  1,  0]],

       [[ 2,  1, 15,  3],
        [ 2,  1,  3,  1],
        [ 2,  0,  7,  2],
        [-1, -1, -1,  2]],

       [[ 2,  1, 17,  0],
        [-1, -1, -1,  0],
        [ 2,  0,  2,  0],
        [ 2,  1,  3,  0]]]),
             'tri': array([[[ 2,  1, 16,  2],
        [-1, -1, -1,  0],
        [ 2,  0,  7,  0]],

       [[ 2,  0,  2,  2],
        [-1, -1, -1,  2],
        [ 2,  1, 10,  2]]])},
        conn=array([[ 0,  2,  0,  2,  1, 16,  2],
       [ 0,  2,  1, -1, -1, -1,  0],
       [ 0,  2,  2,  2,  0,  7,  0],
       [ 0,  7,  0,  2,  0,  2,  2],
       [ 0,  7,  1, -1, -1, -1,  2],
       [ 0,  7,  2,  2,  1, 10,  2],
       [ 1,  1,  0,  2,  1,  3,  3],
       [ 1,  1,  1,  0,  1, 12,  1],
       [ 1,  1,  2,  2,  1,  2,  2],
       [ 1,  1,  3,  2,  1, 17,  1],
       [ 1,  2,  0,  1,  1, 20,  2],
       [ 1,  2,  1,  2,  1, 17,  2],
       [ 1,  2,  2,  2,  1,  1,  2],
       [ 1,  2,  3,  1,  1,  6,  0],
       [ 1,  3,  0,  2,  1, 16,  3],
       [ 1,  3,  1,  2,  1, 10,  1],
       [ 1,  3,  2,  2,  1, 15,  2],
       [ 1,  3,  3,  2,  1,  1,  0],
       [ 1, 10,  0,  2,  1, 15,  3],
       [ 1, 10,  1,  2,  1,  3,  1],
       [ 1, 10,  2,  2,  0,  7,  2],
       [ 1, 10,  3, -1, -1, -1,  2],
       [ 1, 15,  0,  0,  1,  0,  1],
       [ 1, 15,  1,  0,  1, 12,  2],
       [ 1, 15,  2,  2,  1,  3,  2],
       [ 1, 15,  3,  2,  1, 10,  0],
       [ 1, 16,  0,  2,  1, 17,  0],
       [ 1, 16,  1, -1, -1, -1,  0],
       [ 1, 16,  2,  2,  0,  2,  0],
       [ 1, 16,  3,  2,  1,  3,  0],
       [ 1, 17,  0,  2,  1, 16,  0],
       [ 1, 17,  1,  2,  1,  1,  3],
       [ 1, 17,  2,  2,  1,  2,  1],
       [ 1, 17,  3,  1,  1, 11,  0]]),
        arrays={})
[Rank 2] Base totals  →  elems=30 conn-rows=112
[Rank 2] SubMesh(etypes=['quad', 'tri'],
        eidxs_base={'quad': array([ 1,  2, 15, 17,  3, 10, 16]),
                    'tri': array([2, 7])},
        eidxs={'quad': array([ 1,  2, 15, 17,  3, 10, 16]),
               'tri': array([2, 7])},
        con={'quad': array([[[ 2,  1,  3,  3],
        [ 0,  1, 12,  1],
        [ 2,  1,  2,  2],
        [ 2,  1, 17,  1]],

       [[ 1,  1, 20,  2],
        [ 2,  1, 17,  2],
        [ 2,  1,  1,  2],
        [ 1,  1,  6,  0]],

       [[ 0,  1,  0,  1],
        [ 0,  1, 12,  2],
        [ 2,  1,  3,  2],
        [ 2,  1, 10,  0]],

       [[ 2,  1, 16,  0],
        [ 2,  1,  1,  3],
        [ 2,  1,  2,  1],
        [ 1,  1, 11,  0]],

       [[ 2,  1, 16,  3],
        [ 2,  1, 10,  1],
        [ 2,  1, 15,  2],
        [ 2,  1,  1,  0]],

       [[ 2,  1, 15,  3],
        [ 2,  1,  3,  1],
        [ 2,  0,  7,  2],
        [-1, -1, -1,  2]],

       [[ 2,  1, 17,  0],
        [-1, -1, -1,  0],
        [ 2,  0,  2,  0],
        [ 2,  1,  3,  0]]]),
             'tri': array([[[ 2,  1, 16,  2],
        [-1, -1, -1,  0],
        [ 2,  0,  7,  0]],

       [[ 2,  0,  2,  2],
        [-1, -1, -1,  2],
        [ 2,  1, 10,  2]]])},
        conn=array([[ 0,  2,  0,  2,  1, 16,  2],
       [ 0,  2,  1, -1, -1, -1,  0],
       [ 0,  2,  2,  2,  0,  7,  0],
       [ 0,  7,  0,  2,  0,  2,  2],
       [ 0,  7,  1, -1, -1, -1,  2],
       [ 0,  7,  2,  2,  1, 10,  2],
       [ 1,  1,  0,  2,  1,  3,  3],
       [ 1,  1,  1,  0,  1, 12,  1],
       [ 1,  1,  2,  2,  1,  2,  2],
       [ 1,  1,  3,  2,  1, 17,  1],
       [ 1,  2,  0,  1,  1, 20,  2],
       [ 1,  2,  1,  2,  1, 17,  2],
       [ 1,  2,  2,  2,  1,  1,  2],
       [ 1,  2,  3,  1,  1,  6,  0],
       [ 1,  3,  0,  2,  1, 16,  3],
       [ 1,  3,  1,  2,  1, 10,  1],
       [ 1,  3,  2,  2,  1, 15,  2],
       [ 1,  3,  3,  2,  1,  1,  0],
       [ 1, 10,  0,  2,  1, 15,  3],
       [ 1, 10,  1,  2,  1,  3,  1],
       [ 1, 10,  2,  2,  0,  7,  2],
       [ 1, 10,  3, -1, -1, -1,  2],
       [ 1, 15,  0,  0,  1,  0,  1],
       [ 1, 15,  1,  0,  1, 12,  2],
       [ 1, 15,  2,  2,  1,  3,  2],
       [ 1, 15,  3,  2,  1, 10,  0],
       [ 1, 16,  0,  2,  1, 17,  0],
       [ 1, 16,  1, -1, -1, -1,  0],
       [ 1, 16,  2,  2,  0,  2,  0],
       [ 1, 16,  3,  2,  1,  3,  0],
       [ 1, 17,  0,  2,  1, 16,  0],
       [ 1, 17,  1,  2,  1,  1,  3],
       [ 1, 17,  2,  2,  1,  2,  1],
       [ 1, 17,  3,  1,  1, 11,  0]]),
        arrays={})
[Rank 2] Base totals  →  elems=30 conn-rows=112
[Rank 2] SubMesh(etypes=['quad', 'tri'],
        eidxs_base={'quad': array([ 1,  2, 15, 17,  3, 10, 16]),
                    'tri': array([2, 7])},
        eidxs={'quad': array([ 1,  2, 15, 17,  3, 10, 16]),
               'tri': array([2, 7])},
        con={'quad': array([[[ 2,  1,  3,  3],
        [ 0,  1, 12,  1],
        [ 2,  1,  2,  2],
        [ 2,  1, 17,  1]],

       [[ 1,  1, 20,  2],
        [ 2,  1, 17,  2],
        [ 2,  1,  1,  2],
        [ 1,  1,  6,  0]],

       [[ 0,  1,  0,  1],
        [ 0,  1, 12,  2],
        [ 2,  1,  3,  2],
        [ 2,  1, 10,  0]],

       [[ 2,  1, 16,  0],
        [ 2,  1,  1,  3],
        [ 2,  1,  2,  1],
        [ 1,  1, 11,  0]],

       [[ 2,  1, 16,  3],
        [ 2,  1, 10,  1],
        [ 2,  1, 15,  2],
        [ 2,  1,  1,  0]],

       [[ 2,  1, 15,  3],
        [ 2,  1,  3,  1],
        [ 2,  0,  7,  2],
        [-1, -1, -1,  2]],

       [[ 2,  1, 17,  0],
        [-1, -1, -1,  0],
        [ 2,  0,  2,  0],
        [ 2,  1,  3,  0]]]),
             'tri': array([[[ 2,  1, 16,  2],
        [-1, -1, -1,  0],
        [ 2,  0,  7,  0]],

       [[ 2,  0,  2,  2],
        [-1, -1, -1,  2],
        [ 2,  1, 10,  2]]])},
        conn=array([[ 0,  2,  0,  2,  1, 16,  2],
       [ 0,  2,  1, -1, -1, -1,  0],
       [ 0,  2,  2,  2,  0,  7,  0],
       [ 0,  7,  0,  2,  0,  2,  2],
       [ 0,  7,  1, -1, -1, -1,  2],
       [ 0,  7,  2,  2,  1, 10,  2],
       [ 1,  1,  0,  2,  1,  3,  3],
       [ 1,  1,  1,  0,  1, 12,  1],
       [ 1,  1,  2,  2,  1,  2,  2],
       [ 1,  1,  3,  2,  1, 17,  1],
       [ 1,  2,  0,  1,  1, 20,  2],
       [ 1,  2,  1,  2,  1, 17,  2],
       [ 1,  2,  2,  2,  1,  1,  2],
       [ 1,  2,  3,  1,  1,  6,  0],
       [ 1,  3,  0,  2,  1, 16,  3],
       [ 1,  3,  1,  2,  1, 10,  1],
       [ 1,  3,  2,  2,  1, 15,  2],
       [ 1,  3,  3,  2,  1,  1,  0],
       [ 1, 10,  0,  2,  1, 15,  3],
       [ 1, 10,  1,  2,  1,  3,  1],
       [ 1, 10,  2,  2,  0,  7,  2],
       [ 1, 10,  3, -1, -1, -1,  2],
       [ 1, 15,  0,  0,  1,  0,  1],
       [ 1, 15,  1,  0,  1, 12,  2],
       [ 1, 15,  2,  2,  1,  3,  2],
       [ 1, 15,  3,  2,  1, 10,  0],
       [ 1, 16,  0,  2,  1, 17,  0],
       [ 1, 16,  1, -1, -1, -1,  0],
       [ 1, 16,  2,  2,  0,  2,  0],
       [ 1, 16,  3,  2,  1,  3,  0],
       [ 1, 17,  0,  2,  1, 16,  0],
       [ 1, 17,  1,  2,  1,  1,  3],
       [ 1, 17,  2,  2,  1,  2,  1],
       [ 1, 17,  3,  1,  1, 11,  0]]),
        arrays={})
[Rank 2] Base totals  →  elems=30 conn-rows=112
[Rank 2] SubMesh(etypes=['quad', 'tri'],
        eidxs_base={'quad': array([ 1,  2, 15, 17,  3, 10, 16]),
                    'tri': array([2, 7])},
        eidxs={'quad': array([ 1,  2, 15, 17,  3, 10, 16]),
               'tri': array([2, 7])},
        con={},
        conn=array([[ 0,  2,  0,  2,  1, 16,  2],
       [ 0,  2,  1, -1, -1, -1,  0],
       [ 0,  2,  2,  2,  0,  7,  0],
       [ 0,  7,  0,  2,  0,  2,  2],
       [ 0,  7,  1, -1, -1, -1,  2],
       [ 0,  7,  2,  2,  1, 10,  2],
       [ 1,  1,  0,  2,  1,  3,  3],
       [ 1,  1,  1,  0,  1, 12,  1],
       [ 1,  1,  2,  2,  1,  2,  2],
       [ 1,  1,  3,  2,  1, 17,  1],
       [ 1,  2,  0,  1,  1, 20,  2],
       [ 1,  2,  1,  2,  1, 17,  2],
       [ 1,  2,  2,  2,  1,  1,  2],
       [ 1,  2,  3,  1,  1,  6,  0],
       [ 1,  3,  0,  2,  1, 16,  3],
       [ 1,  3,  1,  2,  1, 10,  1],
       [ 1,  3,  2,  2,  1, 15,  2],
       [ 1,  3,  3,  2,  1,  1,  0],
       [ 1, 10,  0,  2,  1, 15,  3],
       [ 1, 10,  1,  2,  1,  3,  1],
       [ 1, 10,  2,  2,  0,  7,  2],
       [ 1, 10,  3, -1, -1, -1,  2],
       [ 1, 15,  0,  0,  1,  0,  1],
       [ 1, 15,  1,  0,  1, 12,  2],
       [ 1, 15,  2,  2,  1,  3,  2],
       [ 1, 15,  3,  2,  1, 10,  0],
       [ 1, 16,  0,  2,  1, 17,  0],
       [ 1, 16,  1, -1, -1, -1,  0],
       [ 1, 16,  2,  2,  0,  2,  0],
       [ 1, 16,  3,  2,  1,  3,  0],
       [ 1, 17,  0,  2,  1, 16,  0],
       [ 1, 17,  1,  2,  1,  1,  3],
       [ 1, 17,  2,  2,  1,  2,  1],
       [ 1, 17,  3,  1,  1, 11,  0]]),
        arrays={'con': {'quad': array([[[ 2,  1,  3,  3],
        [ 0,  1, 12,  1],
        [ 2,  1,  2,  2],
        [ 2,  1, 17,  1]],

       [[ 1,  1, 20,  2],
        [ 2,  1, 17,  2],
        [ 2,  1,  1,  2],
        [ 1,  1,  6,  0]],

       [[ 0,  1,  0,  1],
        [ 0,  1, 12,  2],
        [ 2,  1,  3,  2],
        [ 2,  1, 10,  0]],

       [[ 2,  1, 16,  0],
        [ 2,  1,  1,  3],
        [ 2,  1,  2,  1],
        [ 1,  1, 11,  0]],

       [[ 2,  1, 16,  3],
        [ 2,  1, 10,  1],
        [ 2,  1, 15,  2],
        [ 2,  1,  1,  0]],

       [[ 2,  1, 15,  3],
        [ 2,  1,  3,  1],
        [ 2,  0,  7,  2],
        [-1, -1, -1,  2]],

       [[ 2,  1, 17,  0],
        [-1, -1, -1,  0],
        [ 2,  0,  2,  0],
        [ 2,  1,  3,  0]]]),
                        'tri': array([[[ 2,  1, 16,  2],
        [-1, -1, -1,  0],
        [ 2,  0,  7,  0]],

       [[ 2,  0,  2,  2],
        [-1, -1, -1,  2],
        [ 2,  1, 10,  2]]])}})
[Rank 2] Base totals  →  elems=30 conn-rows=112
[Rank 2] SubMesh(etypes=['quad', 'tri'],
        eidxs={'quad': array([ 1,  2, 15, 17,  3, 10, 16]),
               'tri': array([2, 7])},
        con={},
        conn=array([[ 0,  2,  0,  2,  1, 16,  2],
       [ 0,  2,  1, -1, -1, -1,  0],
       [ 0,  2,  2,  2,  0,  7,  0],
       [ 0,  7,  0,  2,  0,  2,  2],
       [ 0,  7,  1, -1, -1, -1,  2],
       [ 0,  7,  2,  2,  1, 10,  2],
       [ 1,  1,  0,  2,  1,  3,  3],
       [ 1,  1,  1,  0,  1, 12,  1],
       [ 1,  1,  2,  2,  1,  2,  2],
       [ 1,  1,  3,  2,  1, 17,  1],
       [ 1,  2,  0,  1,  1, 20,  2],
       [ 1,  2,  1,  2,  1, 17,  2],
       [ 1,  2,  2,  2,  1,  1,  2],
       [ 1,  2,  3,  1,  1,  6,  0],
       [ 1,  3,  0,  2,  1, 16,  3],
       [ 1,  3,  1,  2,  1, 10,  1],
       [ 1,  3,  2,  2,  1, 15,  2],
       [ 1,  3,  3,  2,  1,  1,  0],
       [ 1, 10,  0,  2,  1, 15,  3],
       [ 1, 10,  1,  2,  1,  3,  1],
       [ 1, 10,  2,  2,  0,  7,  2],
       [ 1, 10,  3, -1, -1, -1,  2],
       [ 1, 15,  0,  0,  1,  0,  1],
       [ 1, 15,  1,  0,  1, 12,  2],
       [ 1, 15,  2,  2,  1,  3,  2],
       [ 1, 15,  3,  2,  1, 10,  0],
       [ 1, 16,  0,  2,  1, 17,  0],
       [ 1, 16,  1, -1, -1, -1,  0],
       [ 1, 16,  2,  2,  0,  2,  0],
       [ 1, 16,  3,  2,  1,  3,  0],
       [ 1, 17,  0,  2,  1, 16,  0],
       [ 1, 17,  1,  2,  1,  1,  3],
       [ 1, 17,  2,  2,  1,  2,  1],
       [ 1, 17,  3,  1,  1, 11,  0]]),
        arrays={'con': {'quad': array([[[ 2,  1,  3,  3],
        [ 0,  1, 12,  1],
        [ 2,  1,  2,  2],
        [ 2,  1, 17,  1]],

       [[ 1,  1, 20,  2],
        [ 2,  1, 17,  2],
        [ 2,  1,  1,  2],
        [ 1,  1,  6,  0]],

       [[ 0,  1,  0,  1],
        [ 0,  1, 12,  2],
        [ 2,  1,  3,  2],
        [ 2,  1, 10,  0]],

       [[ 2,  1, 16,  0],
        [ 2,  1,  1,  3],
        [ 2,  1,  2,  1],
        [ 1,  1, 11,  0]],

       [[ 2,  1, 16,  3],
        [ 2,  1, 10,  1],
        [ 2,  1, 15,  2],
        [ 2,  1,  1,  0]],

       [[ 2,  1, 15,  3],
        [ 2,  1,  3,  1],
        [ 2,  0,  7,  2],
        [-1, -1, -1,  2]],

       [[ 2,  1, 17,  0],
        [-1, -1, -1,  0],
        [ 2,  0,  2,  0],
        [ 2,  1,  3,  0]]]),
                        'tri': array([[[ 2,  1, 16,  2],
        [-1, -1, -1,  0],
        [ 2,  0,  7,  0]],

       [[ 2,  0,  2,  2],
        [-1, -1, -1,  2],
        [ 2,  1, 10,  2]]])}})
[Rank 2] Base totals  →  elems=30 conn-rows=112
[Rank 2] SubMesh(etypes=['quad', 'tri'],
        eidxs={'quad': array([ 1,  2, 15, 17,  3, 10, 16]),
               'tri': array([2, 7])},
        con={},
        conn=array([[ 0,  2,  0,  2,  1, 16,  2],
       [ 0,  2,  1, -1, -1, -1,  0],
       [ 0,  2,  2,  2,  0,  7,  0],
       [ 0,  7,  0,  2,  0,  2,  2],
       [ 0,  7,  1, -1, -1, -1,  2],
       [ 0,  7,  2,  2,  1, 10,  2],
       [ 1,  1,  0,  2,  1,  3,  3],
       [ 1,  1,  1,  0,  1, 12,  1],
       [ 1,  1,  2,  2,  1,  2,  2],
       [ 1,  1,  3,  2,  1, 17,  1],
       [ 1,  2,  0,  1,  1, 20,  2],
       [ 1,  2,  1,  2,  1, 17,  2],
       [ 1,  2,  2,  2,  1,  1,  2],
       [ 1,  2,  3,  1,  1,  6,  0],
       [ 1,  3,  0,  2,  1, 16,  3],
       [ 1,  3,  1,  2,  1, 10,  1],
       [ 1,  3,  2,  2,  1, 15,  2],
       [ 1,  3,  3,  2,  1,  1,  0],
       [ 1, 10,  0,  2,  1, 15,  3],
       [ 1, 10,  1,  2,  1,  3,  1],
       [ 1, 10,  2,  2,  0,  7,  2],
       [ 1, 10,  3, -1, -1, -1,  2],
       [ 1, 15,  0,  0,  1,  0,  1],
       [ 1, 15,  1,  0,  1, 12,  2],
       [ 1, 15,  2,  2,  1,  3,  2],
       [ 1, 15,  3,  2,  1, 10,  0],
       [ 1, 16,  0,  2,  1, 17,  0],
       [ 1, 16,  1, -1, -1, -1,  0],
       [ 1, 16,  2,  2,  0,  2,  0],
       [ 1, 16,  3,  2,  1,  3,  0],
       [ 1, 17,  0,  2,  1, 16,  0],
       [ 1, 17,  1,  2,  1,  1,  3],
       [ 1, 17,  2,  2,  1,  2,  1],
       [ 1, 17,  3,  1,  1, 11,  0]]),
        arrays={'con': {'quad': array([[[ 2,  1,  3,  3],
        [ 0,  1, 12,  1],
        [ 2,  1,  2,  2],
        [ 2,  1, 17,  1]],

       [[ 1,  1, 20,  2],
        [ 2,  1, 17,  2],
        [ 2,  1,  1,  2],
        [ 1,  1,  6,  0]],

       [[ 0,  1,  0,  1],
        [ 0,  1, 12,  2],
        [ 2,  1,  3,  2],
        [ 2,  1, 10,  0]],

       [[ 2,  1, 16,  0],
        [ 2,  1,  1,  3],
        [ 2,  1,  2,  1],
        [ 1,  1, 11,  0]],

       [[ 2,  1, 16,  3],
        [ 2,  1, 10,  1],
        [ 2,  1, 15,  2],
        [ 2,  1,  1,  0]],

       [[ 2,  1, 15,  3],
        [ 2,  1,  3,  1],
        [ 2,  0,  7,  2],
        [-1, -1, -1,  2]],

       [[ 2,  1, 17,  0],
        [-1, -1, -1,  0],
        [ 2,  0,  2,  0],
        [ 2,  1,  3,  0]]]),
                        'tri': array([[[ 2,  1, 16,  2],
        [-1, -1, -1,  0],
        [ 2,  0,  7,  0]],

       [[ 2,  0,  2,  2],
        [-1, -1, -1,  2],
        [ 2,  1, 10,  2]]])}})
[Rank 2] Base totals  →  elems=30 conn-rows=112
[Rank 2] SubMesh(etypes=['quad', 'tri'],
        eidxs={'quad': array([ 1,  2, 15, 17,  3, 10, 16]),
               'tri': array([2, 7])},
        con={},
        conn=array([[ 0,  2,  0,  2,  1, 16,  2],
       [ 0,  2,  1, -1, -1, -1,  0],
       [ 0,  2,  2,  2,  0,  7,  0],
       [ 0,  7,  0,  2,  0,  2,  2],
       [ 0,  7,  1, -1, -1, -1,  2],
       [ 0,  7,  2,  2,  1, 10,  2],
       [ 1,  1,  0,  2,  1,  3,  3],
       [ 1,  1,  1,  0,  1, 12,  1],
       [ 1,  1,  2,  2,  1,  2,  2],
       [ 1,  1,  3,  2,  1, 17,  1],
       [ 1,  2,  0,  1,  1, 20,  2],
       [ 1,  2,  1,  2,  1, 17,  2],
       [ 1,  2,  2,  2,  1,  1,  2],
       [ 1,  2,  3,  1,  1,  6,  0],
       [ 1,  3,  0,  2,  1, 16,  3],
       [ 1,  3,  1,  2,  1, 10,  1],
       [ 1,  3,  2,  2,  1, 15,  2],
       [ 1,  3,  3,  2,  1,  1,  0],
       [ 1, 10,  0,  2,  1, 15,  3],
       [ 1, 10,  1,  2,  1,  3,  1],
       [ 1, 10,  2,  2,  0,  7,  2],
       [ 1, 10,  3, -1, -1, -1,  2],
       [ 1, 15,  0,  0,  1,  0,  1],
       [ 1, 15,  1,  0,  1, 12,  2],
       [ 1, 15,  2,  2,  1,  3,  2],
       [ 1, 15,  3,  2,  1, 10,  0],
       [ 1, 16,  0,  2,  1, 17,  0],
       [ 1, 16,  1, -1, -1, -1,  0],
       [ 1, 16,  2,  2,  0,  2,  0],
       [ 1, 16,  3,  2,  1,  3,  0],
       [ 1, 17,  0,  2,  1, 16,  0],
       [ 1, 17,  1,  2,  1,  1,  3],
       [ 1, 17,  2,  2,  1,  2,  1],
       [ 1, 17,  3,  1,  1, 11,  0]]),
        arrays={'con': {'quad': array([[[ 2,  1,  3,  3],
        [ 0,  1, 12,  1],
        [ 2,  1,  2,  2],
        [ 2,  1, 17,  1]],

       [[ 1,  1, 20,  2],
        [ 2,  1, 17,  2],
        [ 2,  1,  1,  2],
        [ 1,  1,  6,  0]],

       [[ 0,  1,  0,  1],
        [ 0,  1, 12,  2],
        [ 2,  1,  3,  2],
        [ 2,  1, 10,  0]],

       [[ 2,  1, 16,  0],
        [ 2,  1,  1,  3],
        [ 2,  1,  2,  1],
        [ 1,  1, 11,  0]],

       [[ 2,  1, 16,  3],
        [ 2,  1, 10,  1],
        [ 2,  1, 15,  2],
        [ 2,  1,  1,  0]],

       [[ 2,  1, 15,  3],
        [ 2,  1,  3,  1],
        [ 2,  0,  7,  2],
        [-1, -1, -1,  2]],

       [[ 2,  1, 17,  0],
        [-1, -1, -1,  0],
        [ 2,  0,  2,  0],
        [ 2,  1,  3,  0]]]),
                        'tri': array([[[ 2,  1, 16,  2],
        [-1, -1, -1,  0],
        [ 2,  0,  7,  0]],

       [[ 2,  0,  2,  2],
        [-1, -1, -1,  2],
        [ 2,  1, 10,  2]]])}})
[Rank 2] Base totals  →  elems=30 conn-rows=112
[Rank 2] SubMesh(etypes=['quad', 'tri'],
        eidxs={'quad': array([ 1,  2, 15, 17,  3, 10, 16]),
               'tri': array([2, 7])},
        con={},
        conn=array([[ 0,  2,  0,  2,  1, 16,  2],
       [ 0,  2,  1, -1, -1, -1,  0],
       [ 0,  2,  2,  2,  0,  7,  0],
       [ 0,  7,  0,  2,  0,  2,  2],
       [ 0,  7,  1, -1, -1, -1,  2],
       [ 0,  7,  2,  2,  1, 10,  2],
       [ 1,  1,  0,  2,  1,  3,  3],
       [ 1,  1,  1,  0,  1, 12,  1],
       [ 1,  1,  2,  2,  1,  2,  2],
       [ 1,  1,  3,  2,  1, 17,  1],
       [ 1,  2,  0,  1,  1, 20,  2],
       [ 1,  2,  1,  2,  1, 17,  2],
       [ 1,  2,  2,  2,  1,  1,  2],
       [ 1,  2,  3,  1,  1,  6,  0],
       [ 1,  3,  0,  2,  1, 16,  3],
       [ 1,  3,  1,  2,  1, 10,  1],
       [ 1,  3,  2,  2,  1, 15,  2],
       [ 1,  3,  3,  2,  1,  1,  0],
       [ 1, 10,  0,  2,  1, 15,  3],
       [ 1, 10,  1,  2,  1,  3,  1],
       [ 1, 10,  2,  2,  0,  7,  2],
       [ 1, 10,  3, -1, -1, -1,  2],
       [ 1, 15,  0,  0,  1,  0,  1],
       [ 1, 15,  1,  0,  1, 12,  2],
       [ 1, 15,  2,  2,  1,  3,  2],
       [ 1, 15,  3,  2,  1, 10,  0],
       [ 1, 16,  0,  2,  1, 17,  0],
       [ 1, 16,  1, -1, -1, -1,  0],
       [ 1, 16,  2,  2,  0,  2,  0],
       [ 1, 16,  3,  2,  1,  3,  0],
       [ 1, 17,  0,  2,  1, 16,  0],
       [ 1, 17,  1,  2,  1,  1,  3],
       [ 1, 17,  2,  2,  1,  2,  1],
       [ 1, 17,  3,  1,  1, 11,  0]]),
        arrays={'con': {'quad': array([[[ 2,  1,  3,  3],
        [ 0,  1, 12,  1],
        [ 2,  1,  2,  2],
        [ 2,  1, 17,  1]],

       [[ 1,  1, 20,  2],
        [ 2,  1, 17,  2],
        [ 2,  1,  1,  2],
        [ 1,  1,  6,  0]],

       [[ 0,  1,  0,  1],
        [ 0,  1, 12,  2],
        [ 2,  1,  3,  2],
        [ 2,  1, 10,  0]],

       [[ 2,  1, 16,  0],
        [ 2,  1,  1,  3],
        [ 2,  1,  2,  1],
        [ 1,  1, 11,  0]],

       [[ 2,  1, 16,  3],
        [ 2,  1, 10,  1],
        [ 2,  1, 15,  2],
        [ 2,  1,  1,  0]],

       [[ 2,  1, 15,  3],
        [ 2,  1,  3,  1],
        [ 2,  0,  7,  2],
        [-1, -1, -1,  2]],

       [[ 2,  1, 17,  0],
        [-1, -1, -1,  0],
        [ 2,  0,  2,  0],
        [ 2,  1,  3,  0]]]),
                        'tri': array([[[ 2,  1, 16,  2],
        [-1, -1, -1,  0],
        [ 2,  0,  7,  0]],

       [[ 2,  0,  2,  2],
        [-1, -1, -1,  2],
        [ 2,  1, 10,  2]]])}})
[Rank 2] Base totals  →  elems=30 conn-rows=112
[Rank 2] SubMesh(etypes=['quad', 'tri'],
        eidxs={'quad': array([ 1,  2,  3, 10, 15, 16, 17]),
               'tri': array([2, 7])},
        con={},
        conn=array([[ 0,  2,  0,  2,  1, 16,  2],
       [ 0,  2,  1, -1, -1, -1,  0],
       [ 0,  2,  2,  2,  0,  7,  0],
       [ 0,  7,  0,  2,  0,  2,  2],
       [ 0,  7,  1, -1, -1, -1,  2],
       [ 0,  7,  2,  2,  1, 10,  2],
       [ 1,  1,  0,  2,  1,  3,  3],
       [ 1,  1,  1,  0,  1, 12,  1],
       [ 1,  1,  2,  2,  1,  2,  2],
       [ 1,  1,  3,  2,  1, 17,  1],
       [ 1,  2,  0,  1,  1, 20,  2],
       [ 1,  2,  1,  2,  1, 17,  2],
       [ 1,  2,  2,  2,  1,  1,  2],
       [ 1,  2,  3,  1,  1,  6,  0],
       [ 1,  3,  0,  2,  1, 16,  3],
       [ 1,  3,  1,  2,  1, 10,  1],
       [ 1,  3,  2,  2,  1, 15,  2],
       [ 1,  3,  3,  2,  1,  1,  0],
       [ 1, 10,  0,  2,  1, 15,  3],
       [ 1, 10,  1,  2,  1,  3,  1],
       [ 1, 10,  2,  2,  0,  7,  2],
       [ 1, 10,  3, -1, -1, -1,  2],
       [ 1, 15,  0,  0,  1,  0,  1],
       [ 1, 15,  1,  0,  1, 12,  2],
       [ 1, 15,  2,  2,  1,  3,  2],
       [ 1, 15,  3,  2,  1, 10,  0],
       [ 1, 16,  0,  2,  1, 17,  0],
       [ 1, 16,  1, -1, -1, -1,  0],
       [ 1, 16,  2,  2,  0,  2,  0],
       [ 1, 16,  3,  2,  1,  3,  0],
       [ 1, 17,  0,  2,  1, 16,  0],
       [ 1, 17,  1,  2,  1,  1,  3],
       [ 1, 17,  2,  2,  1,  2,  1],
       [ 1, 17,  3,  1,  1, 11,  0]]),
        arrays={'con': {'quad': array([[[ 2,  1,  3,  3],
        [ 0,  1, 12,  1],
        [ 2,  1,  2,  2],
        [ 2,  1, 17,  1]],

       [[ 1,  1, 20,  2],
        [ 2,  1, 17,  2],
        [ 2,  1,  1,  2],
        [ 1,  1,  6,  0]],

       [[ 0,  1,  0,  1],
        [ 0,  1, 12,  2],
        [ 2,  1,  3,  2],
        [ 2,  1, 10,  0]],

       [[ 2,  1, 16,  0],
        [ 2,  1,  1,  3],
        [ 2,  1,  2,  1],
        [ 1,  1, 11,  0]],

       [[ 2,  1, 16,  3],
        [ 2,  1, 10,  1],
        [ 2,  1, 15,  2],
        [ 2,  1,  1,  0]],

       [[ 2,  1, 15,  3],
        [ 2,  1,  3,  1],
        [ 2,  0,  7,  2],
        [-1, -1, -1,  2]],

       [[ 2,  1, 17,  0],
        [-1, -1, -1,  0],
        [ 2,  0,  2,  0],
        [ 2,  1,  3,  0]]]),
                        'tri': array([[[ 2,  1, 16,  2],
        [-1, -1, -1,  0],
        [ 2,  0,  7,  0]],

       [[ 2,  0,  2,  2],
        [-1, -1, -1,  2],
        [ 2,  1, 10,  2]]])}})
[Rank 2] Base totals  →  elems=30 conn-rows=112
[Rank 2] Base totals  →  elems=30 conn-rows=112
[Rank 2] Base totals  →  elems=30 conn-rows=22
[Rank 2] Base totals  →  elems=30 conn-rows=112
[Rank 2] [carveout] → nrank=1  elems={'quad': 2}  faces=8
[Rank 2] [carveout] → nrank=1  elems={'quad': 2}  faces=8
[Rank 2] SubMesh(etypes=['quad', 'tri'],
        eidxs={'quad': array([ 1, 15,  3, 10, 16]), 'tri': array([2, 7])},
        arrays={'con': {'quad': array([[[ 2,  1,  3,  3],
        [ 0,  1, 12,  1],
        [ 2,  1,  2,  2],
        [ 2,  1, 17,  1]],

       [[ 0,  1,  0,  1],
        [ 0,  1, 12,  2],
        [ 2,  1,  3,  2],
        [ 2,  1, 10,  0]],

       [[ 2,  1, 16,  3],
        [ 2,  1, 10,  1],
        [ 2,  1, 15,  2],
        [ 2,  1,  1,  0]],

       [[ 2,  1, 15,  3],
        [ 2,  1,  3,  1],
        [ 2,  0,  7,  2],
        [-1, -1, -1,  2]],

       [[ 2,  1, 17,  0],
        [-1, -1, -1,  0],
        [ 2,  0,  2,  0],
        [ 2,  1,  3,  0]]]),
                        'tri': array([[[ 2,  1, 16,  2],
        [-1, -1, -1,  0],
        [ 2,  0,  7,  0]],

       [[ 2,  0,  2,  2],
        [-1, -1, -1,  2],
        [ 2,  1, 10,  2]]])}})
[Rank 2] [carveout] → nrank=1  elems={'quad': 2}  faces=8
[Rank 2] [carveout] → nrank=1  elems={'quad': 2}  faces=8
[Rank 2] [carveout] → nrank=1  elems={'quad': 2}  faces=8
[Rank 2] [carveout] → nrank=1  elems={'quad': 2}  faces=8
[Rank 2] [after rebuild]   local elem-counts: {0: {'quad': 0, 'tri': 0}, 1: {'quad': 2, 'tri': 0}, 2: {'quad': 5, 'tri': 2}}
[Rank 2] [carveout] → nrank=1  elems={'quad': 2}  faces=8
[Rank 2] [after rebuild]   local elem-counts: {0: {'quad': 0, 'tri': 0}, 1: {'quad': 2, 'tri': 0}, 2: {'quad': 5, 'tri': 2}}
[Rank 2] [carveout] → nrank=1  elems={'quad': 2}  faces=8
[Rank 2] [after rebuild]   local elem-counts: {0: {'quad': 0, 'tri': 0}, 1: {'quad': 2, 'tri': 0}, 2: {'quad': 5, 'tri': 2}}
[Rank 2] [carveout] → nrank=1  elems={'quad': 2}  faces=8
[Rank 2] [after rebuild]   local elem-counts: {0: {'quad': 0, 'tri': 0}, 1: {'quad': 2, 'tri': 0}, 2: {'quad': 5, 'tri': 2}}
[Rank 2] [carveout] → nrank=1  elems={'quad': 2}  faces=8
[Rank 2] [after rebuild]   local elem-counts: {0: {'quad': 0, 'tri': 0}, 1: {'quad': 2, 'tri': 0}, 2: {'quad': 5, 'tri': 2}}
[Rank 2] [carveout] → nrank=1  elems={'quad': 2}  faces=8
[Rank 2] [after rebuild]   local elem-counts: {0: {'quad': 0, 'tri': 0}, 1: {'quad': 2, 'tri': 0}, 2: {'quad': 5, 'tri': 2}}
[Rank 2] [carveout] → nrank=1  elems={'quad': 2}  faces=8
[Rank 2] [after rebuild]   local elem-counts: {0: {'quad': 0, 'tri': 0}, 1: {'quad': 2, 'tri': 0}, 2: {'quad': 5, 'tri': 2}}
[Rank 2] [carveout] → nrank=1  elems={'quad': 2}  faces=8
[Rank 2] [after rebuild]   local elem-counts: {0: {'quad': 0, 'tri': 0}, 1: {'quad': 2, 'tri': 0}, 2: {'quad': 5, 'tri': 2}}
[Rank 2] [carveout] → nrank=1  elems={'quad': 2}  faces=8
[Rank 2] [after rebuild]   local elem-counts: {0: {'quad': 0, 'tri': 0}, 1: {'quad': 2, 'tri': 0}, 2: {'quad': 5, 'tri': 2}}
[Rank 2] [carveout] → nrank=1  elems={'quad': 2}  faces=8
[Rank 2] [after rebuild]   local elem-counts: {0: {'quad': 0, 'tri': 0}, 1: {'quad': 2, 'tri': 0}, 2: {'quad': 5, 'tri': 2}}
[Rank 2] [carveout] → nrank=1  elems={'quad': 2}  faces=8
[Rank 2] [after rebuild]   local elem-counts: {0: {'quad': 0, 'tri': 0}, 1: {'quad': 2, 'tri': 0}, 2: {'quad': 5, 'tri': 2}}
[Rank 2] [carveout] → nrank=1  elems={'quad': 2}  faces=8
[Rank 2] [after rebuild]   local elem-counts: {0: {'quad': 0, 'tri': 0}, 1: {'quad': 2, 'tri': 0}, 2: {'quad': 5, 'tri': 2}}
[Rank 2] [carveout] → nrank=1  elems={'quad': 2}  faces=8
[Rank 2] [after rebuild]   local elem-counts: {0: {'quad': 0, 'tri': 0}, 1: {'quad': 2, 'tri': 0}, 2: {'quad': 5, 'tri': 2}}
[Rank 2] [carveout] → nrank=1  elems={'quad': 2}  faces=8
[Rank 2] [after rebuild]   local elem-counts: {0: {'quad': 0, 'tri': 0}, 1: {'quad': 2, 'tri': 0}, 2: {'quad': 5, 'tri': 2}}
[Rank 2] [carveout] → nrank=1  elems={'quad': 2}  faces=8
[Rank 2] [after rebuild]   local elem-counts: {0: {'quad': 0, 'tri': 0}, 1: {'quad': 2, 'tri': 0}, 2: {'quad': 5, 'tri': 2}}
[Rank 2] [carveout] → nrank=1  elems={'quad': 2}  faces=8
[Rank 2] [after rebuild]   local elem-counts: {0: {'quad': 0, 'tri': 0}, 1: {'quad': 2, 'tri': 0}, 2: {'quad': 5, 'tri': 2}}
[Rank 2] [carveout] → nrank=1  elems={'quad': 2}  faces=8
[Rank 2] [after rebuild]   local elem-counts: {0: {'quad': 0, 'tri': 0}, 1: {'quad': 2, 'tri': 0}, 2: {'quad': 5, 'tri': 2}}
[Rank 2] [carveout] → nrank=1  elems={'quad': 2}  faces=8
[Rank 2] [after rebuild]   local elem-counts: {0: {'quad': 0, 'tri': 0}, 1: {'quad': 2, 'tri': 0}, 2: {'quad': 5, 'tri': 2}}
[Rank 2] [carveout] → nrank=1  elems={'quad': 2}  faces=8
[Rank 2] [after rebuild]   local elem-counts: {0: {'quad': 0, 'tri': 0}, 1: {'quad': 2, 'tri': 0}, 2: {'quad': 5, 'tri': 2}}
[Rank 2] [carveout] → nrank=1  elems={'quad': 2}  faces=8
[Rank 2] [after rebuild]   local elem-counts: {0: {'quad': 0, 'tri': 0}, 1: {'quad': 2, 'tri': 0}, 2: {'quad': 5, 'tri': 2}}
[Rank 2] [carveout] → nrank=1  elems={'quad': 2}  faces=8
[Rank 2] [after rebuild]   local elem-counts: {0: {'quad': 0, 'tri': 0}, 1: {'quad': 2, 'tri': 0}, 2: {'quad': 5, 'tri': 2}}
[Rank 2] [carveout] → nrank=1  elems={'quad': 2}  faces=8
[Rank 2] [after rebuild]   local elem-counts: {0: {'quad': 0, 'tri': 0}, 1: {'quad': 2, 'tri': 0}, 2: {'quad': 5, 'tri': 2}}
[Rank 2] [carveout] → nrank=1  elems={'quad': 2}  faces=8
[Rank 2] [after rebuild]   local elem-counts: {0: {'quad': 0, 'tri': 0}, 1: {'quad': 2, 'tri': 0}, 2: {'quad': 5, 'tri': 2}}
[Rank 2] [carveout] → nrank=1  elems={et:len(v) for et,v in moved.items()}
[Rank 2] [after rebuild]   local elem-counts: {0: {'quad': 0, 'tri': 0}, 1: {'quad': 2, 'tri': 0}, 2: {'quad': 5, 'tri': 2}}
[Rank 2] [carveout] → nrank=1  elems={et:len(v) for et,v in moved.items()}
[Rank 2] [after rebuild]   local elem-counts: {0: {'quad': 0, 'tri': 0}, 1: {'quad': 2, 'tri': 0}, 2: {'quad': 5, 'tri': 2}}
[Rank 2] [carveout] → nrank=1  elems={et:len(v) for et,v in moved.items()}
[Rank 2] [after rebuild]   local elem-counts: {0: {'quad': 0, 'tri': 0}, 1: {'quad': 2, 'tri': 0}, 2: {'quad': 5, 'tri': 2}}
[Rank 2] [carveout] → nrank=1  elems={et:len(v) for et,v in moved.items()}
[Rank 2] [after rebuild]   local elem-counts: {0: {'quad': 0, 'tri': 0}, 1: {'quad': 2, 'tri': 0}, 2: {'quad': 5, 'tri': 2}}
[Rank 2] [carveout] → nrank=1  elems={et:len(v) for et,v in moved.items()}
[Rank 2] [after rebuild]   local elem-counts: {0: {'quad': 0, 'tri': 0}, 1: {'quad': 2, 'tri': 0}, 2: {'quad': 5, 'tri': 2}}
[Rank 2] [carveout] → nrank=1  elems={et:len(v) for et,v in moved.items()}
[Rank 2] [after rebuild]   local elem-counts: {0: {'quad': 0, 'tri': 0}, 1: {'quad': 2, 'tri': 0}, 2: {'quad': 5, 'tri': 2}}
[Rank 2] [carveout] → nrank=1  elems={et:len(v) for et,v in moved.items()}
[Rank 2] [after rebuild]   local elem-counts: {0: {'quad': 0, 'tri': 0}, 1: {'quad': 2, 'tri': 0}, 2: {'quad': 5, 'tri': 2}}
[Rank 2] [carveout] → nrank=1  elems={et:len(v) for et,v in moved.items()}
[Rank 2] [after rebuild]   local elem-counts: {0: {'quad': 0, 'tri': 0}, 1: {'quad': 2, 'tri': 0}, 2: {'quad': 5, 'tri': 2}}
[Rank 2] [carveout] → nrank=1  elems={et:len(v) for et,v in moved.items()}
[Rank 2] [after rebuild]   local elem-counts: {0: {'quad': 0, 'tri': 0}, 1: {'quad': 2, 'tri': 0}, 2: {'quad': 5, 'tri': 2}}
[Rank 2] [carveout] → nrank=1  elems={et:len(v) for et,v in moved.items()}
[Rank 2] [run_function_once]  local elem-counts: {0: {'quad': 0, 'tri': 0}, 1: {'quad': 2, 'tri': 0}, 2: {'quad': 5, 'tri': 2}}
[Rank 2] [carveout] → nrank=1  elems={et:len(v) for et,v in moved.items()}
[Rank 2] [run_function_once]  local elem-counts: {0: {'quad': 0, 'tri': 0}, 1: {'quad': 2, 'tri': 0}, 2: {'quad': 5, 'tri': 2}}
[Rank 2] [carveout] → nrank=1  elems={et:len(v) for et,v in moved.items()}
[Rank 2] [run_function_once]  local elem-counts: {0: {'quad': 0, 'tri': 0}, 1: {'quad': 2, 'tri': 0}, 2: {'quad': 5, 'tri': 2}}
[Rank 2] [carveout] → nrank=1  elems={et:len(v) for et,v in moved.items()}
[Rank 2] [run_function_once]  local elem-counts: {0: {'quad': 0, 'tri': 0}, 1: {'quad': 2, 'tri': 0}, 2: {'quad': 5, 'tri': 2}}
[Rank 2] [carveout] → nrank=1  elems={et:len(v) for et,v in moved.items()}
[Rank 2] [run_function_once]  local elem-counts: {0: {'quad': 0, 'tri': 0}, 1: {'quad': 2, 'tri': 0}, 2: {'quad': 5, 'tri': 2}}
[Rank 2] [carveout] → nrank=1  elems={et: len(v) for et, v in moved.items()}
[Rank 2] [carveout] → nrank=1  elems={et: len(v) for et, v in moved.items()}
[Rank 2] [carveout] → nrank=1  elems={et: len(v) for et, v in moved.items()}
[Rank 2] [carveout] → nrank=1  elems={et: len(v) for et, v in moved.items()}
[Rank 2] [carveout] → nrank=1  elems={et: len(v) for et, v in moved.items()}
[Rank 2] [carveout] → nrank=1  elems={et: len(v) for et, v in moved.items()}
[Rank 2] [carveout] → nrank=1  elems={et: len(v) for et, v in moved.items()}
[Rank 2] [carveout] → nrank=1  elems={et: len(v) for et, v in moved.items()}
[Rank 2] '[dbg] quad send=[0, 2, 0] recv=[0, 0, 0]'
[Rank 2] [carveout] → nrank=1  elems={et: len(v) for et, v in moved.items()}
[Rank 2] [dbg] quad send=[0, 2, 0] recv=[0, 0, 0]
[Rank 2] [carveout] → nrank=1  elems={et: len(v) for et, v in moved.items()}
[Rank 2] [perform_all_exchanges]  quad send: [0, 2, 0] recv: [0, 0, 0]
[Rank 2] [carveout] → nrank=1  elems={et: len(v) for et, v in moved.items()}
[Rank 2] [perform_all_exchanges] quad send: [0, 2, 0] recv: [0, 0, 0]
[Rank 2] [carveout] → nrank=1  elems={et: len(v) for et, v in moved.items()}
[Rank 2] [perform_all_exchanges] quad send: [0, 2, 0] recv: [0, 0, 0]
[Rank 2] [carveout] → nrank=1  elems={et: len(v) for et, v in moved.items()}
[Rank 2] [perform_all_exchanges] quad send [0, 2, 0] | recv [0, 0, 0]
[Rank 2] [carveout] → nrank=1  elems={et: len(v) for et, v in moved.items()}
[Rank 2] [carveout] → nrank=1  elems={et: len(v) for et, v in moved.items()}
[Rank 2] [carveout] → nrank=1  elems={et: len(v) for et, v in moved.items()}
[Rank 2] [carveout] → nrank=1  elems={et: len(v) for et, v in moved.items()}
[Rank 2] [carveout] → nrank=1  elems={et: len(v) for et, v in moved.items()}
[Rank 2] [carveout] → nrank=1  elems={et: len(v) for et, v in moved.items()}
[Rank 2] [carveout] → nrank=1  elems={et: len(v) for et, v in moved.items()}
[Rank 2] [carveout] → nrank=1  elems={et: len(v) for et, v in moved.items()}
[Rank 2] [carveout] → nrank=1  elems={et: len(v) for et, v in moved.items()}
[Rank 2] [carveout] → nrank=1  elems={et: len(v) for et, v in moved.items()}
[Rank 2] [carveout] → nrank=1  moved={'quad': 2}
[Rank 2] [carveout] → nrank=1  moved={'quad': 2}
[Rank 2] [carveout] → nrank=1  moved={'quad': 2}
[Rank 2] [carveout] → nrank=1  moved={'quad': 2}
[Rank 2] {'quad': array([False, False, False, False, False]),
 'tri': array([False, False])}
[Rank 2] {'quad': array([False, False, False, False, False, False, False]),
 'tri': array([False, False])}
[Rank 2] [carveout] → nrank=1  moved={'quad': 2}
[Rank 2] {'quad': array([False, False, False, False, False]),
 'tri': array([False, False])}
[Rank 2] {'quad': array([False, False, False, False, False, False, False]),
 'tri': array([False, False])}
[Rank 2] [carveout] → nrank=1  moved={'quad': 2}
[Rank 2] {'quad': array([False, False, False, False, False]),
 'tri': array([False, False])}
[Rank 2] {'quad': array([[26, 29, 27, 31],
       [22, 21, 31, 27],
       [10, 28, 30, 29],
       [ 6, 26, 21, 27],
       [26, 16, 29, 30],
       [10, 30,  9, 16],
       [26,  6, 16,  7]]),
 'tri': array([[16,  7,  8],
       [16,  8,  9]])}
[Rank 2] [dtype('int64'), (7, 4)]
[Rank 2] [dtype('<f8'), (4, 7, 2)]
[Rank 2] [dtype('int64'), (7, 4)]
[Rank 2] [dtype('<f8'), (4, 7, 2)]
[Rank 2] [dtype('int64'), (7, 4)]
[Rank 2] [dtype('<f8'), (4, 7, 2)]
[Rank 2] [dtype('int64'), (7, 4)]
[Rank 2] [dtype('<f8'), (4, 7, 2)]
[Rank 2] [dtype('int64'), (7, 4)]
[Rank 2] [dtype('<f8'), (4, 7, 2)]
[Rank 2] {'quad': array([False, False, False, False, False, False, False]),
 'tri': array([False, False])}
[Rank 2] [carveout] → nrank=1  moved={'quad': 2}
[Rank 2] {'quad': array([False, False, False, False, False]),
 'tri': array([False, False])}
[Rank 2] [dtype('int64'), (7, 4)]
[Rank 2] [dtype('<f8'), (4, 7, 2)]
[Rank 2] {'quad': array([False, False, False, False, False, False, False]),
 'tri': array([False, False])}
[Rank 2] [carveout] → nrank=1  moved={'quad': 2}
[Rank 2] {'quad': array([False, False, False, False, False]),
 'tri': array([False, False])}
[Rank 2] [dtype('int64'), (7, 4)]
[Rank 2] [dtype('<f8'), (4, 7, 2)]
[Rank 2] {'quad': array([False, False, False, False, False, False, False]),
 'tri': array([False, False])}
[Rank 2] [carveout] → nrank=1  moved={'quad': 2}
[Rank 2] {'quad': array([False, False, False, False, False]),
 'tri': array([False, False])}
[Rank 2] [dtype('int64'), (7, 4)]
[Rank 2] [dtype('<f8'), (4, 7, 2)]
[Rank 2] {'quad': array([False, False, False, False, False, False, False]),
 'tri': array([False, False])}
[Rank 2] [carveout] → nrank=1  moved={'quad': 2}
[Rank 2] {'quad': array([False, False, False, False, False]),
 'tri': array([False, False])}
[Rank 2] [dtype('int64'), (7, 4)]
[Rank 2] [dtype('<f8'), (4, 7, 2)]
[Rank 2] {'quad': array([False, False, False, False, False, False, False]),
 'tri': array([False, False])}
[Rank 2] [carveout] → nrank=1  moved={'quad': 2}
[Rank 2] {'quad': array([[[0.62359953, 0.22794287],
        [0.68074413, 0.41970635],
        [0.49541325, 0.31519935],
        [0.49592129, 0.49379152]],

       [[1.        , 0.5       ],
        [0.7818017 , 0.58014363],
        [0.83472002, 0.36749615],
        [0.68074413, 0.41970635]],

       [[0.62359953, 0.22794287],
        [0.82341592, 0.18278211],
        [0.68074413, 0.41970635],
        [0.83472002, 0.36749615]],

       [[1.        , 0.5       ],
        [0.83472002, 0.36749615],
        [1.        , 0.25      ],
        [0.82341592, 0.18278211]],

       [[0.62359953, 0.22794287],
        [0.5       , 0.        ],
        [0.82341592, 0.18278211],
        [0.75      , 0.        ]]]),
 'tri': array([[[0.82341592, 0.18278211],
        [0.75      , 0.        ],
        [1.        , 0.        ]],

       [[0.82341592, 0.18278211],
        [1.        , 0.        ],
        [1.        , 0.25      ]]])}
[Rank 2] [dtype('int64'), (7, 4)]
[Rank 2] [dtype('<f8'), (4, 7, 2)]
[Rank 2] {'quad': array([False, False, False, False, False, False, False]),
 'tri': array([False, False])}
[Rank 2] [carveout] → nrank=1  moved={'quad': 2}
[Rank 2] SubMesh(etypes=['quad', 'tri'],
        eidxs={'quad': array([ 1, 15,  3, 10, 16]), 'tri': array([2, 7])},
        arrays={'con': {'quad': array([[[ 2,  0,  3,  3],
        [ 0,  0, 12,  1],
        [ 2,  0,  2,  2],
        [ 2,  0, 17,  1]],

       [[ 0,  0,  0,  1],
        [ 0,  0, 12,  2],
        [ 2,  0,  3,  2],
        [ 2,  0, 10,  0]],

       [[ 2,  0, 16,  3],
        [ 2,  0, 10,  1],
        [ 2,  0, 15,  2],
        [ 2,  0,  1,  0]],

       [[ 2,  0, 15,  3],
        [ 2,  0,  3,  1],
        [ 2,  1,  7,  2],
        [-1, -1, -1,  2]],

       [[ 2,  0, 17,  0],
        [-1, -1, -1,  0],
        [ 2,  1,  2,  0],
        [ 2,  0,  3,  0]]]),
                        'tri': array([[[ 2,  0, 16,  2],
        [-1, -1, -1,  0],
        [ 2,  1,  7,  0]],

       [[ 2,  1,  2,  2],
        [-1, -1, -1,  2],
        [ 2,  0, 10,  2]]])},
                'spts': {'quad': array([[[0.62359953, 0.22794287],
        [0.68074413, 0.41970635],
        [0.49541325, 0.31519935],
        [0.49592129, 0.49379152]],

       [[1.        , 0.5       ],
        [0.7818017 , 0.58014363],
        [0.83472002, 0.36749615],
        [0.68074413, 0.41970635]],

       [[0.62359953, 0.22794287],
        [0.82341592, 0.18278211],
        [0.68074413, 0.41970635],
        [0.83472002, 0.36749615]],

       [[1.        , 0.5       ],
        [0.83472002, 0.36749615],
        [1.        , 0.25      ],
        [0.82341592, 0.18278211]],

       [[0.62359953, 0.22794287],
        [0.5       , 0.        ],
        [0.82341592, 0.18278211],
        [0.75      , 0.        ]]]),
                         'tri': array([[[0.82341592, 0.18278211],
        [0.75      , 0.        ],
        [1.        , 0.        ]],

       [[0.82341592, 0.18278211],
        [1.        , 0.        ],
        [1.        , 0.25      ]]])},
                'spts_curved': {'quad': array([False, False, False, False, False]),
                                'tri': array([False, False])},
                'spts_nodes': {'quad': array([[26, 29, 27, 31],
       [10, 28, 30, 29],
       [26, 16, 29, 30],
       [10, 30,  9, 16],
       [26,  6, 16,  7]]),
                               'tri': array([[16,  7,  8],
       [16,  8,  9]])}})
[Rank 2] [dtype('int64'), (7, 4)]
[Rank 2] [dtype('<f8'), (4, 7, 2)]
[Rank 2] SubMesh(etypes=['quad', 'tri'],
        eidxs={'quad': array([ 1,  2, 15, 17,  3, 10, 16]),
               'tri': array([2, 7])},
        arrays={'con': {'quad': array([[[ 2,  0,  3,  3],
        [ 0,  0, 12,  1],
        [ 2,  0,  2,  2],
        [ 2,  0, 17,  1]],

       [[ 1,  0, 20,  2],
        [ 2,  0, 17,  2],
        [ 2,  0,  1,  2],
        [ 1,  0,  6,  0]],

       [[ 0,  0,  0,  1],
        [ 0,  0, 12,  2],
        [ 2,  0,  3,  2],
        [ 2,  0, 10,  0]],

       [[ 2,  0, 16,  0],
        [ 2,  0,  1,  3],
        [ 2,  0,  2,  1],
        [ 1,  0, 11,  0]],

       [[ 2,  0, 16,  3],
        [ 2,  0, 10,  1],
        [ 2,  0, 15,  2],
        [ 2,  0,  1,  0]],

       [[ 2,  0, 15,  3],
        [ 2,  0,  3,  1],
        [ 2,  1,  7,  2],
        [-1, -1, -1,  2]],

       [[ 2,  0, 17,  0],
        [-1, -1, -1,  0],
        [ 2,  1,  2,  0],
        [ 2,  0,  3,  0]]]),
                        'tri': array([[[ 2,  0, 16,  2],
        [-1, -1, -1,  0],
        [ 2,  1,  7,  0]],

       [[ 2,  1,  2,  2],
        [-1, -1, -1,  2],
        [ 2,  0, 10,  2]]])},
                'spts': {'quad': array([[[0.62359953, 0.22794287],
        [0.68074413, 0.41970635],
        [0.49541325, 0.31519935],
        [0.49592129, 0.49379152]],

       [[0.30641017, 0.41891218],
        [0.36671894, 0.22386365],
        [0.49592129, 0.49379152],
        [0.49541325, 0.31519935]],

       [[1.        , 0.5       ],
        [0.7818017 , 0.58014363],
        [0.83472002, 0.36749615],
        [0.68074413, 0.41970635]],

       [[0.5       , 0.        ],
        [0.62359953, 0.22794287],
        [0.36671894, 0.22386365],
        [0.49541325, 0.31519935]],

       [[0.62359953, 0.22794287],
        [0.82341592, 0.18278211],
        [0.68074413, 0.41970635],
        [0.83472002, 0.36749615]],

       [[1.        , 0.5       ],
        [0.83472002, 0.36749615],
        [1.        , 0.25      ],
        [0.82341592, 0.18278211]],

       [[0.62359953, 0.22794287],
        [0.5       , 0.        ],
        [0.82341592, 0.18278211],
        [0.75      , 0.        ]]]),
                         'tri': array([[[0.82341592, 0.18278211],
        [0.75      , 0.        ],
        [1.        , 0.        ]],

       [[0.82341592, 0.18278211],
        [1.        , 0.        ],
        [1.        , 0.25      ]]])},
                'spts_curved': {'quad': array([False, False, False, False, False, False, False]),
                                'tri': array([False, False])},
                'spts_nodes': {'quad': array([[26, 29, 27, 31],
       [22, 21, 31, 27],
       [10, 28, 30, 29],
       [ 6, 26, 21, 27],
       [26, 16, 29, 30],
       [10, 30,  9, 16],
       [26,  6, 16,  7]]),
                               'tri': array([[16,  7,  8],
       [16,  8,  9]])}})
[Rank 2] [carveout] → nrank=1  moved={'quad': 2}
[Rank 2] SubMesh(etypes=['quad', 'tri'],
        eidxs={'quad': array([ 1, 15,  3, 10, 16]), 'tri': array([2, 7])},
        arrays={'con': {'quad': array([[[ 2,  0,  3,  3],
        [ 0,  0, 12,  1],
        [ 2,  0,  2,  2],
        [ 2,  0, 17,  1]],

       [[ 0,  0,  0,  1],
        [ 0,  0, 12,  2],
        [ 2,  0,  3,  2],
        [ 2,  0, 10,  0]],

       [[ 2,  0, 16,  3],
        [ 2,  0, 10,  1],
        [ 2,  0, 15,  2],
        [ 2,  0,  1,  0]],

       [[ 2,  0, 15,  3],
        [ 2,  0,  3,  1],
        [ 2,  1,  7,  2],
        [-1, -1, -1,  2]],

       [[ 2,  0, 17,  0],
        [-1, -1, -1,  0],
        [ 2,  1,  2,  0],
        [ 2,  0,  3,  0]]]),
                        'tri': array([[[ 2,  0, 16,  2],
        [-1, -1, -1,  0],
        [ 2,  1,  7,  0]],

       [[ 2,  1,  2,  2],
        [-1, -1, -1,  2],
        [ 2,  0, 10,  2]]])},
                'spts': {'quad': array([[[0.62359953, 0.22794287],
        [0.68074413, 0.41970635],
        [0.49541325, 0.31519935],
        [0.49592129, 0.49379152]],

       [[1.        , 0.5       ],
        [0.7818017 , 0.58014363],
        [0.83472002, 0.36749615],
        [0.68074413, 0.41970635]],

       [[0.62359953, 0.22794287],
        [0.82341592, 0.18278211],
        [0.68074413, 0.41970635],
        [0.83472002, 0.36749615]],

       [[1.        , 0.5       ],
        [0.83472002, 0.36749615],
        [1.        , 0.25      ],
        [0.82341592, 0.18278211]],

       [[0.62359953, 0.22794287],
        [0.5       , 0.        ],
        [0.82341592, 0.18278211],
        [0.75      , 0.        ]]]),
                         'tri': array([[[0.82341592, 0.18278211],
        [0.75      , 0.        ],
        [1.        , 0.        ]],

       [[0.82341592, 0.18278211],
        [1.        , 0.        ],
        [1.        , 0.25      ]]])},
                'spts_curved': {'quad': array([False, False, False, False, False]),
                                'tri': array([False, False])},
                'spts_nodes': {'quad': array([[26, 29, 27, 31],
       [10, 28, 30, 29],
       [26, 16, 29, 30],
       [10, 30,  9, 16],
       [26,  6, 16,  7]]),
                               'tri': array([[16,  7,  8],
       [16,  8,  9]])}})
[Rank 2] SubMesh(etypes=['quad', 'tri'],
        eidxs={'quad': array([ 1,  2, 15, 17,  3, 10, 16]),
               'tri': array([2, 7])},
        arrays={'con': {'quad': array([[[ 2,  0,  3,  3],
        [ 0,  0, 12,  1],
        [ 2,  0,  2,  2],
        [ 2,  0, 17,  1]],

       [[ 1,  0, 20,  2],
        [ 2,  0, 17,  2],
        [ 2,  0,  1,  2],
        [ 1,  0,  6,  0]],

       [[ 0,  0,  0,  1],
        [ 0,  0, 12,  2],
        [ 2,  0,  3,  2],
        [ 2,  0, 10,  0]],

       [[ 2,  0, 16,  0],
        [ 2,  0,  1,  3],
        [ 2,  0,  2,  1],
        [ 1,  0, 11,  0]],

       [[ 2,  0, 16,  3],
        [ 2,  0, 10,  1],
        [ 2,  0, 15,  2],
        [ 2,  0,  1,  0]],

       [[ 2,  0, 15,  3],
        [ 2,  0,  3,  1],
        [ 2,  1,  7,  2],
        [-1, -1, -1,  2]],

       [[ 2,  0, 17,  0],
        [-1, -1, -1,  0],
        [ 2,  1,  2,  0],
        [ 2,  0,  3,  0]]]),
                        'tri': array([[[ 2,  0, 16,  2],
        [-1, -1, -1,  0],
        [ 2,  1,  7,  0]],

       [[ 2,  1,  2,  2],
        [-1, -1, -1,  2],
        [ 2,  0, 10,  2]]])},
                'spts': {'quad': array([[[0.62359953, 0.22794287],
        [0.68074413, 0.41970635],
        [0.49541325, 0.31519935],
        [0.49592129, 0.49379152]],

       [[0.30641017, 0.41891218],
        [0.36671894, 0.22386365],
        [0.49592129, 0.49379152],
        [0.49541325, 0.31519935]],

       [[1.        , 0.5       ],
        [0.7818017 , 0.58014363],
        [0.83472002, 0.36749615],
        [0.68074413, 0.41970635]],

       [[0.5       , 0.        ],
        [0.62359953, 0.22794287],
        [0.36671894, 0.22386365],
        [0.49541325, 0.31519935]],

       [[0.62359953, 0.22794287],
        [0.82341592, 0.18278211],
        [0.68074413, 0.41970635],
        [0.83472002, 0.36749615]],

       [[1.        , 0.5       ],
        [0.83472002, 0.36749615],
        [1.        , 0.25      ],
        [0.82341592, 0.18278211]],

       [[0.62359953, 0.22794287],
        [0.5       , 0.        ],
        [0.82341592, 0.18278211],
        [0.75      , 0.        ]]]),
                         'tri': array([[[0.82341592, 0.18278211],
        [0.75      , 0.        ],
        [1.        , 0.        ]],

       [[0.82341592, 0.18278211],
        [1.        , 0.        ],
        [1.        , 0.25      ]]])},
                'spts_curved': {'quad': array([False, False, False, False, False, False, False]),
                                'tri': array([False, False])},
                'spts_nodes': {'quad': array([[26, 29, 27, 31],
       [22, 21, 31, 27],
       [10, 28, 30, 29],
       [ 6, 26, 21, 27],
       [26, 16, 29, 30],
       [10, 30,  9, 16],
       [26,  6, 16,  7]]),
                               'tri': array([[16,  7,  8],
       [16,  8,  9]])}})
[Rank 2] [carveout] → nrank=1  moved={'quad': 2}
[Rank 2] SubMesh(etypes=['quad', 'tri'],
        eidxs={'quad': array([ 1, 15,  3, 10, 16]), 'tri': array([2, 7])},
        arrays={'con': {'quad': array([[[ 2,  0,  3,  3],
        [ 0,  0, 12,  1],
        [ 2,  0,  2,  2],
        [ 2,  0, 17,  1]],

       [[ 0,  0,  0,  1],
        [ 0,  0, 12,  2],
        [ 2,  0,  3,  2],
        [ 2,  0, 10,  0]],

       [[ 2,  0, 16,  3],
        [ 2,  0, 10,  1],
        [ 2,  0, 15,  2],
        [ 2,  0,  1,  0]],

       [[ 2,  0, 15,  3],
        [ 2,  0,  3,  1],
        [ 2,  1,  7,  2],
        [-1, -1, -1,  2]],

       [[ 2,  0, 17,  0],
        [-1, -1, -1,  0],
        [ 2,  1,  2,  0],
        [ 2,  0,  3,  0]]]),
                        'tri': array([[[ 2,  0, 16,  2],
        [-1, -1, -1,  0],
        [ 2,  1,  7,  0]],

       [[ 2,  1,  2,  2],
        [-1, -1, -1,  2],
        [ 2,  0, 10,  2]]])},
                'spts': {'quad': array([[[0.62359953, 0.22794287],
        [0.68074413, 0.41970635],
        [0.49541325, 0.31519935],
        [0.49592129, 0.49379152]],

       [[1.        , 0.5       ],
        [0.7818017 , 0.58014363],
        [0.83472002, 0.36749615],
        [0.68074413, 0.41970635]],

       [[0.62359953, 0.22794287],
        [0.82341592, 0.18278211],
        [0.68074413, 0.41970635],
        [0.83472002, 0.36749615]],

       [[1.        , 0.5       ],
        [0.83472002, 0.36749615],
        [1.        , 0.25      ],
        [0.82341592, 0.18278211]],

       [[0.62359953, 0.22794287],
        [0.5       , 0.        ],
        [0.82341592, 0.18278211],
        [0.75      , 0.        ]]]),
                         'tri': array([[[0.82341592, 0.18278211],
        [0.75      , 0.        ],
        [1.        , 0.        ]],

       [[0.82341592, 0.18278211],
        [1.        , 0.        ],
        [1.        , 0.25      ]]])},
                'spts_curved': {'quad': array([False, False, False, False, False]),
                                'tri': array([False, False])},
                'spts_nodes': {'quad': array([[26, 29, 27, 31],
       [10, 28, 30, 29],
       [26, 16, 29, 30],
       [10, 30,  9, 16],
       [26,  6, 16,  7]]),
                               'tri': array([[16,  7,  8],
       [16,  8,  9]])}})
[Rank 2] SubMesh(etypes=['quad', 'tri'],
        eidxs={'quad': array([ 1,  2, 15, 17,  3, 10, 16]),
               'tri': array([2, 7])},
        arrays={'con': {'quad': array([[[ 2,  0,  3,  3],
        [ 0,  0, 12,  1],
        [ 2,  0,  2,  2],
        [ 2,  0, 17,  1]],

       [[ 1,  0, 20,  2],
        [ 2,  0, 17,  2],
        [ 2,  0,  1,  2],
        [ 1,  0,  6,  0]],

       [[ 0,  0,  0,  1],
        [ 0,  0, 12,  2],
        [ 2,  0,  3,  2],
        [ 2,  0, 10,  0]],

       [[ 2,  0, 16,  0],
        [ 2,  0,  1,  3],
        [ 2,  0,  2,  1],
        [ 1,  0, 11,  0]],

       [[ 2,  0, 16,  3],
        [ 2,  0, 10,  1],
        [ 2,  0, 15,  2],
        [ 2,  0,  1,  0]],

       [[ 2,  0, 15,  3],
        [ 2,  0,  3,  1],
        [ 2,  1,  7,  2],
        [-1, -1, -1,  2]],

       [[ 2,  0, 17,  0],
        [-1, -1, -1,  0],
        [ 2,  1,  2,  0],
        [ 2,  0,  3,  0]]]),
                        'tri': array([[[ 2,  0, 16,  2],
        [-1, -1, -1,  0],
        [ 2,  1,  7,  0]],

       [[ 2,  1,  2,  2],
        [-1, -1, -1,  2],
        [ 2,  0, 10,  2]]])},
                'spts': {'quad': array([[[0.62359953, 0.22794287],
        [0.68074413, 0.41970635],
        [0.49541325, 0.31519935],
        [0.49592129, 0.49379152]],

       [[0.30641017, 0.41891218],
        [0.36671894, 0.22386365],
        [0.49592129, 0.49379152],
        [0.49541325, 0.31519935]],

       [[1.        , 0.5       ],
        [0.7818017 , 0.58014363],
        [0.83472002, 0.36749615],
        [0.68074413, 0.41970635]],

       [[0.5       , 0.        ],
        [0.62359953, 0.22794287],
        [0.36671894, 0.22386365],
        [0.49541325, 0.31519935]],

       [[0.62359953, 0.22794287],
        [0.82341592, 0.18278211],
        [0.68074413, 0.41970635],
        [0.83472002, 0.36749615]],

       [[1.        , 0.5       ],
        [0.83472002, 0.36749615],
        [1.        , 0.25      ],
        [0.82341592, 0.18278211]],

       [[0.62359953, 0.22794287],
        [0.5       , 0.        ],
        [0.82341592, 0.18278211],
        [0.75      , 0.        ]]]),
                         'tri': array([[[0.82341592, 0.18278211],
        [0.75      , 0.        ],
        [1.        , 0.        ]],

       [[0.82341592, 0.18278211],
        [1.        , 0.        ],
        [1.        , 0.25      ]]])},
                'spts_curved': {'quad': array([False, False, False, False, False, False, False]),
                                'tri': array([False, False])},
                'spts_nodes': {'quad': array([[26, 29, 27, 31],
       [22, 21, 31, 27],
       [10, 28, 30, 29],
       [ 6, 26, 21, 27],
       [26, 16, 29, 30],
       [10, 30,  9, 16],
       [26,  6, 16,  7]]),
                               'tri': array([[16,  7,  8],
       [16,  8,  9]])}})
[Rank 2] SubMesh(etypes=['quad', 'tri'],
        eidxs={'quad': array([ 1, 15,  3, 10, 16]), 'tri': array([2, 7])},
        arrays={'con': {'quad': array([[[ 2,  0,  3,  3],
        [ 0,  0, 12,  1],
        [ 2,  0,  2,  2],
        [ 2,  0, 17,  1]],

       [[ 0,  0,  0,  1],
        [ 0,  0, 12,  2],
        [ 2,  0,  3,  2],
        [ 2,  0, 10,  0]],

       [[ 2,  0, 16,  3],
        [ 2,  0, 10,  1],
        [ 2,  0, 15,  2],
        [ 2,  0,  1,  0]],

       [[ 2,  0, 15,  3],
        [ 2,  0,  3,  1],
        [ 2,  1,  7,  2],
        [-1, -1, -1,  2]],

       [[ 2,  0, 17,  0],
        [-1, -1, -1,  0],
        [ 2,  1,  2,  0],
        [ 2,  0,  3,  0]]]),
                        'tri': array([[[ 2,  0, 16,  2],
        [-1, -1, -1,  0],
        [ 2,  1,  7,  0]],

       [[ 2,  1,  2,  2],
        [-1, -1, -1,  2],
        [ 2,  0, 10,  2]]])},
                'spts': {'quad': array([[[0.62359953, 0.22794287],
        [0.68074413, 0.41970635],
        [0.49541325, 0.31519935],
        [0.49592129, 0.49379152]],

       [[1.        , 0.5       ],
        [0.7818017 , 0.58014363],
        [0.83472002, 0.36749615],
        [0.68074413, 0.41970635]],

       [[0.62359953, 0.22794287],
        [0.82341592, 0.18278211],
        [0.68074413, 0.41970635],
        [0.83472002, 0.36749615]],

       [[1.        , 0.5       ],
        [0.83472002, 0.36749615],
        [1.        , 0.25      ],
        [0.82341592, 0.18278211]],

       [[0.62359953, 0.22794287],
        [0.5       , 0.        ],
        [0.82341592, 0.18278211],
        [0.75      , 0.        ]]]),
                         'tri': array([[[0.82341592, 0.18278211],
        [0.75      , 0.        ],
        [1.        , 0.        ]],

       [[0.82341592, 0.18278211],
        [1.        , 0.        ],
        [1.        , 0.25      ]]])},
                'spts_curved': {'quad': array([False, False, False, False, False]),
                                'tri': array([False, False])},
                'spts_nodes': {'quad': array([[26, 29, 27, 31],
       [10, 28, 30, 29],
       [26, 16, 29, 30],
       [10, 30,  9, 16],
       [26,  6, 16,  7]]),
                               'tri': array([[16,  7,  8],
       [16,  8,  9]])}})
[Rank 2] SubMesh(etypes=['quad', 'tri'],
        eidxs={'quad': array([ 1,  2, 15, 17,  3, 10, 16]),
               'tri': array([2, 7])},
        arrays={'con': {'quad': array([[[ 2,  0,  3,  3],
        [ 0,  0, 12,  1],
        [ 2,  0,  2,  2],
        [ 2,  0, 17,  1]],

       [[ 1,  0, 20,  2],
        [ 2,  0, 17,  2],
        [ 2,  0,  1,  2],
        [ 1,  0,  6,  0]],

       [[ 0,  0,  0,  1],
        [ 0,  0, 12,  2],
        [ 2,  0,  3,  2],
        [ 2,  0, 10,  0]],

       [[ 2,  0, 16,  0],
        [ 2,  0,  1,  3],
        [ 2,  0,  2,  1],
        [ 1,  0, 11,  0]],

       [[ 2,  0, 16,  3],
        [ 2,  0, 10,  1],
        [ 2,  0, 15,  2],
        [ 2,  0,  1,  0]],

       [[ 2,  0, 15,  3],
        [ 2,  0,  3,  1],
        [ 2,  1,  7,  2],
        [-1, -1, -1,  2]],

       [[ 2,  0, 17,  0],
        [-1, -1, -1,  0],
        [ 2,  1,  2,  0],
        [ 2,  0,  3,  0]]]),
                        'tri': array([[[ 2,  0, 16,  2],
        [-1, -1, -1,  0],
        [ 2,  1,  7,  0]],

       [[ 2,  1,  2,  2],
        [-1, -1, -1,  2],
        [ 2,  0, 10,  2]]])},
                'spts': {'quad': array([[[0.62359953, 0.22794287],
        [0.68074413, 0.41970635],
        [0.49541325, 0.31519935],
        [0.49592129, 0.49379152]],

       [[0.30641017, 0.41891218],
        [0.36671894, 0.22386365],
        [0.49592129, 0.49379152],
        [0.49541325, 0.31519935]],

       [[1.        , 0.5       ],
        [0.7818017 , 0.58014363],
        [0.83472002, 0.36749615],
        [0.68074413, 0.41970635]],

       [[0.5       , 0.        ],
        [0.62359953, 0.22794287],
        [0.36671894, 0.22386365],
        [0.49541325, 0.31519935]],

       [[0.62359953, 0.22794287],
        [0.82341592, 0.18278211],
        [0.68074413, 0.41970635],
        [0.83472002, 0.36749615]],

       [[1.        , 0.5       ],
        [0.83472002, 0.36749615],
        [1.        , 0.25      ],
        [0.82341592, 0.18278211]],

       [[0.62359953, 0.22794287],
        [0.5       , 0.        ],
        [0.82341592, 0.18278211],
        [0.75      , 0.        ]]]),
                         'tri': array([[[0.82341592, 0.18278211],
        [0.75      , 0.        ],
        [1.        , 0.        ]],

       [[0.82341592, 0.18278211],
        [1.        , 0.        ],
        [1.        , 0.25      ]]])},
                'spts_curved': {'quad': array([False, False, False, False, False, False, False]),
                                'tri': array([False, False])},
                'spts_nodes': {'quad': array([[26, 29, 27, 31],
       [22, 21, 31, 27],
       [10, 28, 30, 29],
       [ 6, 26, 21, 27],
       [26, 16, 29, 30],
       [10, 30,  9, 16],
       [26,  6, 16,  7]]),
                               'tri': array([[16,  7,  8],
       [16,  8,  9]])}})
[Rank 2] SubMesh(etypes=['quad', 'tri'],
        eidxs={'quad': array([ 3,  1, 15, 10, 16]), 'tri': array([2, 7])},
        arrays={'con': {'quad': array([[[ 2,  0, 16,  3],
        [ 2,  0, 10,  1],
        [ 2,  0, 15,  2],
        [ 2,  0,  1,  0]],

       [[ 2,  0,  3,  3],
        [ 0,  0, 12,  1],
        [ 2,  0,  2,  2],
        [ 2,  0, 17,  1]],

       [[ 0,  0,  0,  1],
        [ 0,  0, 12,  2],
        [ 2,  0,  3,  2],
        [ 2,  0, 10,  0]],

       [[ 2,  0, 15,  3],
        [ 2,  0,  3,  1],
        [ 2,  1,  7,  2],
        [-1, -1, -1,  2]],

       [[ 2,  0, 17,  0],
        [-1, -1, -1,  0],
        [ 2,  1,  2,  0],
        [ 2,  0,  3,  0]]]),
                        'tri': array([[[ 2,  0, 16,  2],
        [-1, -1, -1,  0],
        [ 2,  1,  7,  0]],

       [[ 2,  1,  2,  2],
        [-1, -1, -1,  2],
        [ 2,  0, 10,  2]]])},
                'spts': {'quad': array([[[0.62359953, 0.22794287],
        [0.82341592, 0.18278211],
        [0.68074413, 0.41970635],
        [0.83472002, 0.36749615]],

       [[0.62359953, 0.22794287],
        [0.68074413, 0.41970635],
        [0.49541325, 0.31519935],
        [0.49592129, 0.49379152]],

       [[1.        , 0.5       ],
        [0.7818017 , 0.58014363],
        [0.83472002, 0.36749615],
        [0.68074413, 0.41970635]],

       [[1.        , 0.5       ],
        [0.83472002, 0.36749615],
        [1.        , 0.25      ],
        [0.82341592, 0.18278211]],

       [[0.62359953, 0.22794287],
        [0.5       , 0.        ],
        [0.82341592, 0.18278211],
        [0.75      , 0.        ]]]),
                         'tri': array([[[0.82341592, 0.18278211],
        [0.75      , 0.        ],
        [1.        , 0.        ]],

       [[0.82341592, 0.18278211],
        [1.        , 0.        ],
        [1.        , 0.25      ]]])},
                'spts_curved': {'quad': array([False, False, False, False, False]),
                                'tri': array([False, False])},
                'spts_nodes': {'quad': array([[26, 16, 29, 30],
       [26, 29, 27, 31],
       [10, 28, 30, 29],
       [10, 30,  9, 16],
       [26,  6, 16,  7]]),
                               'tri': array([[16,  7,  8],
       [16,  8,  9]])}})
[Rank 2] SubMesh(etypes=['quad', 'tri'],
        eidxs={'quad': array([ 1,  2, 15, 17,  3, 10, 16]),
               'tri': array([2, 7])},
        arrays={'con': {'quad': array([[[ 2,  0,  3,  3],
        [ 0,  0, 12,  1],
        [ 2,  0,  2,  2],
        [ 2,  0, 17,  1]],

       [[ 1,  0, 20,  2],
        [ 2,  0, 17,  2],
        [ 2,  0,  1,  2],
        [ 1,  0,  6,  0]],

       [[ 0,  0,  0,  1],
        [ 0,  0, 12,  2],
        [ 2,  0,  3,  2],
        [ 2,  0, 10,  0]],

       [[ 2,  0, 16,  0],
        [ 2,  0,  1,  3],
        [ 2,  0,  2,  1],
        [ 1,  0, 11,  0]],

       [[ 2,  0, 16,  3],
        [ 2,  0, 10,  1],
        [ 2,  0, 15,  2],
        [ 2,  0,  1,  0]],

       [[ 2,  0, 15,  3],
        [ 2,  0,  3,  1],
        [ 2,  1,  7,  2],
        [-1, -1, -1,  2]],

       [[ 2,  0, 17,  0],
        [-1, -1, -1,  0],
        [ 2,  1,  2,  0],
        [ 2,  0,  3,  0]]]),
                        'tri': array([[[ 2,  0, 16,  2],
        [-1, -1, -1,  0],
        [ 2,  1,  7,  0]],

       [[ 2,  1,  2,  2],
        [-1, -1, -1,  2],
        [ 2,  0, 10,  2]]])},
                'spts': {'quad': array([[[0.62359953, 0.22794287],
        [0.68074413, 0.41970635],
        [0.49541325, 0.31519935],
        [0.49592129, 0.49379152]],

       [[0.30641017, 0.41891218],
        [0.36671894, 0.22386365],
        [0.49592129, 0.49379152],
        [0.49541325, 0.31519935]],

       [[1.        , 0.5       ],
        [0.7818017 , 0.58014363],
        [0.83472002, 0.36749615],
        [0.68074413, 0.41970635]],

       [[0.5       , 0.        ],
        [0.62359953, 0.22794287],
        [0.36671894, 0.22386365],
        [0.49541325, 0.31519935]],

       [[0.62359953, 0.22794287],
        [0.82341592, 0.18278211],
        [0.68074413, 0.41970635],
        [0.83472002, 0.36749615]],

       [[1.        , 0.5       ],
        [0.83472002, 0.36749615],
        [1.        , 0.25      ],
        [0.82341592, 0.18278211]],

       [[0.62359953, 0.22794287],
        [0.5       , 0.        ],
        [0.82341592, 0.18278211],
        [0.75      , 0.        ]]]),
                         'tri': array([[[0.82341592, 0.18278211],
        [0.75      , 0.        ],
        [1.        , 0.        ]],

       [[0.82341592, 0.18278211],
        [1.        , 0.        ],
        [1.        , 0.25      ]]])},
                'spts_curved': {'quad': array([False, False, False, False, False, False, False]),
                                'tri': array([False, False])},
                'spts_nodes': {'quad': array([[26, 29, 27, 31],
       [22, 21, 31, 27],
       [10, 28, 30, 29],
       [ 6, 26, 21, 27],
       [26, 16, 29, 30],
       [10, 30,  9, 16],
       [26,  6, 16,  7]]),
                               'tri': array([[16,  7,  8],
       [16,  8,  9]])}})
[Rank 2] SubMesh(etypes=['quad', 'tri'],
        eidxs={'quad': array([ 3, 10, 16,  1, 15]), 'tri': array([2, 7])},
        arrays={'con': {'quad': array([[[ 2,  0, 16,  3],
        [ 2,  0, 10,  1],
        [ 2,  0, 15,  2],
        [ 2,  0,  1,  0]],

       [[ 2,  0, 15,  3],
        [ 2,  0,  3,  1],
        [ 2,  1,  7,  2],
        [-1, -1, -1,  2]],

       [[ 2,  0, 17,  0],
        [-1, -1, -1,  0],
        [ 2,  1,  2,  0],
        [ 2,  0,  3,  0]],

       [[ 2,  0,  3,  3],
        [ 0,  0, 12,  1],
        [ 2,  0,  2,  2],
        [ 2,  0, 17,  1]],

       [[ 0,  0,  0,  1],
        [ 0,  0, 12,  2],
        [ 2,  0,  3,  2],
        [ 2,  0, 10,  0]]]),
                        'tri': array([[[ 2,  0, 16,  2],
        [-1, -1, -1,  0],
        [ 2,  1,  7,  0]],

       [[ 2,  1,  2,  2],
        [-1, -1, -1,  2],
        [ 2,  0, 10,  2]]])},
                'spts': {'quad': array([[[0.62359953, 0.22794287],
        [0.82341592, 0.18278211],
        [0.68074413, 0.41970635],
        [0.83472002, 0.36749615]],

       [[1.        , 0.5       ],
        [0.83472002, 0.36749615],
        [1.        , 0.25      ],
        [0.82341592, 0.18278211]],

       [[0.62359953, 0.22794287],
        [0.5       , 0.        ],
        [0.82341592, 0.18278211],
        [0.75      , 0.        ]],

       [[0.62359953, 0.22794287],
        [0.68074413, 0.41970635],
        [0.49541325, 0.31519935],
        [0.49592129, 0.49379152]],

       [[1.        , 0.5       ],
        [0.7818017 , 0.58014363],
        [0.83472002, 0.36749615],
        [0.68074413, 0.41970635]]]),
                         'tri': array([[[0.82341592, 0.18278211],
        [0.75      , 0.        ],
        [1.        , 0.        ]],

       [[0.82341592, 0.18278211],
        [1.        , 0.        ],
        [1.        , 0.25      ]]])},
                'spts_curved': {'quad': array([False, False, False, False, False]),
                                'tri': array([False, False])},
                'spts_nodes': {'quad': array([[26, 16, 29, 30],
       [10, 30,  9, 16],
       [26,  6, 16,  7],
       [26, 29, 27, 31],
       [10, 28, 30, 29]]),
                               'tri': array([[16,  7,  8],
       [16,  8,  9]])}})
[Rank 2] SubMesh(etypes=['quad', 'tri'],
        eidxs={'quad': array([ 1,  2, 15, 17,  3, 10, 16]),
               'tri': array([2, 7])},
        arrays={'con': {'quad': array([[[ 2,  0,  3,  3],
        [ 0,  0, 12,  1],
        [ 2,  0,  2,  2],
        [ 2,  0, 17,  1]],

       [[ 1,  0, 20,  2],
        [ 2,  0, 17,  2],
        [ 2,  0,  1,  2],
        [ 1,  0,  6,  0]],

       [[ 0,  0,  0,  1],
        [ 0,  0, 12,  2],
        [ 2,  0,  3,  2],
        [ 2,  0, 10,  0]],

       [[ 2,  0, 16,  0],
        [ 2,  0,  1,  3],
        [ 2,  0,  2,  1],
        [ 1,  0, 11,  0]],

       [[ 2,  0, 16,  3],
        [ 2,  0, 10,  1],
        [ 2,  0, 15,  2],
        [ 2,  0,  1,  0]],

       [[ 2,  0, 15,  3],
        [ 2,  0,  3,  1],
        [ 2,  1,  7,  2],
        [-1, -1, -1,  2]],

       [[ 2,  0, 17,  0],
        [-1, -1, -1,  0],
        [ 2,  1,  2,  0],
        [ 2,  0,  3,  0]]]),
                        'tri': array([[[ 2,  0, 16,  2],
        [-1, -1, -1,  0],
        [ 2,  1,  7,  0]],

       [[ 2,  1,  2,  2],
        [-1, -1, -1,  2],
        [ 2,  0, 10,  2]]])},
                'spts': {'quad': array([[[0.62359953, 0.22794287],
        [0.68074413, 0.41970635],
        [0.49541325, 0.31519935],
        [0.49592129, 0.49379152]],

       [[0.30641017, 0.41891218],
        [0.36671894, 0.22386365],
        [0.49592129, 0.49379152],
        [0.49541325, 0.31519935]],

       [[1.        , 0.5       ],
        [0.7818017 , 0.58014363],
        [0.83472002, 0.36749615],
        [0.68074413, 0.41970635]],

       [[0.5       , 0.        ],
        [0.62359953, 0.22794287],
        [0.36671894, 0.22386365],
        [0.49541325, 0.31519935]],

       [[0.62359953, 0.22794287],
        [0.82341592, 0.18278211],
        [0.68074413, 0.41970635],
        [0.83472002, 0.36749615]],

       [[1.        , 0.5       ],
        [0.83472002, 0.36749615],
        [1.        , 0.25      ],
        [0.82341592, 0.18278211]],

       [[0.62359953, 0.22794287],
        [0.5       , 0.        ],
        [0.82341592, 0.18278211],
        [0.75      , 0.        ]]]),
                         'tri': array([[[0.82341592, 0.18278211],
        [0.75      , 0.        ],
        [1.        , 0.        ]],

       [[0.82341592, 0.18278211],
        [1.        , 0.        ],
        [1.        , 0.25      ]]])},
                'spts_curved': {'quad': array([False, False, False, False, False, False, False]),
                                'tri': array([False, False])},
                'spts_nodes': {'quad': array([[26, 29, 27, 31],
       [22, 21, 31, 27],
       [10, 28, 30, 29],
       [ 6, 26, 21, 27],
       [26, 16, 29, 30],
       [10, 30,  9, 16],
       [26,  6, 16,  7]]),
                               'tri': array([[16,  7,  8],
       [16,  8,  9]])}})
[Rank 2] {'quad': array([ True,  True, False, False, False]),
 'tri': array([False, False])}
[Rank 2] SubMesh(etypes=['quad', 'tri'],
        eidxs={'quad': array([ 3, 10, 16,  1, 15]), 'tri': array([2, 7])},
        arrays={'con': {'quad': array([[[ 2,  0, 16,  3],
        [ 2,  0, 10,  1],
        [ 2,  0, 15,  2],
        [ 2,  0,  1,  0]],

       [[ 2,  0, 15,  3],
        [ 2,  0,  3,  1],
        [ 2,  1,  7,  2],
        [-1, -1, -1,  2]],

       [[ 2,  0, 17,  0],
        [-1, -1, -1,  0],
        [ 2,  1,  2,  0],
        [ 2,  0,  3,  0]],

       [[ 2,  0,  3,  3],
        [ 0,  0, 12,  1],
        [ 2,  0,  2,  2],
        [ 2,  0, 17,  1]],

       [[ 0,  0,  0,  1],
        [ 0,  0, 12,  2],
        [ 2,  0,  3,  2],
        [ 2,  0, 10,  0]]]),
                        'tri': array([[[ 2,  0, 16,  2],
        [-1, -1, -1,  0],
        [ 2,  1,  7,  0]],

       [[ 2,  1,  2,  2],
        [-1, -1, -1,  2],
        [ 2,  0, 10,  2]]])},
                'spts': {'quad': array([[[0.62359953, 0.22794287],
        [0.82341592, 0.18278211],
        [0.68074413, 0.41970635],
        [0.83472002, 0.36749615]],

       [[1.        , 0.5       ],
        [0.83472002, 0.36749615],
        [1.        , 0.25      ],
        [0.82341592, 0.18278211]],

       [[0.62359953, 0.22794287],
        [0.5       , 0.        ],
        [0.82341592, 0.18278211],
        [0.75      , 0.        ]],

       [[0.62359953, 0.22794287],
        [0.68074413, 0.41970635],
        [0.49541325, 0.31519935],
        [0.49592129, 0.49379152]],

       [[1.        , 0.5       ],
        [0.7818017 , 0.58014363],
        [0.83472002, 0.36749615],
        [0.68074413, 0.41970635]]]),
                         'tri': array([[[0.82341592, 0.18278211],
        [0.75      , 0.        ],
        [1.        , 0.        ]],

       [[0.82341592, 0.18278211],
        [1.        , 0.        ],
        [1.        , 0.25      ]]])},
                'spts_curved': {'quad': array([False, False, False, False, False]),
                                'tri': array([False, False])},
                'spts_nodes': {'quad': array([[26, 16, 29, 30],
       [10, 30,  9, 16],
       [26,  6, 16,  7],
       [26, 29, 27, 31],
       [10, 28, 30, 29]]),
                               'tri': array([[16,  7,  8],
       [16,  8,  9]])}})
[Rank 2] {'quad': array([ True,  True, False, False, False]),
 'tri': array([False, False])}
[Rank 2] {'quad': array([ 1, 15,  3, 10, 16]), 'tri': array([2, 7])}
[Rank 2] {'quad': array([ True,  True, False, False, False]),
 'tri': array([False, False])}
[Rank 2] {'quad': array([ 3, 10, 16,  1, 15]), 'tri': array([2, 7])}
[Rank 2] {'quad': array([ 1, 15,  3, 10, 16]), 'tri': array([2, 7])}
[Rank 2] {'quad': array([ True,  True, False, False, False]),
 'tri': array([False, False])}
[Rank 2] {'quad': array([ 1, 15,  3, 10, 16]), 'tri': array([2, 7])}
[Rank 2] {'quad': array([ 1,  2, 15, 17,  3, 10, 16]), 'tri': array([2, 7])}
[Rank 2] {'quad': array([ 0, 12, 19, 21,  6,  5,  2, 17,  1, 15,  3, 10, 16,  4, 11, 20,  8]),
 'tri': array([1, 2, 7, 4, 6])}
[Rank 2] {'quad': array([[[ 2,  0,  3,  3],
        [ 0,  0, 12,  1],
        [ 2,  0,  2,  2],
        [ 2,  0, 17,  1]],

       [[ 1,  0, 20,  2],
        [ 2,  0, 17,  2],
        [ 2,  0,  1,  2],
        [ 1,  0,  6,  0]],

       [[ 0,  0,  0,  1],
        [ 0,  0, 12,  2],
        [ 2,  0,  3,  2],
        [ 2,  0, 10,  0]],

       [[ 2,  0, 16,  0],
        [ 2,  0,  1,  3],
        [ 2,  0,  2,  1],
        [ 1,  0, 11,  0]],

       [[ 2,  0, 16,  3],
        [ 2,  0, 10,  1],
        [ 2,  0, 15,  2],
        [ 2,  0,  1,  0]],

       [[ 2,  0, 15,  3],
        [ 2,  0,  3,  1],
        [ 2,  1,  7,  2],
        [-1, -1, -1,  2]],

       [[ 2,  0, 17,  0],
        [-1, -1, -1,  0],
        [ 2,  1,  2,  0],
        [ 2,  0,  3,  0]]]),
 'tri': array([[[ 2,  0, 16,  2],
        [-1, -1, -1,  0],
        [ 2,  1,  7,  0]],

       [[ 2,  1,  2,  2],
        [-1, -1, -1,  2],
        [ 2,  0, 10,  2]]])}
[Rank 2] {'quad': array([ 1,  2, 15, 17,  3, 10, 16]), 'tri': array([2, 7])}
[Rank 2] {'quad': array([ 0, 12, 19, 21,  6,  5,  2, 17,  1, 15,  3, 10, 16,  4, 11, 20,  8]),
 'tri': array([1, 2, 7, 4, 6])}
[Rank 2] {'quad': array([[[ 2,  0,  3,  3],
        [ 0,  0, 12,  1],
        [ 2,  0,  2,  2],
        [ 2,  0, 17,  1]],

       [[ 1,  0, 20,  2],
        [ 2,  0, 17,  2],
        [ 2,  0,  1,  2],
        [ 1,  0,  6,  0]],

       [[ 0,  0,  0,  1],
        [ 0,  0, 12,  2],
        [ 2,  0,  3,  2],
        [ 2,  0, 10,  0]],

       [[ 2,  0, 16,  0],
        [ 2,  0,  1,  3],
        [ 2,  0,  2,  1],
        [ 1,  0, 11,  0]],

       [[ 2,  0, 16,  3],
        [ 2,  0, 10,  1],
        [ 2,  0, 15,  2],
        [ 2,  0,  1,  0]],

       [[ 2,  0, 15,  3],
        [ 2,  0,  3,  1],
        [ 2,  1,  7,  2],
        [-1, -1, -1,  2]],

       [[ 2,  0, 17,  0],
        [-1, -1, -1,  0],
        [ 2,  1,  2,  0],
        [ 2,  0,  3,  0]]]),
 'tri': array([[[ 2,  0, 16,  2],
        [-1, -1, -1,  0],
        [ 2,  1,  7,  0]],

       [[ 2,  1,  2,  2],
        [-1, -1, -1,  2],
        [ 2,  0, 10,  2]]])}
[Rank 2] {'quad': array([ 1,  2, 15, 17,  3, 10, 16]), 'tri': array([2, 7])}
[Rank 2] {'quad': array([ 0, 12, 19, 21,  6,  5,  2, 17,  1, 15,  3, 10, 16,  4, 11, 20,  8]),
 'tri': array([1, 2, 7, 4, 6])}
[Rank 2] {'quad': array([ 1,  2, 15, 17,  3, 10, 16]), 'tri': array([2, 7])}
[Rank 2] {'quad': array([ 0, 12, 19, 21,  6,  5,  1,  2, 15, 17,  3, 10, 16,  4, 11, 20,  8]),
 'tri': array([1, 2, 7, 4, 6])}
[Rank 2] {'quad': array([ 1,  2, 15, 17,  3, 10, 16]), 'tri': array([2, 7])}
[Rank 2] {'quad': array([ 0, 12, 19, 21,  6,  5,  1,  2, 15, 17,  3, 10, 16,  4, 11, 20,  8]),
 'tri': array([1, 2, 7, 4, 6])}
[Rank 2] {'quad': array([ 1,  2, 15, 17,  3, 10, 16]), 'tri': array([2, 7])}
[Rank 2] {'quad': array([ 1,  2, 15, 17,  3, 10, 16]), 'tri': array([2, 7])}
[Rank 2] {'quad': array([ 6,  5,  0, 12, 19, 21,  1, 15,  2, 17,  3, 10, 16, 11, 20,  8,  4]),
 'tri': array([1, 2, 7, 4, 6])}
