[Rank 1] Base totals  →  elems=30 conn-rows=112
[Rank 1] SubPartitionedMesh(etypes=['quad', 'tri'],
                   eidxs_base={'quad': array([ 6,  7, 11, 20,  5,  8,  9, 13]),
                               'tri': array([0, 4, 6])},
                   eidxs={'quad': array([ 2,  5,  6,  7,  8,  9, 11, 13, 17, 20]),
                          'tri': array([0, 4, 6])},
                   conn=array([[ 0,  0,  0,  0,  0,  3,  1],
       [ 0,  0,  1,  1,  1, 13,  2],
       [ 0,  0,  2,  1,  1,  7,  3],
       [ 0,  4,  0,  1,  0,  6,  0],
       [ 0,  4,  1,  1,  1,  8,  1],
       [ 0,  4,  2, -1, -1, -1,  1],
       [ 0,  6,  0,  1,  0,  4,  0],
       [ 0,  6,  1, -1, -1, -1,  0],
       [ 0,  6,  2,  1,  1, 11,  2],
       [ 1,  5,  0,  1,  1,  9,  0],
       [ 1,  5,  1,  1,  1,  8,  3],
       [ 1,  5,  2,  1,  1, 20,  3],
       [ 1,  5,  3,  1,  1,  6,  3],
       [ 1,  6,  0,  1,  1,  2,  3],
       [ 1,  6,  1,  0,  1, 14,  0],
       [ 1,  6,  2,  1,  1,  7,  1],
       [ 1,  6,  3,  1,  1,  5,  3],
       [ 1,  7,  0,  1,  1,  9,  1],
       [ 1,  7,  1,  1,  1,  6,  2],
       [ 1,  7,  2,  0,  1, 18,  3],
       [ 1,  7,  3,  1,  0,  0,  2],
       [ 1,  8,  0, -1, -1, -1,  1],
       [ 1,  8,  1,  1,  0,  4,  1],
       [ 1,  8,  2,  1,  1, 20,  0],
       [ 1,  8,  3,  1,  1,  5,  1],
       [ 1,  9,  0,  1,  1,  5,  0],
       [ 1,  9,  1,  1,  1,  7,  0],
       [ 1,  9,  2,  1,  1, 13,  1],
       [ 1,  9,  3, -1, -1, -1,  1],
       [ 1, 11,  0,  1,  1, 17,  3],
       [ 1, 11,  1,  1,  1, 20,  1],
       [ 1, 11,  2,  1,  0,  6,  2],
       [ 1, 11,  3, -1, -1, -1,  0],
       [ 1, 13,  0, -1, -1, -1,  1],
       [ 1, 13,  1,  1,  1,  9,  2],
       [ 1, 13,  2,  1,  0,  0,  1],
       [ 1, 13,  3, -1, -1, -1,  3],
       [ 1, 20,  0,  1,  1,  8,  2],
       [ 1, 20,  1,  1,  1, 11,  1],
       [ 1, 20,  2,  1,  1,  2,  0],
       [ 1, 20,  3,  1,  1,  5,  2],
       [ 1,  2,  0,  1,  1, 20,  2],
       [ 1,  2,  1,  1,  1, 17,  2],
       [ 1,  2,  2,  2,  1,  1,  2],
       [ 1,  2,  3,  1,  1,  6,  0],
       [ 1, 17,  0,  2,  1, 16,  0],
       [ 1, 17,  1,  2,  1,  1,  3],
       [ 1, 17,  2,  1,  1,  2,  1],
       [ 1, 17,  3,  1,  1, 11,  0]]),
                   spts={'quad': array([[[3.06410170e-001, 4.18912180e-001],
        [4.95921290e-001, 4.93791520e-001],
        [2.16944460e-001, 5.93267550e-001],
        [3.85341860e-001, 6.85737100e-001]],

       [[1.76025830e-001, 7.68420930e-001],
        [2.16944460e-001, 5.93267550e-001],
        [3.28884570e-001, 8.53981260e-001],
        [3.85341860e-001, 6.85737100e-001]],

       [[5.00000000e-001, 0.00000000e+000],
        [3.66718940e-001, 2.23863650e-001],
        [2.50000000e-001, 0.00000000e+000],
        [1.68787910e-001, 1.85197440e-001]],

       [[1.54537630e-001, 3.62101850e-001],
        [1.68787910e-001, 1.85197440e-001],
        [3.06410170e-001, 4.18912180e-001],
        [3.66718940e-001, 2.23863650e-001]],

       [[2.16944460e-001, 5.93267550e-001],
        [0.00000000e+000, 5.00000000e-001],
        [3.06410170e-001, 4.18912180e-001],
        [1.54537630e-001, 3.62101850e-001]],

       [[0.00000000e+000, 5.00000000e-001],
        [0.00000000e+000, 2.50000000e-001],
        [1.54537630e-001, 3.62101850e-001],
        [1.68787910e-001, 1.85197440e-001]],

       [[0.00000000e+000, 5.00000000e-001],
        [2.16944460e-001, 5.93267550e-001],
        [0.00000000e+000, 7.50000000e-001],
        [1.76025830e-001, 7.68420930e-001]],

       [[0.00000000e+000, 1.00000000e+000],
        [0.00000000e+000, 7.50000000e-001],
        [2.50000000e-001, 1.00000000e+000],
        [1.76025830e-001, 7.68420930e-001]],

       [[6.82000869e-310, 6.82000869e-310],
        [0.00000000e+000, 3.21142670e-322],
        [0.00000000e+000, 1.48219694e-323],
        [9.88131292e-324, 0.00000000e+000]],

       [[0.00000000e+000, 0.00000000e+000],
        [1.12676723e-314, 1.63041663e-322],
        [0.00000000e+000, 0.00000000e+000],
        [0.00000000e+000, 1.63041663e-322]]]),
                         'tri': array([[[0.32888457, 0.85398126],
        [0.25      , 1.        ],
        [0.17602583, 0.76842093]],

       [[0.        , 0.        ],
        [0.16878791, 0.18519744],
        [0.        , 0.25      ]],

       [[0.16878791, 0.18519744],
        [0.        , 0.        ],
        [0.25      , 0.        ]]])},
                   spts_nodes={'quad': array([[         22,          31,          34,          24],
       [         33,          34,          25,          24],
       [          6,          21,           5,          17],
       [         20,          17,          22,          21],
       [         34,           2,          22,          20],
       [          2,           3,          20,          17],
       [          2,          34,           1,          33],
       [          0,           1,          15,          33],
       [23061571248,           0,           0,          33],
       [          3,           8,           0,          33]]),
                               'tri': array([[25, 15, 33],
       [ 4, 17,  3],
       [17,  4,  5]])},
                   spts_curved={'quad': array([False, False, False, False, False, False, False, False,  True,
        True]),
                                'tri': array([False, False, False])},
                   strict_geometry=True)
[Rank 1] Base totals  →  elems=30 conn-rows=112
[Rank 1] SubPartitionedMesh(etypes=['quad', 'tri'],
                   eidxs_base={'quad': array([ 6,  7, 11, 20,  5,  8,  9, 13]),
                               'tri': array([0, 4, 6])},
                   eidxs={'quad': array([ 2,  5,  6,  7,  8,  9, 11, 13, 17, 20]),
                          'tri': array([0, 4, 6])},
                   conn=array([[ 0,  0,  0,  0,  0,  3,  1],
       [ 0,  0,  1,  1,  1, 13,  2],
       [ 0,  0,  2,  1,  1,  7,  3],
       [ 0,  4,  0,  1,  0,  6,  0],
       [ 0,  4,  1,  1,  1,  8,  1],
       [ 0,  4,  2, -1, -1, -1,  1],
       [ 0,  6,  0,  1,  0,  4,  0],
       [ 0,  6,  1, -1, -1, -1,  0],
       [ 0,  6,  2,  1,  1, 11,  2],
       [ 1,  5,  0,  1,  1,  9,  0],
       [ 1,  5,  1,  1,  1,  8,  3],
       [ 1,  5,  2,  1,  1, 20,  3],
       [ 1,  5,  3,  1,  1,  6,  3],
       [ 1,  6,  0,  1,  1,  2,  3],
       [ 1,  6,  1,  0,  1, 14,  0],
       [ 1,  6,  2,  1,  1,  7,  1],
       [ 1,  6,  3,  1,  1,  5,  3],
       [ 1,  7,  0,  1,  1,  9,  1],
       [ 1,  7,  1,  1,  1,  6,  2],
       [ 1,  7,  2,  0,  1, 18,  3],
       [ 1,  7,  3,  1,  0,  0,  2],
       [ 1,  8,  0, -1, -1, -1,  1],
       [ 1,  8,  1,  1,  0,  4,  1],
       [ 1,  8,  2,  1,  1, 20,  0],
       [ 1,  8,  3,  1,  1,  5,  1],
       [ 1,  9,  0,  1,  1,  5,  0],
       [ 1,  9,  1,  1,  1,  7,  0],
       [ 1,  9,  2,  1,  1, 13,  1],
       [ 1,  9,  3, -1, -1, -1,  1],
       [ 1, 11,  0,  1,  1, 17,  3],
       [ 1, 11,  1,  1,  1, 20,  1],
       [ 1, 11,  2,  1,  0,  6,  2],
       [ 1, 11,  3, -1, -1, -1,  0],
       [ 1, 13,  0, -1, -1, -1,  1],
       [ 1, 13,  1,  1,  1,  9,  2],
       [ 1, 13,  2,  1,  0,  0,  1],
       [ 1, 13,  3, -1, -1, -1,  3],
       [ 1, 20,  0,  1,  1,  8,  2],
       [ 1, 20,  1,  1,  1, 11,  1],
       [ 1, 20,  2,  1,  1,  2,  0],
       [ 1, 20,  3,  1,  1,  5,  2],
       [ 1,  2,  0,  1,  1, 20,  2],
       [ 1,  2,  1,  1,  1, 17,  2],
       [ 1,  2,  2,  2,  1,  1,  2],
       [ 1,  2,  3,  1,  1,  6,  0],
       [ 1, 17,  0,  2,  1, 16,  0],
       [ 1, 17,  1,  2,  1,  1,  3],
       [ 1, 17,  2,  1,  1,  2,  1],
       [ 1, 17,  3,  1,  1, 11,  0]]),
                   spts={'quad': array([[[3.06410170e-001, 4.18912180e-001],
        [4.95921290e-001, 4.93791520e-001],
        [2.16944460e-001, 5.93267550e-001],
        [3.85341860e-001, 6.85737100e-001]],

       [[1.76025830e-001, 7.68420930e-001],
        [2.16944460e-001, 5.93267550e-001],
        [3.28884570e-001, 8.53981260e-001],
        [3.85341860e-001, 6.85737100e-001]],

       [[5.00000000e-001, 0.00000000e+000],
        [3.66718940e-001, 2.23863650e-001],
        [2.50000000e-001, 0.00000000e+000],
        [1.68787910e-001, 1.85197440e-001]],

       [[1.54537630e-001, 3.62101850e-001],
        [1.68787910e-001, 1.85197440e-001],
        [3.06410170e-001, 4.18912180e-001],
        [3.66718940e-001, 2.23863650e-001]],

       [[2.16944460e-001, 5.93267550e-001],
        [0.00000000e+000, 5.00000000e-001],
        [3.06410170e-001, 4.18912180e-001],
        [1.54537630e-001, 3.62101850e-001]],

       [[0.00000000e+000, 5.00000000e-001],
        [0.00000000e+000, 2.50000000e-001],
        [1.54537630e-001, 3.62101850e-001],
        [1.68787910e-001, 1.85197440e-001]],

       [[0.00000000e+000, 5.00000000e-001],
        [2.16944460e-001, 5.93267550e-001],
        [0.00000000e+000, 7.50000000e-001],
        [1.76025830e-001, 7.68420930e-001]],

       [[0.00000000e+000, 1.00000000e+000],
        [0.00000000e+000, 7.50000000e-001],
        [2.50000000e-001, 1.00000000e+000],
        [1.76025830e-001, 7.68420930e-001]],

       [[6.65723317e-310, 6.65723317e-310],
        [5.92878775e-323, 3.21142670e-322],
        [0.00000000e+000, 1.48219694e-323],
        [9.88131292e-324, 0.00000000e+000]],

       [[0.00000000e+000, 0.00000000e+000],
        [9.88131292e-324, 1.63041663e-322],
        [0.00000000e+000, 0.00000000e+000],
        [0.00000000e+000, 1.63041663e-322]]]),
                         'tri': array([[[0.32888457, 0.85398126],
        [0.25      , 1.        ],
        [0.17602583, 0.76842093]],

       [[0.        , 0.        ],
        [0.16878791, 0.18519744],
        [0.        , 0.25      ]],

       [[0.16878791, 0.18519744],
        [0.        , 0.        ],
        [0.25      , 0.        ]]])},
                   spts_nodes={'quad': array([[         22,          31,          34,          24],
       [         33,          34,          25,          24],
       [          6,          21,           5,          17],
       [         20,          17,          22,          21],
       [         34,           2,          22,          20],
       [          2,           3,          20,          17],
       [          2,          34,           1,          33],
       [          0,           1,          15,          33],
       [23192112411,           0,          -1,          33],
       [          3,           8,           7,          33]]),
                               'tri': array([[25, 15, 33],
       [ 4, 17,  3],
       [17,  4,  5]])},
                   spts_curved={'quad': array([False, False, False, False, False, False, False, False,  True,
        True]),
                                'tri': array([False, False, False])},
                   strict_geometry=True)
[Rank 1] Base totals  →  elems=30 conn-rows=112
[Rank 1] SubPartitionedMesh(etypes=['quad', 'tri'],
                   eidxs_base={'quad': array([ 6,  7, 11, 20,  5,  8,  9, 13]),
                               'tri': array([0, 4, 6])},
                   eidxs={'quad': array([ 2,  5,  6,  7,  8,  9, 11, 13, 17, 20]),
                          'tri': array([0, 4, 6])},
                   conn=array([[ 0,  0,  0,  0,  0,  3,  1],
       [ 0,  0,  1,  1,  1, 13,  2],
       [ 0,  0,  2,  1,  1,  7,  3],
       [ 0,  4,  0,  1,  0,  6,  0],
       [ 0,  4,  1,  1,  1,  8,  1],
       [ 0,  4,  2, -1, -1, -1,  1],
       [ 0,  6,  0,  1,  0,  4,  0],
       [ 0,  6,  1, -1, -1, -1,  0],
       [ 0,  6,  2,  1,  1, 11,  2],
       [ 1,  5,  0,  1,  1,  9,  0],
       [ 1,  5,  1,  1,  1,  8,  3],
       [ 1,  5,  2,  1,  1, 20,  3],
       [ 1,  5,  3,  1,  1,  6,  3],
       [ 1,  6,  0,  1,  1,  2,  3],
       [ 1,  6,  1,  0,  1, 14,  0],
       [ 1,  6,  2,  1,  1,  7,  1],
       [ 1,  6,  3,  1,  1,  5,  3],
       [ 1,  7,  0,  1,  1,  9,  1],
       [ 1,  7,  1,  1,  1,  6,  2],
       [ 1,  7,  2,  0,  1, 18,  3],
       [ 1,  7,  3,  1,  0,  0,  2],
       [ 1,  8,  0, -1, -1, -1,  1],
       [ 1,  8,  1,  1,  0,  4,  1],
       [ 1,  8,  2,  1,  1, 20,  0],
       [ 1,  8,  3,  1,  1,  5,  1],
       [ 1,  9,  0,  1,  1,  5,  0],
       [ 1,  9,  1,  1,  1,  7,  0],
       [ 1,  9,  2,  1,  1, 13,  1],
       [ 1,  9,  3, -1, -1, -1,  1],
       [ 1, 11,  0,  1,  1, 17,  3],
       [ 1, 11,  1,  1,  1, 20,  1],
       [ 1, 11,  2,  1,  0,  6,  2],
       [ 1, 11,  3, -1, -1, -1,  0],
       [ 1, 13,  0, -1, -1, -1,  1],
       [ 1, 13,  1,  1,  1,  9,  2],
       [ 1, 13,  2,  1,  0,  0,  1],
       [ 1, 13,  3, -1, -1, -1,  3],
       [ 1, 20,  0,  1,  1,  8,  2],
       [ 1, 20,  1,  1,  1, 11,  1],
       [ 1, 20,  2,  1,  1,  2,  0],
       [ 1, 20,  3,  1,  1,  5,  2],
       [ 1,  2,  0,  1,  1, 20,  2],
       [ 1,  2,  1,  1,  1, 17,  2],
       [ 1,  2,  2,  2,  1,  1,  2],
       [ 1,  2,  3,  1,  1,  6,  0],
       [ 1, 17,  0,  2,  1, 16,  0],
       [ 1, 17,  1,  2,  1,  1,  3],
       [ 1, 17,  2,  1,  1,  2,  1],
       [ 1, 17,  3,  1,  1, 11,  0]]),
                   spts={'quad': array([[[3.0641017e-001, 4.1891218e-001],
        [4.9592129e-001, 4.9379152e-001],
        [2.1694446e-001, 5.9326755e-001],
        [3.8534186e-001, 6.8573710e-001]],

       [[1.7602583e-001, 7.6842093e-001],
        [2.1694446e-001, 5.9326755e-001],
        [3.2888457e-001, 8.5398126e-001],
        [3.8534186e-001, 6.8573710e-001]],

       [[5.0000000e-001, 0.0000000e+000],
        [3.6671894e-001, 2.2386365e-001],
        [2.5000000e-001, 0.0000000e+000],
        [1.6878791e-001, 1.8519744e-001]],

       [[1.5453763e-001, 3.6210185e-001],
        [1.6878791e-001, 1.8519744e-001],
        [3.0641017e-001, 4.1891218e-001],
        [3.6671894e-001, 2.2386365e-001]],

       [[2.1694446e-001, 5.9326755e-001],
        [0.0000000e+000, 5.0000000e-001],
        [3.0641017e-001, 4.1891218e-001],
        [1.5453763e-001, 3.6210185e-001]],

       [[0.0000000e+000, 5.0000000e-001],
        [0.0000000e+000, 2.5000000e-001],
        [1.5453763e-001, 3.6210185e-001],
        [1.6878791e-001, 1.8519744e-001]],

       [[0.0000000e+000, 5.0000000e-001],
        [2.1694446e-001, 5.9326755e-001],
        [0.0000000e+000, 7.5000000e-001],
        [1.7602583e-001, 7.6842093e-001]],

       [[0.0000000e+000, 1.0000000e+000],
        [0.0000000e+000, 7.5000000e-001],
        [2.5000000e-001, 1.0000000e+000],
        [1.7602583e-001, 7.6842093e-001]],

       [[6.5496830e-310, 6.5496830e-310],
        [5.9287878e-323, 3.2114267e-322],
        [0.0000000e+000, 1.4821969e-323],
        [9.8813129e-324, 0.0000000e+000]],

       [[0.0000000e+000, 0.0000000e+000],
        [9.8813129e-324, 1.6304166e-322],
        [0.0000000e+000, 0.0000000e+000],
        [0.0000000e+000, 1.6304166e-322]]]),
                         'tri': array([[[0.32888457, 0.85398126],
        [0.25      , 1.        ],
        [0.17602583, 0.76842093]],

       [[0.        , 0.        ],
        [0.16878791, 0.18519744],
        [0.        , 0.25      ]],

       [[0.16878791, 0.18519744],
        [0.        , 0.        ],
        [0.25      , 0.        ]]])},
                   spts_nodes={'quad': array([[         22,          31,          34,          24],
       [         33,          34,          25,          24],
       [          6,          21,           5,          17],
       [         20,          17,          22,          21],
       [         34,           2,          22,          20],
       [          2,           3,          20,          17],
       [          2,          34,           1,          33],
       [          0,           1,          15,          33],
       [23440781935,           0,          -1,          33],
       [          3,           8,           7,          33]]),
                               'tri': array([[25, 15, 33],
       [ 4, 17,  3],
       [17,  4,  5]])},
                   spts_curved={'quad': array([False, False, False, False, False, False, False, False,  True,
        True]),
                                'tri': array([False, False, False])},
                   strict_geometry=True)
[Rank 1] Base totals  →  elems=30 conn-rows=112
[Rank 1] Base totals  →  elems=30 conn-rows=112
[Rank 1] Base totals  →  elems=30 conn-rows=112
[Rank 1] Base totals  →  elems=30 conn-rows=112
[Rank 1] Base totals  →  elems=30 conn-rows=112
[Rank 1] Base totals  →  elems=30 conn-rows=112
[Rank 1] Base totals  →  elems=30 conn-rows=112
[Rank 1] Base totals  →  elems=30 conn-rows=112
[Rank 1] Base totals  →  elems=30 conn-rows=112
[Rank 1] Base totals  →  elems=30 conn-rows=112
[Rank 1] Base totals  →  elems=30 conn-rows=112
[Rank 1] Base totals  →  elems=30 conn-rows=112
[Rank 1] Base totals  →  elems=30 conn-rows=112
[Rank 1] Base totals  →  elems=30 conn-rows=112
[Rank 1] Base totals  →  elems=30 conn-rows=112
[Rank 1] Base totals  →  elems=30 conn-rows=112
[Rank 1] Base totals  →  elems=30 conn-rows=112
[Rank 1] Base totals  →  elems=30 conn-rows=112
[Rank 1] Base totals  →  elems=30 conn-rows=112
[Rank 1] Base totals  →  elems=30 conn-rows=112
[Rank 1] Base totals  →  elems=30 conn-rows=112
[Rank 1] Base totals  →  elems=30 conn-rows=112
[Rank 1] Base totals  →  elems=30 conn-rows=112
[Rank 1] Base totals  →  elems=30 conn-rows=112
[Rank 1] Base totals  →  elems=30 conn-rows=112
[Rank 1] Base totals  →  elems=30 conn-rows=112
[Rank 1] Base totals  →  elems=30 conn-rows=112
[Rank 1] Base totals  →  elems=30 conn-rows=112
[Rank 1] Base totals  →  elems=30 conn-rows=112
[Rank 1] Base totals  →  elems=30 conn-rows=112
[Rank 1] Base totals  →  elems=30 conn-rows=112
[Rank 1] Base totals  →  elems=30 conn-rows=112
[Rank 1] Base totals  →  elems=30 conn-rows=112
[Rank 1] Base totals  →  elems=30 conn-rows=112
[Rank 1] SubPartitionedMesh(etypes=['quad', 'tri'],
                   eidxs_base={'quad': array([ 6,  7, 11, 20,  5,  8,  9, 13]),
                               'tri': array([0, 4, 6])},
                   eidxs={'quad': array([ 2,  5,  6,  7,  8,  9, 11, 13, 17, 20]),
                          'tri': array([0, 4, 6])},
                   conn=array([[ 0,  0,  0,  0,  0,  3,  1],
       [ 0,  0,  1,  1,  1, 13,  2],
       [ 0,  0,  2,  1,  1,  7,  3],
       [ 0,  4,  0,  1,  0,  6,  0],
       [ 0,  4,  1,  1,  1,  8,  1],
       [ 0,  4,  2, -1, -1, -1,  1],
       [ 0,  6,  0,  1,  0,  4,  0],
       [ 0,  6,  1, -1, -1, -1,  0],
       [ 0,  6,  2,  1,  1, 11,  2],
       [ 1,  5,  0,  1,  1,  9,  0],
       [ 1,  5,  1,  1,  1,  8,  3],
       [ 1,  5,  2,  1,  1, 20,  3],
       [ 1,  5,  3,  1,  1,  6,  3],
       [ 1,  6,  0,  1,  1,  2,  3],
       [ 1,  6,  1,  0,  1, 14,  0],
       [ 1,  6,  2,  1,  1,  7,  1],
       [ 1,  6,  3,  1,  1,  5,  3],
       [ 1,  7,  0,  1,  1,  9,  1],
       [ 1,  7,  1,  1,  1,  6,  2],
       [ 1,  7,  2,  0,  1, 18,  3],
       [ 1,  7,  3,  1,  0,  0,  2],
       [ 1,  8,  0, -1, -1, -1,  1],
       [ 1,  8,  1,  1,  0,  4,  1],
       [ 1,  8,  2,  1,  1, 20,  0],
       [ 1,  8,  3,  1,  1,  5,  1],
       [ 1,  9,  0,  1,  1,  5,  0],
       [ 1,  9,  1,  1,  1,  7,  0],
       [ 1,  9,  2,  1,  1, 13,  1],
       [ 1,  9,  3, -1, -1, -1,  1],
       [ 1, 11,  0,  1,  1, 17,  3],
       [ 1, 11,  1,  1,  1, 20,  1],
       [ 1, 11,  2,  1,  0,  6,  2],
       [ 1, 11,  3, -1, -1, -1,  0],
       [ 1, 13,  0, -1, -1, -1,  1],
       [ 1, 13,  1,  1,  1,  9,  2],
       [ 1, 13,  2,  1,  0,  0,  1],
       [ 1, 13,  3, -1, -1, -1,  3],
       [ 1, 20,  0,  1,  1,  8,  2],
       [ 1, 20,  1,  1,  1, 11,  1],
       [ 1, 20,  2,  1,  1,  2,  0],
       [ 1, 20,  3,  1,  1,  5,  2],
       [ 1,  2,  0,  1,  1, 20,  2],
       [ 1,  2,  1,  1,  1, 17,  2],
       [ 1,  2,  2,  2,  1,  1,  2],
       [ 1,  2,  3,  1,  1,  6,  0],
       [ 1, 17,  0,  2,  1, 16,  0],
       [ 1, 17,  1,  2,  1,  1,  3],
       [ 1, 17,  2,  1,  1,  2,  1],
       [ 1, 17,  3,  1,  1, 11,  0]]),
                   strict_geometry=True)
[Rank 1] Base totals  →  elems=30 conn-rows=112
[Rank 1] SubPartitionedMesh(etypes=['quad', 'tri'],
                   eidxs_base={'quad': array([ 6,  7, 11, 20,  5,  8,  9, 13]),
                               'tri': array([0, 4, 6])},
                   eidxs={'quad': array([ 2,  5,  6,  7,  8,  9, 11, 13, 17, 20]),
                          'tri': array([0, 4, 6])},
                   conn=array([[ 0,  0,  0,  0,  0,  3,  1],
       [ 0,  0,  1,  1,  1, 13,  2],
       [ 0,  0,  2,  1,  1,  7,  3],
       [ 0,  4,  0,  1,  0,  6,  0],
       [ 0,  4,  1,  1,  1,  8,  1],
       [ 0,  4,  2, -1, -1, -1,  1],
       [ 0,  6,  0,  1,  0,  4,  0],
       [ 0,  6,  1, -1, -1, -1,  0],
       [ 0,  6,  2,  1,  1, 11,  2],
       [ 1,  5,  0,  1,  1,  9,  0],
       [ 1,  5,  1,  1,  1,  8,  3],
       [ 1,  5,  2,  1,  1, 20,  3],
       [ 1,  5,  3,  1,  1,  6,  3],
       [ 1,  6,  0,  1,  1,  2,  3],
       [ 1,  6,  1,  0,  1, 14,  0],
       [ 1,  6,  2,  1,  1,  7,  1],
       [ 1,  6,  3,  1,  1,  5,  3],
       [ 1,  7,  0,  1,  1,  9,  1],
       [ 1,  7,  1,  1,  1,  6,  2],
       [ 1,  7,  2,  0,  1, 18,  3],
       [ 1,  7,  3,  1,  0,  0,  2],
       [ 1,  8,  0, -1, -1, -1,  1],
       [ 1,  8,  1,  1,  0,  4,  1],
       [ 1,  8,  2,  1,  1, 20,  0],
       [ 1,  8,  3,  1,  1,  5,  1],
       [ 1,  9,  0,  1,  1,  5,  0],
       [ 1,  9,  1,  1,  1,  7,  0],
       [ 1,  9,  2,  1,  1, 13,  1],
       [ 1,  9,  3, -1, -1, -1,  1],
       [ 1, 11,  0,  1,  1, 17,  3],
       [ 1, 11,  1,  1,  1, 20,  1],
       [ 1, 11,  2,  1,  0,  6,  2],
       [ 1, 11,  3, -1, -1, -1,  0],
       [ 1, 13,  0, -1, -1, -1,  1],
       [ 1, 13,  1,  1,  1,  9,  2],
       [ 1, 13,  2,  1,  0,  0,  1],
       [ 1, 13,  3, -1, -1, -1,  3],
       [ 1, 20,  0,  1,  1,  8,  2],
       [ 1, 20,  1,  1,  1, 11,  1],
       [ 1, 20,  2,  1,  1,  2,  0],
       [ 1, 20,  3,  1,  1,  5,  2],
       [ 1,  2,  0,  1,  1, 20,  2],
       [ 1,  2,  1,  1,  1, 17,  2],
       [ 1,  2,  2,  2,  1,  1,  2],
       [ 1,  2,  3,  1,  1,  6,  0],
       [ 1, 17,  0,  2,  1, 16,  0],
       [ 1, 17,  1,  2,  1,  1,  3],
       [ 1, 17,  2,  1,  1,  2,  1],
       [ 1, 17,  3,  1,  1, 11,  0]]),
                   strict_geometry=True)
[Rank 1] Base totals  →  elems=30 conn-rows=112
[Rank 1] SubPartitionedMesh(etypes=['quad', 'tri'],
                   eidxs_base={'quad': array([ 6,  7, 11, 20,  5,  8,  9, 13]),
                               'tri': array([0, 4, 6])},
                   eidxs={'quad': array([ 2,  5,  6,  7,  8,  9, 11, 13, 17, 20]),
                          'tri': array([0, 4, 6])},
                   conn=array([[ 0,  0,  0,  0,  0,  3,  1],
       [ 0,  0,  1,  1,  1, 13,  2],
       [ 0,  0,  2,  1,  1,  7,  3],
       [ 0,  4,  0,  1,  0,  6,  0],
       [ 0,  4,  1,  1,  1,  8,  1],
       [ 0,  4,  2, -1, -1, -1,  1],
       [ 0,  6,  0,  1,  0,  4,  0],
       [ 0,  6,  1, -1, -1, -1,  0],
       [ 0,  6,  2,  1,  1, 11,  2],
       [ 1,  5,  0,  1,  1,  9,  0],
       [ 1,  5,  1,  1,  1,  8,  3],
       [ 1,  5,  2,  1,  1, 20,  3],
       [ 1,  5,  3,  1,  1,  6,  3],
       [ 1,  6,  0,  1,  1,  2,  3],
       [ 1,  6,  1,  0,  1, 14,  0],
       [ 1,  6,  2,  1,  1,  7,  1],
       [ 1,  6,  3,  1,  1,  5,  3],
       [ 1,  7,  0,  1,  1,  9,  1],
       [ 1,  7,  1,  1,  1,  6,  2],
       [ 1,  7,  2,  0,  1, 18,  3],
       [ 1,  7,  3,  1,  0,  0,  2],
       [ 1,  8,  0, -1, -1, -1,  1],
       [ 1,  8,  1,  1,  0,  4,  1],
       [ 1,  8,  2,  1,  1, 20,  0],
       [ 1,  8,  3,  1,  1,  5,  1],
       [ 1,  9,  0,  1,  1,  5,  0],
       [ 1,  9,  1,  1,  1,  7,  0],
       [ 1,  9,  2,  1,  1, 13,  1],
       [ 1,  9,  3, -1, -1, -1,  1],
       [ 1, 11,  0,  1,  1, 17,  3],
       [ 1, 11,  1,  1,  1, 20,  1],
       [ 1, 11,  2,  1,  0,  6,  2],
       [ 1, 11,  3, -1, -1, -1,  0],
       [ 1, 13,  0, -1, -1, -1,  1],
       [ 1, 13,  1,  1,  1,  9,  2],
       [ 1, 13,  2,  1,  0,  0,  1],
       [ 1, 13,  3, -1, -1, -1,  3],
       [ 1, 20,  0,  1,  1,  8,  2],
       [ 1, 20,  1,  1,  1, 11,  1],
       [ 1, 20,  2,  1,  1,  2,  0],
       [ 1, 20,  3,  1,  1,  5,  2],
       [ 1,  2,  0,  1,  1, 20,  2],
       [ 1,  2,  1,  1,  1, 17,  2],
       [ 1,  2,  2,  2,  1,  1,  2],
       [ 1,  2,  3,  1,  1,  6,  0],
       [ 1, 17,  0,  2,  1, 16,  0],
       [ 1, 17,  1,  2,  1,  1,  3],
       [ 1, 17,  2,  1,  1,  2,  1],
       [ 1, 17,  3,  1,  1, 11,  0]]),
                   strict_geometry=True)
[Rank 1] Base totals  →  elems=30 conn-rows=112
[Rank 1] SubPartitionedMesh(etypes=['quad', 'tri'],
                   eidxs_base={'quad': array([ 6,  7, 11, 20,  5,  8,  9, 13]),
                               'tri': array([0, 4, 6])},
                   eidxs={'quad': array([ 2,  5,  6,  7,  8,  9, 11, 13, 17, 20]),
                          'tri': array([0, 4, 6])},
                   conn=array([[ 0,  0,  0,  0,  0,  3,  1],
       [ 0,  0,  1,  1,  1, 13,  2],
       [ 0,  0,  2,  1,  1,  7,  3],
       [ 0,  4,  0,  1,  0,  6,  0],
       [ 0,  4,  1,  1,  1,  8,  1],
       [ 0,  4,  2, -1, -1, -1,  1],
       [ 0,  6,  0,  1,  0,  4,  0],
       [ 0,  6,  1, -1, -1, -1,  0],
       [ 0,  6,  2,  1,  1, 11,  2],
       [ 1,  5,  0,  1,  1,  9,  0],
       [ 1,  5,  1,  1,  1,  8,  3],
       [ 1,  5,  2,  1,  1, 20,  3],
       [ 1,  5,  3,  1,  1,  6,  3],
       [ 1,  6,  0,  1,  1,  2,  3],
       [ 1,  6,  1,  0,  1, 14,  0],
       [ 1,  6,  2,  1,  1,  7,  1],
       [ 1,  6,  3,  1,  1,  5,  3],
       [ 1,  7,  0,  1,  1,  9,  1],
       [ 1,  7,  1,  1,  1,  6,  2],
       [ 1,  7,  2,  0,  1, 18,  3],
       [ 1,  7,  3,  1,  0,  0,  2],
       [ 1,  8,  0, -1, -1, -1,  1],
       [ 1,  8,  1,  1,  0,  4,  1],
       [ 1,  8,  2,  1,  1, 20,  0],
       [ 1,  8,  3,  1,  1,  5,  1],
       [ 1,  9,  0,  1,  1,  5,  0],
       [ 1,  9,  1,  1,  1,  7,  0],
       [ 1,  9,  2,  1,  1, 13,  1],
       [ 1,  9,  3, -1, -1, -1,  1],
       [ 1, 11,  0,  1,  1, 17,  3],
       [ 1, 11,  1,  1,  1, 20,  1],
       [ 1, 11,  2,  1,  0,  6,  2],
       [ 1, 11,  3, -1, -1, -1,  0],
       [ 1, 13,  0, -1, -1, -1,  1],
       [ 1, 13,  1,  1,  1,  9,  2],
       [ 1, 13,  2,  1,  0,  0,  1],
       [ 1, 13,  3, -1, -1, -1,  3],
       [ 1, 20,  0,  1,  1,  8,  2],
       [ 1, 20,  1,  1,  1, 11,  1],
       [ 1, 20,  2,  1,  1,  2,  0],
       [ 1, 20,  3,  1,  1,  5,  2],
       [ 1,  2,  0,  1,  1, 20,  2],
       [ 1,  2,  1,  1,  1, 17,  2],
       [ 1,  2,  2,  2,  1,  1,  2],
       [ 1,  2,  3,  1,  1,  6,  0],
       [ 1, 17,  0,  2,  1, 16,  0],
       [ 1, 17,  1,  2,  1,  1,  3],
       [ 1, 17,  2,  1,  1,  2,  1],
       [ 1, 17,  3,  1,  1, 11,  0]]),
                   strict_geometry=True)
[Rank 1] Base totals  →  elems=30 conn-rows=112
[Rank 1] SubPartitionedMesh(etypes=['quad', 'tri'],
                   eidxs_base={'quad': array([ 6,  7, 11, 20,  5,  8,  9, 13]),
                               'tri': array([0, 4, 6])},
                   eidxs={'quad': array([ 2,  5,  6,  7,  8,  9, 11, 13, 17, 20]),
                          'tri': array([0, 4, 6])},
                   conn=array([[ 0,  0,  0,  0,  0,  3,  1],
       [ 0,  0,  1,  1,  1, 13,  2],
       [ 0,  0,  2,  1,  1,  7,  3],
       [ 0,  4,  0,  1,  0,  6,  0],
       [ 0,  4,  1,  1,  1,  8,  1],
       [ 0,  4,  2, -1, -1, -1,  1],
       [ 0,  6,  0,  1,  0,  4,  0],
       [ 0,  6,  1, -1, -1, -1,  0],
       [ 0,  6,  2,  1,  1, 11,  2],
       [ 1,  5,  0,  1,  1,  9,  0],
       [ 1,  5,  1,  1,  1,  8,  3],
       [ 1,  5,  2,  1,  1, 20,  3],
       [ 1,  5,  3,  1,  1,  6,  3],
       [ 1,  6,  0,  1,  1,  2,  3],
       [ 1,  6,  1,  0,  1, 14,  0],
       [ 1,  6,  2,  1,  1,  7,  1],
       [ 1,  6,  3,  1,  1,  5,  3],
       [ 1,  7,  0,  1,  1,  9,  1],
       [ 1,  7,  1,  1,  1,  6,  2],
       [ 1,  7,  2,  0,  1, 18,  3],
       [ 1,  7,  3,  1,  0,  0,  2],
       [ 1,  8,  0, -1, -1, -1,  1],
       [ 1,  8,  1,  1,  0,  4,  1],
       [ 1,  8,  2,  1,  1, 20,  0],
       [ 1,  8,  3,  1,  1,  5,  1],
       [ 1,  9,  0,  1,  1,  5,  0],
       [ 1,  9,  1,  1,  1,  7,  0],
       [ 1,  9,  2,  1,  1, 13,  1],
       [ 1,  9,  3, -1, -1, -1,  1],
       [ 1, 11,  0,  1,  1, 17,  3],
       [ 1, 11,  1,  1,  1, 20,  1],
       [ 1, 11,  2,  1,  0,  6,  2],
       [ 1, 11,  3, -1, -1, -1,  0],
       [ 1, 13,  0, -1, -1, -1,  1],
       [ 1, 13,  1,  1,  1,  9,  2],
       [ 1, 13,  2,  1,  0,  0,  1],
       [ 1, 13,  3, -1, -1, -1,  3],
       [ 1, 20,  0,  1,  1,  8,  2],
       [ 1, 20,  1,  1,  1, 11,  1],
       [ 1, 20,  2,  1,  1,  2,  0],
       [ 1, 20,  3,  1,  1,  5,  2],
       [ 1,  2,  0,  1,  1, 20,  2],
       [ 1,  2,  1,  1,  1, 17,  2],
       [ 1,  2,  2,  2,  1,  1,  2],
       [ 1,  2,  3,  1,  1,  6,  0],
       [ 1, 17,  0,  2,  1, 16,  0],
       [ 1, 17,  1,  2,  1,  1,  3],
       [ 1, 17,  2,  1,  1,  2,  1],
       [ 1, 17,  3,  1,  1, 11,  0]]),
                   strict_geometry=True)
[Rank 1] Base totals  →  elems=30 conn-rows=112
[Rank 1] SubPartitionedMesh(etypes=['quad', 'tri'],
                   eidxs_base={'quad': array([ 6,  7, 11, 20,  5,  8,  9, 13]),
                               'tri': array([0, 4, 6])},
                   eidxs={'quad': array([ 2,  5,  6,  7,  8,  9, 11, 13, 17, 20]),
                          'tri': array([0, 4, 6])},
                   conn=array([[ 0,  0,  0,  0,  0,  3,  1],
       [ 0,  0,  1,  1,  1, 13,  2],
       [ 0,  0,  2,  1,  1,  7,  3],
       [ 0,  4,  0,  1,  0,  6,  0],
       [ 0,  4,  1,  1,  1,  8,  1],
       [ 0,  4,  2, -1, -1, -1,  1],
       [ 0,  6,  0,  1,  0,  4,  0],
       [ 0,  6,  1, -1, -1, -1,  0],
       [ 0,  6,  2,  1,  1, 11,  2],
       [ 1,  5,  0,  1,  1,  9,  0],
       [ 1,  5,  1,  1,  1,  8,  3],
       [ 1,  5,  2,  1,  1, 20,  3],
       [ 1,  5,  3,  1,  1,  6,  3],
       [ 1,  6,  0,  1,  1,  2,  3],
       [ 1,  6,  1,  0,  1, 14,  0],
       [ 1,  6,  2,  1,  1,  7,  1],
       [ 1,  6,  3,  1,  1,  5,  3],
       [ 1,  7,  0,  1,  1,  9,  1],
       [ 1,  7,  1,  1,  1,  6,  2],
       [ 1,  7,  2,  0,  1, 18,  3],
       [ 1,  7,  3,  1,  0,  0,  2],
       [ 1,  8,  0, -1, -1, -1,  1],
       [ 1,  8,  1,  1,  0,  4,  1],
       [ 1,  8,  2,  1,  1, 20,  0],
       [ 1,  8,  3,  1,  1,  5,  1],
       [ 1,  9,  0,  1,  1,  5,  0],
       [ 1,  9,  1,  1,  1,  7,  0],
       [ 1,  9,  2,  1,  1, 13,  1],
       [ 1,  9,  3, -1, -1, -1,  1],
       [ 1, 11,  0,  1,  1, 17,  3],
       [ 1, 11,  1,  1,  1, 20,  1],
       [ 1, 11,  2,  1,  0,  6,  2],
       [ 1, 11,  3, -1, -1, -1,  0],
       [ 1, 13,  0, -1, -1, -1,  1],
       [ 1, 13,  1,  1,  1,  9,  2],
       [ 1, 13,  2,  1,  0,  0,  1],
       [ 1, 13,  3, -1, -1, -1,  3],
       [ 1, 20,  0,  1,  1,  8,  2],
       [ 1, 20,  1,  1,  1, 11,  1],
       [ 1, 20,  2,  1,  1,  2,  0],
       [ 1, 20,  3,  1,  1,  5,  2],
       [ 1,  2,  0,  1,  1, 20,  2],
       [ 1,  2,  1,  1,  1, 17,  2],
       [ 1,  2,  2,  2,  1,  1,  2],
       [ 1,  2,  3,  1,  1,  6,  0],
       [ 1, 17,  0,  2,  1, 16,  0],
       [ 1, 17,  1,  2,  1,  1,  3],
       [ 1, 17,  2,  1,  1,  2,  1],
       [ 1, 17,  3,  1,  1, 11,  0]]),
                   strict_geometry=True)
[Rank 1] Base totals  →  elems=30 conn-rows=112
[Rank 1] Base totals  →  elems=30 conn-rows=112
[Rank 1] SubPartitionedMesh(etypes=['quad', 'tri'],
                   eidxs_base={'quad': array([ 6,  7, 11, 20,  5,  8,  9, 13]),
                               'tri': array([0, 4, 6])},
                   eidxs={'quad': array([ 2,  5,  6,  7,  8,  9, 11, 13, 17, 20]),
                          'tri': array([0, 4, 6])},
                   conn=array([[ 0,  0,  0,  0,  0,  3,  1],
       [ 0,  0,  1,  1,  1, 13,  2],
       [ 0,  0,  2,  1,  1,  7,  3],
       [ 0,  4,  0,  1,  0,  6,  0],
       [ 0,  4,  1,  1,  1,  8,  1],
       [ 0,  4,  2, -1, -1, -1,  1],
       [ 0,  6,  0,  1,  0,  4,  0],
       [ 0,  6,  1, -1, -1, -1,  0],
       [ 0,  6,  2,  1,  1, 11,  2],
       [ 1,  5,  0,  1,  1,  9,  0],
       [ 1,  5,  1,  1,  1,  8,  3],
       [ 1,  5,  2,  1,  1, 20,  3],
       [ 1,  5,  3,  1,  1,  6,  3],
       [ 1,  6,  0,  1,  1,  2,  3],
       [ 1,  6,  1,  0,  1, 14,  0],
       [ 1,  6,  2,  1,  1,  7,  1],
       [ 1,  6,  3,  1,  1,  5,  3],
       [ 1,  7,  0,  1,  1,  9,  1],
       [ 1,  7,  1,  1,  1,  6,  2],
       [ 1,  7,  2,  0,  1, 18,  3],
       [ 1,  7,  3,  1,  0,  0,  2],
       [ 1,  8,  0, -1, -1, -1,  1],
       [ 1,  8,  1,  1,  0,  4,  1],
       [ 1,  8,  2,  1,  1, 20,  0],
       [ 1,  8,  3,  1,  1,  5,  1],
       [ 1,  9,  0,  1,  1,  5,  0],
       [ 1,  9,  1,  1,  1,  7,  0],
       [ 1,  9,  2,  1,  1, 13,  1],
       [ 1,  9,  3, -1, -1, -1,  1],
       [ 1, 11,  0,  1,  1, 17,  3],
       [ 1, 11,  1,  1,  1, 20,  1],
       [ 1, 11,  2,  1,  0,  6,  2],
       [ 1, 11,  3, -1, -1, -1,  0],
       [ 1, 13,  0, -1, -1, -1,  1],
       [ 1, 13,  1,  1,  1,  9,  2],
       [ 1, 13,  2,  1,  0,  0,  1],
       [ 1, 13,  3, -1, -1, -1,  3],
       [ 1, 20,  0,  1,  1,  8,  2],
       [ 1, 20,  1,  1,  1, 11,  1],
       [ 1, 20,  2,  1,  1,  2,  0],
       [ 1, 20,  3,  1,  1,  5,  2],
       [ 1,  2,  0,  1,  1, 20,  2],
       [ 1,  2,  1,  1,  1, 17,  2],
       [ 1,  2,  2,  2,  1,  1,  2],
       [ 1,  2,  3,  1,  1,  6,  0],
       [ 1, 17,  0,  2,  1, 16,  0],
       [ 1, 17,  1,  2,  1,  1,  3],
       [ 1, 17,  2,  1,  1,  2,  1],
       [ 1, 17,  3,  1,  1, 11,  0]]),
                   spts={'quad': array([[[3.06410170e-001, 4.18912180e-001],
        [4.95921290e-001, 4.93791520e-001],
        [2.16944460e-001, 5.93267550e-001],
        [3.85341860e-001, 6.85737100e-001]],

       [[1.76025830e-001, 7.68420930e-001],
        [2.16944460e-001, 5.93267550e-001],
        [3.28884570e-001, 8.53981260e-001],
        [3.85341860e-001, 6.85737100e-001]],

       [[5.00000000e-001, 0.00000000e+000],
        [3.66718940e-001, 2.23863650e-001],
        [2.50000000e-001, 0.00000000e+000],
        [1.68787910e-001, 1.85197440e-001]],

       [[1.54537630e-001, 3.62101850e-001],
        [1.68787910e-001, 1.85197440e-001],
        [3.06410170e-001, 4.18912180e-001],
        [3.66718940e-001, 2.23863650e-001]],

       [[2.16944460e-001, 5.93267550e-001],
        [0.00000000e+000, 5.00000000e-001],
        [3.06410170e-001, 4.18912180e-001],
        [1.54537630e-001, 3.62101850e-001]],

       [[0.00000000e+000, 5.00000000e-001],
        [0.00000000e+000, 2.50000000e-001],
        [1.54537630e-001, 3.62101850e-001],
        [1.68787910e-001, 1.85197440e-001]],

       [[0.00000000e+000, 5.00000000e-001],
        [2.16944460e-001, 5.93267550e-001],
        [0.00000000e+000, 7.50000000e-001],
        [1.76025830e-001, 7.68420930e-001]],

       [[0.00000000e+000, 1.00000000e+000],
        [0.00000000e+000, 7.50000000e-001],
        [2.50000000e-001, 1.00000000e+000],
        [1.76025830e-001, 7.68420930e-001]],

       [[6.65761488e-310, 6.65761488e-310],
        [0.00000000e+000, 3.21142670e-322],
        [0.00000000e+000, 1.48219694e-323],
        [9.88131292e-324, 0.00000000e+000]],

       [[0.00000000e+000, 0.00000000e+000],
        [0.00000000e+000, 1.63041663e-322],
        [0.00000000e+000, 0.00000000e+000],
        [0.00000000e+000, 1.63041663e-322]]]),
                         'tri': array([[[0.32888457, 0.85398126],
        [0.25      , 1.        ],
        [0.17602583, 0.76842093]],

       [[0.        , 0.        ],
        [0.16878791, 0.18519744],
        [0.        , 0.25      ]],

       [[0.16878791, 0.18519744],
        [0.        , 0.        ],
        [0.25      , 0.        ]]])},
                   spts_nodes={'quad': array([[         22,          31,          34,          24],
       [         33,          34,          25,          24],
       [          6,          21,           5,          17],
       [         20,          17,          22,          21],
       [         34,           2,          22,          20],
       [          2,           3,          20,          17],
       [          2,          34,           1,          33],
       [          0,           1,          15,          33],
       [23513694531,           0,           0,          49],
       [          0,           3,           0,           0]]),
                               'tri': array([[25, 15, 33],
       [ 4, 17,  3],
       [17,  4,  5]])},
                   spts_curved={'quad': array([False, False, False, False, False, False, False, False,  True,
        True]),
                                'tri': array([False, False, False])},
                   strict_geometry=True)
[Rank 1] Base totals  →  elems=30 conn-rows=112
[Rank 1] SubPartitionedMesh(etypes=['quad', 'tri'],
                   eidxs_base={'quad': array([ 6,  7, 11, 20,  5,  8,  9, 13]),
                               'tri': array([0, 4, 6])},
                   eidxs={'quad': array([ 2,  5,  6,  7,  8,  9, 11, 13, 17, 20]),
                          'tri': array([0, 4, 6])},
                   conn=array([[ 0,  0,  0,  0,  0,  3,  1],
       [ 0,  0,  1,  1,  1, 13,  2],
       [ 0,  0,  2,  1,  1,  7,  3],
       [ 0,  4,  0,  1,  0,  6,  0],
       [ 0,  4,  1,  1,  1,  8,  1],
       [ 0,  4,  2, -1, -1, -1,  1],
       [ 0,  6,  0,  1,  0,  4,  0],
       [ 0,  6,  1, -1, -1, -1,  0],
       [ 0,  6,  2,  1,  1, 11,  2],
       [ 1,  5,  0,  1,  1,  9,  0],
       [ 1,  5,  1,  1,  1,  8,  3],
       [ 1,  5,  2,  1,  1, 20,  3],
       [ 1,  5,  3,  1,  1,  6,  3],
       [ 1,  6,  0,  1,  1,  2,  3],
       [ 1,  6,  1,  0,  1, 14,  0],
       [ 1,  6,  2,  1,  1,  7,  1],
       [ 1,  6,  3,  1,  1,  5,  3],
       [ 1,  7,  0,  1,  1,  9,  1],
       [ 1,  7,  1,  1,  1,  6,  2],
       [ 1,  7,  2,  0,  1, 18,  3],
       [ 1,  7,  3,  1,  0,  0,  2],
       [ 1,  8,  0, -1, -1, -1,  1],
       [ 1,  8,  1,  1,  0,  4,  1],
       [ 1,  8,  2,  1,  1, 20,  0],
       [ 1,  8,  3,  1,  1,  5,  1],
       [ 1,  9,  0,  1,  1,  5,  0],
       [ 1,  9,  1,  1,  1,  7,  0],
       [ 1,  9,  2,  1,  1, 13,  1],
       [ 1,  9,  3, -1, -1, -1,  1],
       [ 1, 11,  0,  1,  1, 17,  3],
       [ 1, 11,  1,  1,  1, 20,  1],
       [ 1, 11,  2,  1,  0,  6,  2],
       [ 1, 11,  3, -1, -1, -1,  0],
       [ 1, 13,  0, -1, -1, -1,  1],
       [ 1, 13,  1,  1,  1,  9,  2],
       [ 1, 13,  2,  1,  0,  0,  1],
       [ 1, 13,  3, -1, -1, -1,  3],
       [ 1, 20,  0,  1,  1,  8,  2],
       [ 1, 20,  1,  1,  1, 11,  1],
       [ 1, 20,  2,  1,  1,  2,  0],
       [ 1, 20,  3,  1,  1,  5,  2],
       [ 1,  2,  0,  1,  1, 20,  2],
       [ 1,  2,  1,  1,  1, 17,  2],
       [ 1,  2,  2,  2,  1,  1,  2],
       [ 1,  2,  3,  1,  1,  6,  0],
       [ 1, 17,  0,  2,  1, 16,  0],
       [ 1, 17,  1,  2,  1,  1,  3],
       [ 1, 17,  2,  1,  1,  2,  1],
       [ 1, 17,  3,  1,  1, 11,  0]]),
                   spts={'quad': array([[[3.06410170e-001, 4.18912180e-001],
        [4.95921290e-001, 4.93791520e-001],
        [2.16944460e-001, 5.93267550e-001],
        [3.85341860e-001, 6.85737100e-001]],

       [[1.76025830e-001, 7.68420930e-001],
        [2.16944460e-001, 5.93267550e-001],
        [3.28884570e-001, 8.53981260e-001],
        [3.85341860e-001, 6.85737100e-001]],

       [[5.00000000e-001, 0.00000000e+000],
        [3.66718940e-001, 2.23863650e-001],
        [2.50000000e-001, 0.00000000e+000],
        [1.68787910e-001, 1.85197440e-001]],

       [[1.54537630e-001, 3.62101850e-001],
        [1.68787910e-001, 1.85197440e-001],
        [3.06410170e-001, 4.18912180e-001],
        [3.66718940e-001, 2.23863650e-001]],

       [[2.16944460e-001, 5.93267550e-001],
        [0.00000000e+000, 5.00000000e-001],
        [3.06410170e-001, 4.18912180e-001],
        [1.54537630e-001, 3.62101850e-001]],

       [[0.00000000e+000, 5.00000000e-001],
        [0.00000000e+000, 2.50000000e-001],
        [1.54537630e-001, 3.62101850e-001],
        [1.68787910e-001, 1.85197440e-001]],

       [[0.00000000e+000, 5.00000000e-001],
        [2.16944460e-001, 5.93267550e-001],
        [0.00000000e+000, 7.50000000e-001],
        [1.76025830e-001, 7.68420930e-001]],

       [[0.00000000e+000, 1.00000000e+000],
        [0.00000000e+000, 7.50000000e-001],
        [2.50000000e-001, 1.00000000e+000],
        [1.76025830e-001, 7.68420930e-001]],

       [[6.53078853e-310, 6.53078853e-310],
        [0.00000000e+000, 3.21142670e-322],
        [0.00000000e+000, 1.48219694e-323],
        [9.88131292e-324, 0.00000000e+000]],

       [[0.00000000e+000, 0.00000000e+000],
        [0.00000000e+000, 1.63041663e-322],
        [0.00000000e+000, 0.00000000e+000],
        [0.00000000e+000, 1.63041663e-322]]]),
                         'tri': array([[[0.32888457, 0.85398126],
        [0.25      , 1.        ],
        [0.17602583, 0.76842093]],

       [[0.        , 0.        ],
        [0.16878791, 0.18519744],
        [0.        , 0.25      ]],

       [[0.16878791, 0.18519744],
        [0.        , 0.        ],
        [0.25      , 0.        ]]])},
                   spts_nodes={'quad': array([[         22,          31,          34,          24],
       [         33,          34,          25,          24],
       [          6,          21,           5,          17],
       [         20,          17,          22,          21],
       [         34,           2,          22,          20],
       [          2,           3,          20,          17],
       [          2,          34,           1,          33],
       [          0,           1,          15,          33],
       [25734025863,           0,           0,          33],
       [          3,           8,           0,          33]]),
                               'tri': array([[25, 15, 33],
       [ 4, 17,  3],
       [17,  4,  5]])},
                   spts_curved={'quad': array([False, False, False, False, False, False, False, False,  True,
        True]),
                                'tri': array([False, False, False])},
                   strict_geometry=True)
[Rank 1] Base totals  →  elems=30 conn-rows=112
[Rank 1] Base totals  →  elems=30 conn-rows=112
[Rank 1] Base totals  →  elems=30 conn-rows=112
[Rank 1] Base totals  →  elems=30 conn-rows=112
[Rank 1] Base totals  →  elems=30 conn-rows=112
[Rank 1] Base totals  →  elems=30 conn-rows=112
[Rank 1] Base totals  →  elems=30 conn-rows=112
[Rank 1] Base totals  →  elems=30 conn-rows=112
[Rank 1] Base totals  →  elems=30 conn-rows=112
[Rank 1] Base totals  →  elems=30 conn-rows=112
[Rank 1] Base totals  →  elems=30 conn-rows=112
[Rank 1] Base totals  →  elems=30 conn-rows=112
[Rank 1] Base totals  →  elems=30 conn-rows=112
[Rank 1] Base totals  →  elems=30 conn-rows=112
[Rank 1] Base totals  →  elems=30 conn-rows=112
[Rank 1] Base totals  →  elems=30 conn-rows=112
[Rank 1] Base totals  →  elems=30 conn-rows=112
[Rank 1] Base totals  →  elems=30 conn-rows=112
[Rank 1] SubMesh(etypes=['quad', 'tri'],
        eidxs_base={'quad': array([ 6,  7, 11, 20,  5,  8,  9, 13]),
                    'tri': array([0, 4, 6])},
        eidxs={'quad': array([ 2,  5,  6,  7,  8,  9, 11, 13, 17, 20]),
               'tri': array([0, 4, 6])},
        conn=array([[ 0,  0,  0,  0,  0,  3,  1],
       [ 0,  0,  1,  1,  1, 13,  2],
       [ 0,  0,  2,  1,  1,  7,  3],
       [ 0,  4,  0,  1,  0,  6,  0],
       [ 0,  4,  1,  1,  1,  8,  1],
       [ 0,  4,  2, -1, -1, -1,  1],
       [ 0,  6,  0,  1,  0,  4,  0],
       [ 0,  6,  1, -1, -1, -1,  0],
       [ 0,  6,  2,  1,  1, 11,  2],
       [ 1,  5,  0,  1,  1,  9,  0],
       [ 1,  5,  1,  1,  1,  8,  3],
       [ 1,  5,  2,  1,  1, 20,  3],
       [ 1,  5,  3,  1,  1,  6,  3],
       [ 1,  6,  0,  1,  1,  2,  3],
       [ 1,  6,  1,  0,  1, 14,  0],
       [ 1,  6,  2,  1,  1,  7,  1],
       [ 1,  6,  3,  1,  1,  5,  3],
       [ 1,  7,  0,  1,  1,  9,  1],
       [ 1,  7,  1,  1,  1,  6,  2],
       [ 1,  7,  2,  0,  1, 18,  3],
       [ 1,  7,  3,  1,  0,  0,  2],
       [ 1,  8,  0, -1, -1, -1,  1],
       [ 1,  8,  1,  1,  0,  4,  1],
       [ 1,  8,  2,  1,  1, 20,  0],
       [ 1,  8,  3,  1,  1,  5,  1],
       [ 1,  9,  0,  1,  1,  5,  0],
       [ 1,  9,  1,  1,  1,  7,  0],
       [ 1,  9,  2,  1,  1, 13,  1],
       [ 1,  9,  3, -1, -1, -1,  1],
       [ 1, 11,  0,  1,  1, 17,  3],
       [ 1, 11,  1,  1,  1, 20,  1],
       [ 1, 11,  2,  1,  0,  6,  2],
       [ 1, 11,  3, -1, -1, -1,  0],
       [ 1, 13,  0, -1, -1, -1,  1],
       [ 1, 13,  1,  1,  1,  9,  2],
       [ 1, 13,  2,  1,  0,  0,  1],
       [ 1, 13,  3, -1, -1, -1,  3],
       [ 1, 20,  0,  1,  1,  8,  2],
       [ 1, 20,  1,  1,  1, 11,  1],
       [ 1, 20,  2,  1,  1,  2,  0],
       [ 1, 20,  3,  1,  1,  5,  2],
       [ 1,  2,  0,  1,  1, 20,  2],
       [ 1,  2,  1,  1,  1, 17,  2],
       [ 1,  2,  2,  2,  1,  1,  2],
       [ 1,  2,  3,  1,  1,  6,  0],
       [ 1, 17,  0,  2,  1, 16,  0],
       [ 1, 17,  1,  2,  1,  1,  3],
       [ 1, 17,  2,  1,  1,  2,  1],
       [ 1, 17,  3,  1,  1, 11,  0]]),
        spts={'quad': array([[[3.0641017e-001, 4.1891218e-001],
        [4.9592129e-001, 4.9379152e-001],
        [2.1694446e-001, 5.9326755e-001],
        [3.8534186e-001, 6.8573710e-001]],

       [[1.7602583e-001, 7.6842093e-001],
        [2.1694446e-001, 5.9326755e-001],
        [3.2888457e-001, 8.5398126e-001],
        [3.8534186e-001, 6.8573710e-001]],

       [[5.0000000e-001, 0.0000000e+000],
        [3.6671894e-001, 2.2386365e-001],
        [2.5000000e-001, 0.0000000e+000],
        [1.6878791e-001, 1.8519744e-001]],

       [[1.5453763e-001, 3.6210185e-001],
        [1.6878791e-001, 1.8519744e-001],
        [3.0641017e-001, 4.1891218e-001],
        [3.6671894e-001, 2.2386365e-001]],

       [[2.1694446e-001, 5.9326755e-001],
        [0.0000000e+000, 5.0000000e-001],
        [3.0641017e-001, 4.1891218e-001],
        [1.5453763e-001, 3.6210185e-001]],

       [[0.0000000e+000, 5.0000000e-001],
        [0.0000000e+000, 2.5000000e-001],
        [1.5453763e-001, 3.6210185e-001],
        [1.6878791e-001, 1.8519744e-001]],

       [[0.0000000e+000, 5.0000000e-001],
        [2.1694446e-001, 5.9326755e-001],
        [0.0000000e+000, 7.5000000e-001],
        [1.7602583e-001, 7.6842093e-001]],

       [[0.0000000e+000, 1.0000000e+000],
        [0.0000000e+000, 7.5000000e-001],
        [2.5000000e-001, 1.0000000e+000],
        [1.7602583e-001, 7.6842093e-001]],

       [[6.9214577e-310, 6.9214577e-310],
        [0.0000000e+000, 3.2114267e-322],
        [0.0000000e+000, 1.4821969e-323],
        [9.8813129e-324, 0.0000000e+000]],

       [[0.0000000e+000, 0.0000000e+000],
        [           nan, 1.6304166e-322],
        [0.0000000e+000, 0.0000000e+000],
        [0.0000000e+000, 1.6304166e-322]]]),
              'tri': array([[[0.32888457, 0.85398126],
        [0.25      , 1.        ],
        [0.17602583, 0.76842093]],

       [[0.        , 0.        ],
        [0.16878791, 0.18519744],
        [0.        , 0.25      ]],

       [[0.16878791, 0.18519744],
        [0.        , 0.        ],
        [0.25      , 0.        ]]])},
        spts_nodes={'quad': array([[            22,             31,             34,             24],
       [            33,             34,             25,             24],
       [             6,             21,              5,             17],
       [            20,             17,             22,             21],
       [            34,              2,             22,             20],
       [             2,              3,             20,             17],
       [             2,             34,              1,             33],
       [             0,              1,             15,             33],
       [   23636098651,              0,              0,             33],
       [             4,              4, 96813460076688,             33]]),
                    'tri': array([[25, 15, 33],
       [ 4, 17,  3],
       [17,  4,  5]])},
        spts_curved={'quad': array([False, False, False, False, False, False, False, False,  True,
        True]),
                     'tri': array([False, False, False])},
        strict_geometry=True)
[Rank 1] Base totals  →  elems=30 conn-rows=112
[Rank 1] SubMesh(etypes=['quad', 'tri'],
        eidxs_base={'quad': array([ 6,  7, 11, 20,  5,  8,  9, 13]),
                    'tri': array([0, 4, 6])},
        eidxs={'quad': array([ 2,  5,  6,  7,  8,  9, 11, 13, 17, 20]),
               'tri': array([0, 4, 6])},
        conn=array([[ 0,  0,  0,  0,  0,  3,  1],
       [ 0,  0,  1,  1,  1, 13,  2],
       [ 0,  0,  2,  1,  1,  7,  3],
       [ 0,  4,  0,  1,  0,  6,  0],
       [ 0,  4,  1,  1,  1,  8,  1],
       [ 0,  4,  2, -1, -1, -1,  1],
       [ 0,  6,  0,  1,  0,  4,  0],
       [ 0,  6,  1, -1, -1, -1,  0],
       [ 0,  6,  2,  1,  1, 11,  2],
       [ 1,  5,  0,  1,  1,  9,  0],
       [ 1,  5,  1,  1,  1,  8,  3],
       [ 1,  5,  2,  1,  1, 20,  3],
       [ 1,  5,  3,  1,  1,  6,  3],
       [ 1,  6,  0,  1,  1,  2,  3],
       [ 1,  6,  1,  0,  1, 14,  0],
       [ 1,  6,  2,  1,  1,  7,  1],
       [ 1,  6,  3,  1,  1,  5,  3],
       [ 1,  7,  0,  1,  1,  9,  1],
       [ 1,  7,  1,  1,  1,  6,  2],
       [ 1,  7,  2,  0,  1, 18,  3],
       [ 1,  7,  3,  1,  0,  0,  2],
       [ 1,  8,  0, -1, -1, -1,  1],
       [ 1,  8,  1,  1,  0,  4,  1],
       [ 1,  8,  2,  1,  1, 20,  0],
       [ 1,  8,  3,  1,  1,  5,  1],
       [ 1,  9,  0,  1,  1,  5,  0],
       [ 1,  9,  1,  1,  1,  7,  0],
       [ 1,  9,  2,  1,  1, 13,  1],
       [ 1,  9,  3, -1, -1, -1,  1],
       [ 1, 11,  0,  1,  1, 17,  3],
       [ 1, 11,  1,  1,  1, 20,  1],
       [ 1, 11,  2,  1,  0,  6,  2],
       [ 1, 11,  3, -1, -1, -1,  0],
       [ 1, 13,  0, -1, -1, -1,  1],
       [ 1, 13,  1,  1,  1,  9,  2],
       [ 1, 13,  2,  1,  0,  0,  1],
       [ 1, 13,  3, -1, -1, -1,  3],
       [ 1, 20,  0,  1,  1,  8,  2],
       [ 1, 20,  1,  1,  1, 11,  1],
       [ 1, 20,  2,  1,  1,  2,  0],
       [ 1, 20,  3,  1,  1,  5,  2],
       [ 1,  2,  0,  1,  1, 20,  2],
       [ 1,  2,  1,  1,  1, 17,  2],
       [ 1,  2,  2,  2,  1,  1,  2],
       [ 1,  2,  3,  1,  1,  6,  0],
       [ 1, 17,  0,  2,  1, 16,  0],
       [ 1, 17,  1,  2,  1,  1,  3],
       [ 1, 17,  2,  1,  1,  2,  1],
       [ 1, 17,  3,  1,  1, 11,  0]]),
        spts={'quad': array([[[3.06410170e-001, 4.18912180e-001],
        [4.95921290e-001, 4.93791520e-001],
        [2.16944460e-001, 5.93267550e-001],
        [3.85341860e-001, 6.85737100e-001]],

       [[1.76025830e-001, 7.68420930e-001],
        [2.16944460e-001, 5.93267550e-001],
        [3.28884570e-001, 8.53981260e-001],
        [3.85341860e-001, 6.85737100e-001]],

       [[5.00000000e-001, 0.00000000e+000],
        [3.66718940e-001, 2.23863650e-001],
        [2.50000000e-001, 0.00000000e+000],
        [1.68787910e-001, 1.85197440e-001]],

       [[1.54537630e-001, 3.62101850e-001],
        [1.68787910e-001, 1.85197440e-001],
        [3.06410170e-001, 4.18912180e-001],
        [3.66718940e-001, 2.23863650e-001]],

       [[2.16944460e-001, 5.93267550e-001],
        [0.00000000e+000, 5.00000000e-001],
        [3.06410170e-001, 4.18912180e-001],
        [1.54537630e-001, 3.62101850e-001]],

       [[0.00000000e+000, 5.00000000e-001],
        [0.00000000e+000, 2.50000000e-001],
        [1.54537630e-001, 3.62101850e-001],
        [1.68787910e-001, 1.85197440e-001]],

       [[0.00000000e+000, 5.00000000e-001],
        [2.16944460e-001, 5.93267550e-001],
        [0.00000000e+000, 7.50000000e-001],
        [1.76025830e-001, 7.68420930e-001]],

       [[0.00000000e+000, 1.00000000e+000],
        [0.00000000e+000, 7.50000000e-001],
        [2.50000000e-001, 1.00000000e+000],
        [1.76025830e-001, 7.68420930e-001]],

       [[6.66726281e-310, 6.66726281e-310],
        [0.00000000e+000, 3.21142670e-322],
        [0.00000000e+000, 1.48219694e-323],
        [9.88131292e-324, 0.00000000e+000]],

       [[0.00000000e+000, 0.00000000e+000],
        [0.00000000e+000, 1.63041663e-322],
        [0.00000000e+000, 0.00000000e+000],
        [0.00000000e+000, 1.63041663e-322]]]),
              'tri': array([[[0.32888457, 0.85398126],
        [0.25      , 1.        ],
        [0.17602583, 0.76842093]],

       [[0.        , 0.        ],
        [0.16878791, 0.18519744],
        [0.        , 0.25      ]],

       [[0.16878791, 0.18519744],
        [0.        , 0.        ],
        [0.25      , 0.        ]]])},
        spts_nodes={'quad': array([[                  22,                   31,                   34,
                          24],
       [                  33,                   34,                   25,
                          24],
       [                   6,                   21,                    5,
                          17],
       [                  20,                   17,                   22,
                          21],
       [                  34,                    2,                   22,
                          20],
       [                   2,                    3,                   20,
                          17],
       [                   2,                   34,                    1,
                          33],
       [                   0,                    1,                   15,
                          33],
       [         23578171716,                    0,                    0,
                          33],
       [      96553428195268, -1808486187825530486,                    0,
                          33]]),
                    'tri': array([[25, 15, 33],
       [ 4, 17,  3],
       [17,  4,  5]])},
        spts_curved={'quad': array([False, False, False, False, False, False, False, False,  True,
        True]),
                     'tri': array([False, False, False])},
        strict_geometry=True)
[Rank 1] Base totals  →  elems=30 conn-rows=112
[Rank 1] SubMesh(etypes=['quad', 'tri'],
        eidxs_base={'quad': array([ 6,  7, 11, 20,  5,  8,  9, 13]),
                    'tri': array([0, 4, 6])},
        eidxs={'quad': array([ 2,  5,  6,  7,  8,  9, 11, 13, 17, 20]),
               'tri': array([0, 4, 6])},
        conn=array([[ 0,  0,  0,  0,  0,  3,  1],
       [ 0,  0,  1,  1,  1, 13,  2],
       [ 0,  0,  2,  1,  1,  7,  3],
       [ 0,  4,  0,  1,  0,  6,  0],
       [ 0,  4,  1,  1,  1,  8,  1],
       [ 0,  4,  2, -1, -1, -1,  1],
       [ 0,  6,  0,  1,  0,  4,  0],
       [ 0,  6,  1, -1, -1, -1,  0],
       [ 0,  6,  2,  1,  1, 11,  2],
       [ 1,  5,  0,  1,  1,  9,  0],
       [ 1,  5,  1,  1,  1,  8,  3],
       [ 1,  5,  2,  1,  1, 20,  3],
       [ 1,  5,  3,  1,  1,  6,  3],
       [ 1,  6,  0,  1,  1,  2,  3],
       [ 1,  6,  1,  0,  1, 14,  0],
       [ 1,  6,  2,  1,  1,  7,  1],
       [ 1,  6,  3,  1,  1,  5,  3],
       [ 1,  7,  0,  1,  1,  9,  1],
       [ 1,  7,  1,  1,  1,  6,  2],
       [ 1,  7,  2,  0,  1, 18,  3],
       [ 1,  7,  3,  1,  0,  0,  2],
       [ 1,  8,  0, -1, -1, -1,  1],
       [ 1,  8,  1,  1,  0,  4,  1],
       [ 1,  8,  2,  1,  1, 20,  0],
       [ 1,  8,  3,  1,  1,  5,  1],
       [ 1,  9,  0,  1,  1,  5,  0],
       [ 1,  9,  1,  1,  1,  7,  0],
       [ 1,  9,  2,  1,  1, 13,  1],
       [ 1,  9,  3, -1, -1, -1,  1],
       [ 1, 11,  0,  1,  1, 17,  3],
       [ 1, 11,  1,  1,  1, 20,  1],
       [ 1, 11,  2,  1,  0,  6,  2],
       [ 1, 11,  3, -1, -1, -1,  0],
       [ 1, 13,  0, -1, -1, -1,  1],
       [ 1, 13,  1,  1,  1,  9,  2],
       [ 1, 13,  2,  1,  0,  0,  1],
       [ 1, 13,  3, -1, -1, -1,  3],
       [ 1, 20,  0,  1,  1,  8,  2],
       [ 1, 20,  1,  1,  1, 11,  1],
       [ 1, 20,  2,  1,  1,  2,  0],
       [ 1, 20,  3,  1,  1,  5,  2],
       [ 1,  2,  0,  1,  1, 20,  2],
       [ 1,  2,  1,  1,  1, 17,  2],
       [ 1,  2,  2,  2,  1,  1,  2],
       [ 1,  2,  3,  1,  1,  6,  0],
       [ 1, 17,  0,  2,  1, 16,  0],
       [ 1, 17,  1,  2,  1,  1,  3],
       [ 1, 17,  2,  1,  1,  2,  1],
       [ 1, 17,  3,  1,  1, 11,  0]]),
        spts={'quad': array([[[3.06410170e-001, 4.18912180e-001],
        [4.95921290e-001, 4.93791520e-001],
        [2.16944460e-001, 5.93267550e-001],
        [3.85341860e-001, 6.85737100e-001]],

       [[1.76025830e-001, 7.68420930e-001],
        [2.16944460e-001, 5.93267550e-001],
        [3.28884570e-001, 8.53981260e-001],
        [3.85341860e-001, 6.85737100e-001]],

       [[5.00000000e-001, 0.00000000e+000],
        [3.66718940e-001, 2.23863650e-001],
        [2.50000000e-001, 0.00000000e+000],
        [1.68787910e-001, 1.85197440e-001]],

       [[1.54537630e-001, 3.62101850e-001],
        [1.68787910e-001, 1.85197440e-001],
        [3.06410170e-001, 4.18912180e-001],
        [3.66718940e-001, 2.23863650e-001]],

       [[2.16944460e-001, 5.93267550e-001],
        [0.00000000e+000, 5.00000000e-001],
        [3.06410170e-001, 4.18912180e-001],
        [1.54537630e-001, 3.62101850e-001]],

       [[0.00000000e+000, 5.00000000e-001],
        [0.00000000e+000, 2.50000000e-001],
        [1.54537630e-001, 3.62101850e-001],
        [1.68787910e-001, 1.85197440e-001]],

       [[0.00000000e+000, 5.00000000e-001],
        [2.16944460e-001, 5.93267550e-001],
        [0.00000000e+000, 7.50000000e-001],
        [1.76025830e-001, 7.68420930e-001]],

       [[0.00000000e+000, 1.00000000e+000],
        [0.00000000e+000, 7.50000000e-001],
        [2.50000000e-001, 1.00000000e+000],
        [1.76025830e-001, 7.68420930e-001]],

       [[6.61761028e-310, 6.61761028e-310],
        [4.74991267e-310, 3.21142670e-322],
        [0.00000000e+000, 1.48219694e-323],
        [9.88131292e-324, 0.00000000e+000]],

       [[0.00000000e+000, 0.00000000e+000],
        [6.61738759e-310, 1.63041663e-322],
        [0.00000000e+000, 0.00000000e+000],
        [0.00000000e+000, 1.63041663e-322]]]),
              'tri': array([[[0.32888457, 0.85398126],
        [0.25      , 1.        ],
        [0.17602583, 0.76842093]],

       [[0.        , 0.        ],
        [0.16878791, 0.18519744],
        [0.        , 0.25      ]],

       [[0.16878791, 0.18519744],
        [0.        , 0.        ],
        [0.25      , 0.        ]]])},
        spts_nodes={'quad': array([[         22,          31,          34,          24],
       [         33,          34,          25,          24],
       [          6,          21,           5,          17],
       [         20,          17,          22,          21],
       [         34,           2,          22,          20],
       [          2,           3,          20,          17],
       [          2,          34,           1,          33],
       [          0,           1,          15,          33],
       [23471509479,           0,           0,          49],
       [          0,           3,           0,           0]]),
                    'tri': array([[25, 15, 33],
       [ 4, 17,  3],
       [17,  4,  5]])},
        spts_curved={'quad': array([False, False, False, False, False, False, False, False,  True,
        True]),
                     'tri': array([False, False, False])},
        strict_geometry=True)
[Rank 1] Base totals  →  elems=30 conn-rows=112
[Rank 1] Base totals  →  elems=30 conn-rows=112
[Rank 1] Base totals  →  elems=30 conn-rows=112
[Rank 1] SubMesh(etypes=['quad', 'tri'],
        eidxs_base={'quad': array([ 6,  7, 11, 20,  5,  8,  9, 13]),
                    'tri': array([0, 4, 6])},
        eidxs={'quad': array([ 2,  5,  6,  7,  8,  9, 11, 13, 17, 20]),
               'tri': array([0, 4, 6])},
        conn=array([[ 0,  0,  0,  0,  0,  3,  1],
       [ 0,  0,  1,  1,  1, 13,  2],
       [ 0,  0,  2,  1,  1,  7,  3],
       [ 0,  4,  0,  1,  0,  6,  0],
       [ 0,  4,  1,  1,  1,  8,  1],
       [ 0,  4,  2, -1, -1, -1,  1],
       [ 0,  6,  0,  1,  0,  4,  0],
       [ 0,  6,  1, -1, -1, -1,  0],
       [ 0,  6,  2,  1,  1, 11,  2],
       [ 1,  5,  0,  1,  1,  9,  0],
       [ 1,  5,  1,  1,  1,  8,  3],
       [ 1,  5,  2,  1,  1, 20,  3],
       [ 1,  5,  3,  1,  1,  6,  3],
       [ 1,  6,  0,  1,  1,  2,  3],
       [ 1,  6,  1,  0,  1, 14,  0],
       [ 1,  6,  2,  1,  1,  7,  1],
       [ 1,  6,  3,  1,  1,  5,  3],
       [ 1,  7,  0,  1,  1,  9,  1],
       [ 1,  7,  1,  1,  1,  6,  2],
       [ 1,  7,  2,  0,  1, 18,  3],
       [ 1,  7,  3,  1,  0,  0,  2],
       [ 1,  8,  0, -1, -1, -1,  1],
       [ 1,  8,  1,  1,  0,  4,  1],
       [ 1,  8,  2,  1,  1, 20,  0],
       [ 1,  8,  3,  1,  1,  5,  1],
       [ 1,  9,  0,  1,  1,  5,  0],
       [ 1,  9,  1,  1,  1,  7,  0],
       [ 1,  9,  2,  1,  1, 13,  1],
       [ 1,  9,  3, -1, -1, -1,  1],
       [ 1, 11,  0,  1,  1, 17,  3],
       [ 1, 11,  1,  1,  1, 20,  1],
       [ 1, 11,  2,  1,  0,  6,  2],
       [ 1, 11,  3, -1, -1, -1,  0],
       [ 1, 13,  0, -1, -1, -1,  1],
       [ 1, 13,  1,  1,  1,  9,  2],
       [ 1, 13,  2,  1,  0,  0,  1],
       [ 1, 13,  3, -1, -1, -1,  3],
       [ 1, 20,  0,  1,  1,  8,  2],
       [ 1, 20,  1,  1,  1, 11,  1],
       [ 1, 20,  2,  1,  1,  2,  0],
       [ 1, 20,  3,  1,  1,  5,  2],
       [ 1,  2,  0,  1,  1, 20,  2],
       [ 1,  2,  1,  1,  1, 17,  2],
       [ 1,  2,  2,  2,  1,  1,  2],
       [ 1,  2,  3,  1,  1,  6,  0],
       [ 1, 17,  0,  2,  1, 16,  0],
       [ 1, 17,  1,  2,  1,  1,  3],
       [ 1, 17,  2,  1,  1,  2,  1],
       [ 1, 17,  3,  1,  1, 11,  0]]),
        spts={'quad': array([[[3.06410170e-001, 4.18912180e-001],
        [4.95921290e-001, 4.93791520e-001],
        [2.16944460e-001, 5.93267550e-001],
        [3.85341860e-001, 6.85737100e-001]],

       [[1.76025830e-001, 7.68420930e-001],
        [2.16944460e-001, 5.93267550e-001],
        [3.28884570e-001, 8.53981260e-001],
        [3.85341860e-001, 6.85737100e-001]],

       [[5.00000000e-001, 0.00000000e+000],
        [3.66718940e-001, 2.23863650e-001],
        [2.50000000e-001, 0.00000000e+000],
        [1.68787910e-001, 1.85197440e-001]],

       [[1.54537630e-001, 3.62101850e-001],
        [1.68787910e-001, 1.85197440e-001],
        [3.06410170e-001, 4.18912180e-001],
        [3.66718940e-001, 2.23863650e-001]],

       [[2.16944460e-001, 5.93267550e-001],
        [0.00000000e+000, 5.00000000e-001],
        [3.06410170e-001, 4.18912180e-001],
        [1.54537630e-001, 3.62101850e-001]],

       [[0.00000000e+000, 5.00000000e-001],
        [0.00000000e+000, 2.50000000e-001],
        [1.54537630e-001, 3.62101850e-001],
        [1.68787910e-001, 1.85197440e-001]],

       [[0.00000000e+000, 5.00000000e-001],
        [2.16944460e-001, 5.93267550e-001],
        [0.00000000e+000, 7.50000000e-001],
        [1.76025830e-001, 7.68420930e-001]],

       [[0.00000000e+000, 1.00000000e+000],
        [0.00000000e+000, 7.50000000e-001],
        [2.50000000e-001, 1.00000000e+000],
        [1.76025830e-001, 7.68420930e-001]],

       [[6.55677459e-310, 6.55677459e-310],
        [9.88131292e-324, 3.21142670e-322],
        [0.00000000e+000, 1.48219694e-323],
        [9.88131292e-324, 0.00000000e+000]],

       [[0.00000000e+000, 0.00000000e+000],
        [1.48219694e-323, 1.63041663e-322],
        [0.00000000e+000, 0.00000000e+000],
        [0.00000000e+000, 1.63041663e-322]]]),
              'tri': array([[[0.32888457, 0.85398126],
        [0.25      , 1.        ],
        [0.17602583, 0.76842093]],

       [[0.        , 0.        ],
        [0.16878791, 0.18519744],
        [0.        , 0.25      ]],

       [[0.16878791, 0.18519744],
        [0.        , 0.        ],
        [0.25      , 0.        ]]])},
        spts_nodes={'quad': array([[         22,          31,          34,          24],
       [         33,          34,          25,          24],
       [          6,          21,           5,          17],
       [         20,          17,          22,          21],
       [         34,           2,          22,          20],
       [          2,           3,          20,          17],
       [          2,          34,           1,          33],
       [          0,           1,          15,          33],
       [23391148827,           0,           0,          49],
       [          0,           3,           0,           0]]),
                    'tri': array([[25, 15, 33],
       [ 4, 17,  3],
       [17,  4,  5]])},
        spts_curved={'quad': array([False, False, False, False, False, False, False, False,  True,
        True]),
                     'tri': array([False, False, False])},
        strict_geometry=True)
[Rank 1] Base totals  →  elems=30 conn-rows=112
[Rank 1] SubMesh(etypes=['quad', 'tri'],
        eidxs_base={'quad': array([ 6,  7, 11, 20,  5,  8,  9, 13]),
                    'tri': array([0, 4, 6])},
        eidxs={'quad': array([ 2,  5,  6,  7,  8,  9, 11, 13, 17, 20]),
               'tri': array([0, 4, 6])},
        conn=array([[ 0,  0,  0,  0,  0,  3,  1],
       [ 0,  0,  1,  1,  1, 13,  2],
       [ 0,  0,  2,  1,  1,  7,  3],
       [ 0,  4,  0,  1,  0,  6,  0],
       [ 0,  4,  1,  1,  1,  8,  1],
       [ 0,  4,  2, -1, -1, -1,  1],
       [ 0,  6,  0,  1,  0,  4,  0],
       [ 0,  6,  1, -1, -1, -1,  0],
       [ 0,  6,  2,  1,  1, 11,  2],
       [ 1,  5,  0,  1,  1,  9,  0],
       [ 1,  5,  1,  1,  1,  8,  3],
       [ 1,  5,  2,  1,  1, 20,  3],
       [ 1,  5,  3,  1,  1,  6,  3],
       [ 1,  6,  0,  1,  1,  2,  3],
       [ 1,  6,  1,  0,  1, 14,  0],
       [ 1,  6,  2,  1,  1,  7,  1],
       [ 1,  6,  3,  1,  1,  5,  3],
       [ 1,  7,  0,  1,  1,  9,  1],
       [ 1,  7,  1,  1,  1,  6,  2],
       [ 1,  7,  2,  0,  1, 18,  3],
       [ 1,  7,  3,  1,  0,  0,  2],
       [ 1,  8,  0, -1, -1, -1,  1],
       [ 1,  8,  1,  1,  0,  4,  1],
       [ 1,  8,  2,  1,  1, 20,  0],
       [ 1,  8,  3,  1,  1,  5,  1],
       [ 1,  9,  0,  1,  1,  5,  0],
       [ 1,  9,  1,  1,  1,  7,  0],
       [ 1,  9,  2,  1,  1, 13,  1],
       [ 1,  9,  3, -1, -1, -1,  1],
       [ 1, 11,  0,  1,  1, 17,  3],
       [ 1, 11,  1,  1,  1, 20,  1],
       [ 1, 11,  2,  1,  0,  6,  2],
       [ 1, 11,  3, -1, -1, -1,  0],
       [ 1, 13,  0, -1, -1, -1,  1],
       [ 1, 13,  1,  1,  1,  9,  2],
       [ 1, 13,  2,  1,  0,  0,  1],
       [ 1, 13,  3, -1, -1, -1,  3],
       [ 1, 20,  0,  1,  1,  8,  2],
       [ 1, 20,  1,  1,  1, 11,  1],
       [ 1, 20,  2,  1,  1,  2,  0],
       [ 1, 20,  3,  1,  1,  5,  2],
       [ 1,  2,  0,  1,  1, 20,  2],
       [ 1,  2,  1,  1,  1, 17,  2],
       [ 1,  2,  2,  2,  1,  1,  2],
       [ 1,  2,  3,  1,  1,  6,  0],
       [ 1, 17,  0,  2,  1, 16,  0],
       [ 1, 17,  1,  2,  1,  1,  3],
       [ 1, 17,  2,  1,  1,  2,  1],
       [ 1, 17,  3,  1,  1, 11,  0]]),
        spts={'quad': array([[[3.06410170e-001, 4.18912180e-001],
        [4.95921290e-001, 4.93791520e-001],
        [2.16944460e-001, 5.93267550e-001],
        [3.85341860e-001, 6.85737100e-001]],

       [[1.76025830e-001, 7.68420930e-001],
        [2.16944460e-001, 5.93267550e-001],
        [3.28884570e-001, 8.53981260e-001],
        [3.85341860e-001, 6.85737100e-001]],

       [[5.00000000e-001, 0.00000000e+000],
        [3.66718940e-001, 2.23863650e-001],
        [2.50000000e-001, 0.00000000e+000],
        [1.68787910e-001, 1.85197440e-001]],

       [[1.54537630e-001, 3.62101850e-001],
        [1.68787910e-001, 1.85197440e-001],
        [3.06410170e-001, 4.18912180e-001],
        [3.66718940e-001, 2.23863650e-001]],

       [[2.16944460e-001, 5.93267550e-001],
        [0.00000000e+000, 5.00000000e-001],
        [3.06410170e-001, 4.18912180e-001],
        [1.54537630e-001, 3.62101850e-001]],

       [[0.00000000e+000, 5.00000000e-001],
        [0.00000000e+000, 2.50000000e-001],
        [1.54537630e-001, 3.62101850e-001],
        [1.68787910e-001, 1.85197440e-001]],

       [[0.00000000e+000, 5.00000000e-001],
        [2.16944460e-001, 5.93267550e-001],
        [0.00000000e+000, 7.50000000e-001],
        [1.76025830e-001, 7.68420930e-001]],

       [[0.00000000e+000, 1.00000000e+000],
        [0.00000000e+000, 7.50000000e-001],
        [2.50000000e-001, 1.00000000e+000],
        [1.76025830e-001, 7.68420930e-001]],

       [[6.59682426e-310, 6.59682426e-310],
        [1.58101007e-322, 3.21142670e-322],
        [0.00000000e+000, 1.48219694e-323],
        [9.88131292e-324, 0.00000000e+000]],

       [[0.00000000e+000, 0.00000000e+000],
        [1.58101007e-322, 1.63041663e-322],
        [0.00000000e+000, 0.00000000e+000],
        [0.00000000e+000, 1.63041663e-322]]]),
              'tri': array([[[0.32888457, 0.85398126],
        [0.25      , 1.        ],
        [0.17602583, 0.76842093]],

       [[0.        , 0.        ],
        [0.16878791, 0.18519744],
        [0.        , 0.25      ]],

       [[0.16878791, 0.18519744],
        [0.        , 0.        ],
        [0.25      , 0.        ]]])},
        spts_nodes={'quad': array([[         22,          31,          34,          24],
       [         33,          34,          25,          24],
       [          6,          21,           5,          17],
       [         20,          17,          22,          21],
       [         34,           2,          22,          20],
       [          2,           3,          20,          17],
       [          2,          34,           1,          33],
       [          0,           1,          15,          33],
       [27157628588,           0,           0,          33],
       [          3,           8,           0,          33]]),
                    'tri': array([[25, 15, 33],
       [ 4, 17,  3],
       [17,  4,  5]])},
        spts_curved={'quad': array([False, False, False, False, False, False, False, False,  True,
        True]),
                     'tri': array([False, False, False])},
        strict_geometry=True,
        arrays={'spts': {'quad': array([[[0.30641017, 0.41891218],
        [0.49592129, 0.49379152],
        [0.21694446, 0.59326755],
        [0.38534186, 0.6857371 ]],

       [[0.17602583, 0.76842093],
        [0.21694446, 0.59326755],
        [0.32888457, 0.85398126],
        [0.38534186, 0.6857371 ]],

       [[0.5       , 0.        ],
        [0.36671894, 0.22386365],
        [0.25      , 0.        ],
        [0.16878791, 0.18519744]],

       [[0.15453763, 0.36210185],
        [0.16878791, 0.18519744],
        [0.30641017, 0.41891218],
        [0.36671894, 0.22386365]],

       [[0.21694446, 0.59326755],
        [0.        , 0.5       ],
        [0.30641017, 0.41891218],
        [0.15453763, 0.36210185]],

       [[0.        , 0.5       ],
        [0.        , 0.25      ],
        [0.15453763, 0.36210185],
        [0.16878791, 0.18519744]],

       [[0.        , 0.5       ],
        [0.21694446, 0.59326755],
        [0.        , 0.75      ],
        [0.17602583, 0.76842093]],

       [[0.        , 1.        ],
        [0.        , 0.75      ],
        [0.25      , 1.        ],
        [0.17602583, 0.76842093]]]),
                         'tri': array([[[0.32888457, 0.85398126],
        [0.25      , 1.        ],
        [0.17602583, 0.76842093]],

       [[0.        , 0.        ],
        [0.16878791, 0.18519744],
        [0.        , 0.25      ]],

       [[0.16878791, 0.18519744],
        [0.        , 0.        ],
        [0.25      , 0.        ]]])},
                'spts_curved': {'quad': array([False, False, False, False, False, False, False, False]),
                                'tri': array([False, False, False])},
                'spts_nodes': {'quad': array([[22, 31, 34, 24],
       [33, 34, 25, 24],
       [ 6, 21,  5, 17],
       [20, 17, 22, 21],
       [34,  2, 22, 20],
       [ 2,  3, 20, 17],
       [ 2, 34,  1, 33],
       [ 0,  1, 15, 33]]),
                               'tri': array([[25, 15, 33],
       [ 4, 17,  3],
       [17,  4,  5]])}},
        _ary_edim={'spts': 1, 'spts_curved': 0, 'spts_nodes': 0})
[Rank 1] Base totals  →  elems=30 conn-rows=112
[Rank 1] Base totals  →  elems=30 conn-rows=112
[Rank 1] Base totals  →  elems=30 conn-rows=112
[Rank 1] SubMesh(etypes=['quad', 'tri'],
        eidxs_base={'quad': array([ 6,  7, 11, 20,  5,  8,  9, 13]),
                    'tri': array([0, 4, 6])},
        eidxs={'quad': array([ 2,  5,  6,  7,  8,  9, 11, 13, 17, 20]),
               'tri': array([0, 4, 6])},
        conn=array([[ 0,  0,  0,  0,  0,  3,  1],
       [ 0,  0,  1,  1,  1, 13,  2],
       [ 0,  0,  2,  1,  1,  7,  3],
       [ 0,  4,  0,  1,  0,  6,  0],
       [ 0,  4,  1,  1,  1,  8,  1],
       [ 0,  4,  2, -1, -1, -1,  1],
       [ 0,  6,  0,  1,  0,  4,  0],
       [ 0,  6,  1, -1, -1, -1,  0],
       [ 0,  6,  2,  1,  1, 11,  2],
       [ 1,  5,  0,  1,  1,  9,  0],
       [ 1,  5,  1,  1,  1,  8,  3],
       [ 1,  5,  2,  1,  1, 20,  3],
       [ 1,  5,  3,  1,  1,  6,  3],
       [ 1,  6,  0,  1,  1,  2,  3],
       [ 1,  6,  1,  0,  1, 14,  0],
       [ 1,  6,  2,  1,  1,  7,  1],
       [ 1,  6,  3,  1,  1,  5,  3],
       [ 1,  7,  0,  1,  1,  9,  1],
       [ 1,  7,  1,  1,  1,  6,  2],
       [ 1,  7,  2,  0,  1, 18,  3],
       [ 1,  7,  3,  1,  0,  0,  2],
       [ 1,  8,  0, -1, -1, -1,  1],
       [ 1,  8,  1,  1,  0,  4,  1],
       [ 1,  8,  2,  1,  1, 20,  0],
       [ 1,  8,  3,  1,  1,  5,  1],
       [ 1,  9,  0,  1,  1,  5,  0],
       [ 1,  9,  1,  1,  1,  7,  0],
       [ 1,  9,  2,  1,  1, 13,  1],
       [ 1,  9,  3, -1, -1, -1,  1],
       [ 1, 11,  0,  1,  1, 17,  3],
       [ 1, 11,  1,  1,  1, 20,  1],
       [ 1, 11,  2,  1,  0,  6,  2],
       [ 1, 11,  3, -1, -1, -1,  0],
       [ 1, 13,  0, -1, -1, -1,  1],
       [ 1, 13,  1,  1,  1,  9,  2],
       [ 1, 13,  2,  1,  0,  0,  1],
       [ 1, 13,  3, -1, -1, -1,  3],
       [ 1, 20,  0,  1,  1,  8,  2],
       [ 1, 20,  1,  1,  1, 11,  1],
       [ 1, 20,  2,  1,  1,  2,  0],
       [ 1, 20,  3,  1,  1,  5,  2],
       [ 1,  2,  0,  1,  1, 20,  2],
       [ 1,  2,  1,  1,  1, 17,  2],
       [ 1,  2,  2,  2,  1,  1,  2],
       [ 1,  2,  3,  1,  1,  6,  0],
       [ 1, 17,  0,  2,  1, 16,  0],
       [ 1, 17,  1,  2,  1,  1,  3],
       [ 1, 17,  2,  1,  1,  2,  1],
       [ 1, 17,  3,  1,  1, 11,  0]]),
        spts={'quad': array([[[3.06410170e-001, 4.18912180e-001],
        [4.95921290e-001, 4.93791520e-001],
        [2.16944460e-001, 5.93267550e-001],
        [3.85341860e-001, 6.85737100e-001]],

       [[1.76025830e-001, 7.68420930e-001],
        [2.16944460e-001, 5.93267550e-001],
        [3.28884570e-001, 8.53981260e-001],
        [3.85341860e-001, 6.85737100e-001]],

       [[5.00000000e-001, 0.00000000e+000],
        [3.66718940e-001, 2.23863650e-001],
        [2.50000000e-001, 0.00000000e+000],
        [1.68787910e-001, 1.85197440e-001]],

       [[1.54537630e-001, 3.62101850e-001],
        [1.68787910e-001, 1.85197440e-001],
        [3.06410170e-001, 4.18912180e-001],
        [3.66718940e-001, 2.23863650e-001]],

       [[2.16944460e-001, 5.93267550e-001],
        [0.00000000e+000, 5.00000000e-001],
        [3.06410170e-001, 4.18912180e-001],
        [1.54537630e-001, 3.62101850e-001]],

       [[0.00000000e+000, 5.00000000e-001],
        [0.00000000e+000, 2.50000000e-001],
        [1.54537630e-001, 3.62101850e-001],
        [1.68787910e-001, 1.85197440e-001]],

       [[0.00000000e+000, 5.00000000e-001],
        [2.16944460e-001, 5.93267550e-001],
        [0.00000000e+000, 7.50000000e-001],
        [1.76025830e-001, 7.68420930e-001]],

       [[0.00000000e+000, 1.00000000e+000],
        [0.00000000e+000, 7.50000000e-001],
        [2.50000000e-001, 1.00000000e+000],
        [1.76025830e-001, 7.68420930e-001]],

       [[6.83766104e-310, 6.83766104e-310],
        [0.00000000e+000, 3.21142670e-322],
        [0.00000000e+000, 1.48219694e-323],
        [9.88131292e-324, 0.00000000e+000]],

       [[0.00000000e+000, 0.00000000e+000],
        [0.00000000e+000, 1.63041663e-322],
        [0.00000000e+000, 0.00000000e+000],
        [0.00000000e+000, 1.63041663e-322]]]),
              'tri': array([[[0.32888457, 0.85398126],
        [0.25      , 1.        ],
        [0.17602583, 0.76842093]],

       [[0.        , 0.        ],
        [0.16878791, 0.18519744],
        [0.        , 0.25      ]],

       [[0.16878791, 0.18519744],
        [0.        , 0.        ],
        [0.25      , 0.        ]]])},
        spts_nodes={'quad': array([[         22,          31,          34,          24],
       [         33,          34,          25,          24],
       [          6,          21,           5,          17],
       [         20,          17,          22,          21],
       [         34,           2,          22,          20],
       [          2,           3,          20,          17],
       [          2,          34,           1,          33],
       [          0,           1,          15,          33],
       [24529764161,           0,           0,          49],
       [          0,           3,           0,           0]]),
                    'tri': array([[25, 15, 33],
       [ 4, 17,  3],
       [17,  4,  5]])},
        spts_curved={'quad': array([False, False, False, False, False, False, False, False,  True,
        True]),
                     'tri': array([False, False, False])},
        strict_geometry=True)
[Rank 1] Base totals  →  elems=30 conn-rows=112
[Rank 1] SubMesh(etypes=['quad', 'tri'],
        eidxs_base={'quad': array([ 6,  7, 11, 20,  5,  8,  9, 13]),
                    'tri': array([0, 4, 6])},
        eidxs={'quad': array([ 2,  5,  6,  7,  8,  9, 11, 13, 17, 20]),
               'tri': array([0, 4, 6])},
        conn=array([[ 0,  0,  0,  0,  0,  3,  1],
       [ 0,  0,  1,  1,  1, 13,  2],
       [ 0,  0,  2,  1,  1,  7,  3],
       [ 0,  4,  0,  1,  0,  6,  0],
       [ 0,  4,  1,  1,  1,  8,  1],
       [ 0,  4,  2, -1, -1, -1,  1],
       [ 0,  6,  0,  1,  0,  4,  0],
       [ 0,  6,  1, -1, -1, -1,  0],
       [ 0,  6,  2,  1,  1, 11,  2],
       [ 1,  5,  0,  1,  1,  9,  0],
       [ 1,  5,  1,  1,  1,  8,  3],
       [ 1,  5,  2,  1,  1, 20,  3],
       [ 1,  5,  3,  1,  1,  6,  3],
       [ 1,  6,  0,  1,  1,  2,  3],
       [ 1,  6,  1,  0,  1, 14,  0],
       [ 1,  6,  2,  1,  1,  7,  1],
       [ 1,  6,  3,  1,  1,  5,  3],
       [ 1,  7,  0,  1,  1,  9,  1],
       [ 1,  7,  1,  1,  1,  6,  2],
       [ 1,  7,  2,  0,  1, 18,  3],
       [ 1,  7,  3,  1,  0,  0,  2],
       [ 1,  8,  0, -1, -1, -1,  1],
       [ 1,  8,  1,  1,  0,  4,  1],
       [ 1,  8,  2,  1,  1, 20,  0],
       [ 1,  8,  3,  1,  1,  5,  1],
       [ 1,  9,  0,  1,  1,  5,  0],
       [ 1,  9,  1,  1,  1,  7,  0],
       [ 1,  9,  2,  1,  1, 13,  1],
       [ 1,  9,  3, -1, -1, -1,  1],
       [ 1, 11,  0,  1,  1, 17,  3],
       [ 1, 11,  1,  1,  1, 20,  1],
       [ 1, 11,  2,  1,  0,  6,  2],
       [ 1, 11,  3, -1, -1, -1,  0],
       [ 1, 13,  0, -1, -1, -1,  1],
       [ 1, 13,  1,  1,  1,  9,  2],
       [ 1, 13,  2,  1,  0,  0,  1],
       [ 1, 13,  3, -1, -1, -1,  3],
       [ 1, 20,  0,  1,  1,  8,  2],
       [ 1, 20,  1,  1,  1, 11,  1],
       [ 1, 20,  2,  1,  1,  2,  0],
       [ 1, 20,  3,  1,  1,  5,  2],
       [ 1,  2,  0,  1,  1, 20,  2],
       [ 1,  2,  1,  1,  1, 17,  2],
       [ 1,  2,  2,  2,  1,  1,  2],
       [ 1,  2,  3,  1,  1,  6,  0],
       [ 1, 17,  0,  2,  1, 16,  0],
       [ 1, 17,  1,  2,  1,  1,  3],
       [ 1, 17,  2,  1,  1,  2,  1],
       [ 1, 17,  3,  1,  1, 11,  0]]),
        spts={'quad': array([[[3.06410170e-001, 4.18912180e-001],
        [4.95921290e-001, 4.93791520e-001],
        [2.16944460e-001, 5.93267550e-001],
        [3.85341860e-001, 6.85737100e-001]],

       [[1.76025830e-001, 7.68420930e-001],
        [2.16944460e-001, 5.93267550e-001],
        [3.28884570e-001, 8.53981260e-001],
        [3.85341860e-001, 6.85737100e-001]],

       [[5.00000000e-001, 0.00000000e+000],
        [3.66718940e-001, 2.23863650e-001],
        [2.50000000e-001, 0.00000000e+000],
        [1.68787910e-001, 1.85197440e-001]],

       [[1.54537630e-001, 3.62101850e-001],
        [1.68787910e-001, 1.85197440e-001],
        [3.06410170e-001, 4.18912180e-001],
        [3.66718940e-001, 2.23863650e-001]],

       [[2.16944460e-001, 5.93267550e-001],
        [0.00000000e+000, 5.00000000e-001],
        [3.06410170e-001, 4.18912180e-001],
        [1.54537630e-001, 3.62101850e-001]],

       [[0.00000000e+000, 5.00000000e-001],
        [0.00000000e+000, 2.50000000e-001],
        [1.54537630e-001, 3.62101850e-001],
        [1.68787910e-001, 1.85197440e-001]],

       [[0.00000000e+000, 5.00000000e-001],
        [2.16944460e-001, 5.93267550e-001],
        [0.00000000e+000, 7.50000000e-001],
        [1.76025830e-001, 7.68420930e-001]],

       [[0.00000000e+000, 1.00000000e+000],
        [0.00000000e+000, 7.50000000e-001],
        [2.50000000e-001, 1.00000000e+000],
        [1.76025830e-001, 7.68420930e-001]],

       [[1.14308095e-313, 0.00000000e+000],
        [1.58101007e-322, 1.63041663e-322],
        [9.88131292e-324, 4.94065646e-324],
        [4.68205958e-310, 2.42092166e-322]],

       [[6.69061792e-310, 6.69061792e-310],
        [1.14308095e-313, 0.00000000e+000],
        [2.37151510e-322, 1.63041663e-322],
        [4.68205958e-310, 5.43472210e-323]]]),
              'tri': array([[[0.32888457, 0.85398126],
        [0.25      , 1.        ],
        [0.17602583, 0.76842093]],

       [[0.        , 0.        ],
        [0.16878791, 0.18519744],
        [0.        , 0.25      ]],

       [[0.16878791, 0.18519744],
        [0.        , 0.        ],
        [0.25      , 0.        ]]])},
        spts_nodes={'quad': array([[         22,          31,          34,          24],
       [         33,          34,          25,          24],
       [          6,          21,           5,          17],
       [         20,          17,          22,          21],
       [         34,           2,          22,          20],
       [          2,           3,          20,          17],
       [          2,          34,           1,          33],
       [          0,           1,          15,          33],
       [23136216061,           0,           2,          49],
       [          0,           3,           0,           0]]),
                    'tri': array([[25, 15, 33],
       [ 4, 17,  3],
       [17,  4,  5]])},
        spts_curved={'quad': array([False, False, False, False, False, False, False, False,  True,
        True]),
                     'tri': array([False, False, False])},
        strict_geometry=True)
[Rank 1] SubMesh(etypes=['quad', 'tri'],
        eidxs_base={'quad': array([ 6,  7, 11, 20,  5,  8,  9, 13]),
                    'tri': array([0, 4, 6])},
        eidxs={'quad': array([ 1,  2,  5,  6,  7,  8,  9, 11, 13, 16, 17, 20]),
               'tri': array([0, 4, 6])},
        conn=array([[ 0,  0,  0,  0,  0,  3,  1],
       [ 0,  0,  1,  1,  1, 13,  2],
       [ 0,  0,  2,  1,  1,  7,  3],
       [ 0,  4,  0,  1,  0,  6,  0],
       [ 0,  4,  1,  1,  1,  8,  1],
       [ 0,  4,  2, -1, -1, -1,  1],
       [ 0,  6,  0,  1,  0,  4,  0],
       [ 0,  6,  1, -1, -1, -1,  0],
       [ 0,  6,  2,  1,  1, 11,  2],
       [ 1,  5,  0,  1,  1,  9,  0],
       [ 1,  5,  1,  1,  1,  8,  3],
       [ 1,  5,  2,  1,  1, 20,  3],
       [ 1,  5,  3,  1,  1,  6,  3],
       [ 1,  6,  0,  1,  1,  2,  3],
       [ 1,  6,  1,  0,  1, 14,  0],
       [ 1,  6,  2,  1,  1,  7,  1],
       [ 1,  6,  3,  1,  1,  5,  3],
       [ 1,  7,  0,  1,  1,  9,  1],
       [ 1,  7,  1,  1,  1,  6,  2],
       [ 1,  7,  2,  0,  1, 18,  3],
       [ 1,  7,  3,  1,  0,  0,  2],
       [ 1,  8,  0, -1, -1, -1,  1],
       [ 1,  8,  1,  1,  0,  4,  1],
       [ 1,  8,  2,  1,  1, 20,  0],
       [ 1,  8,  3,  1,  1,  5,  1],
       [ 1,  9,  0,  1,  1,  5,  0],
       [ 1,  9,  1,  1,  1,  7,  0],
       [ 1,  9,  2,  1,  1, 13,  1],
       [ 1,  9,  3, -1, -1, -1,  1],
       [ 1, 11,  0,  1,  1, 17,  3],
       [ 1, 11,  1,  1,  1, 20,  1],
       [ 1, 11,  2,  1,  0,  6,  2],
       [ 1, 11,  3, -1, -1, -1,  0],
       [ 1, 13,  0, -1, -1, -1,  1],
       [ 1, 13,  1,  1,  1,  9,  2],
       [ 1, 13,  2,  1,  0,  0,  1],
       [ 1, 13,  3, -1, -1, -1,  3],
       [ 1, 20,  0,  1,  1,  8,  2],
       [ 1, 20,  1,  1,  1, 11,  1],
       [ 1, 20,  2,  1,  1,  2,  0],
       [ 1, 20,  3,  1,  1,  5,  2],
       [ 1,  2,  0,  1,  1, 20,  2],
       [ 1,  2,  1,  1,  1, 17,  2],
       [ 1,  2,  2,  1,  1,  1,  2],
       [ 1,  2,  3,  1,  1,  6,  0],
       [ 1, 17,  0,  1,  1, 16,  0],
       [ 1, 17,  1,  1,  1,  1,  3],
       [ 1, 17,  2,  1,  1,  2,  1],
       [ 1, 17,  3,  1,  1, 11,  0],
       [ 1,  1,  0,  2,  1,  3,  3],
       [ 1,  1,  1,  0,  1, 12,  1],
       [ 1,  1,  2,  1,  1,  2,  2],
       [ 1,  1,  3,  1,  1, 17,  1],
       [ 1, 16,  0,  1,  1, 17,  0],
       [ 1, 16,  1, -1, -1, -1,  0],
       [ 1, 16,  2,  2,  0,  2,  0],
       [ 1, 16,  3,  2,  1,  3,  0]]),
        spts={'quad': array([[[3.06410170e-001, 4.18912180e-001],
        [4.95921290e-001, 4.93791520e-001],
        [2.16944460e-001, 5.93267550e-001],
        [3.85341860e-001, 6.85737100e-001]],

       [[1.76025830e-001, 7.68420930e-001],
        [2.16944460e-001, 5.93267550e-001],
        [3.28884570e-001, 8.53981260e-001],
        [3.85341860e-001, 6.85737100e-001]],

       [[5.00000000e-001, 0.00000000e+000],
        [3.66718940e-001, 2.23863650e-001],
        [2.50000000e-001, 0.00000000e+000],
        [1.68787910e-001, 1.85197440e-001]],

       [[1.54537630e-001, 3.62101850e-001],
        [1.68787910e-001, 1.85197440e-001],
        [3.06410170e-001, 4.18912180e-001],
        [3.66718940e-001, 2.23863650e-001]],

       [[2.16944460e-001, 5.93267550e-001],
        [0.00000000e+000, 5.00000000e-001],
        [3.06410170e-001, 4.18912180e-001],
        [1.54537630e-001, 3.62101850e-001]],

       [[0.00000000e+000, 5.00000000e-001],
        [0.00000000e+000, 2.50000000e-001],
        [1.54537630e-001, 3.62101850e-001],
        [1.68787910e-001, 1.85197440e-001]],

       [[0.00000000e+000, 5.00000000e-001],
        [2.16944460e-001, 5.93267550e-001],
        [0.00000000e+000, 7.50000000e-001],
        [1.76025830e-001, 7.68420930e-001]],

       [[0.00000000e+000, 1.00000000e+000],
        [0.00000000e+000, 7.50000000e-001],
        [2.50000000e-001, 1.00000000e+000],
        [1.76025830e-001, 7.68420930e-001]],

       [[1.14308095e-313, 0.00000000e+000],
        [1.58101007e-322, 1.63041663e-322],
        [9.88131292e-324, 4.94065646e-324],
        [4.68205958e-310, 2.42092166e-322]],

       [[6.69061792e-310, 6.69061792e-310],
        [1.14308095e-313, 0.00000000e+000],
        [2.37151510e-322, 1.63041663e-322],
        [4.68205958e-310, 5.43472210e-323]],

       [[6.69061792e-310, 4.68205959e-310],
        [0.00000000e+000, 0.00000000e+000],
        [2.37151510e-322, 3.16696079e-321],
        [4.94065646e-324, 6.69061829e-310]],

       [[1.07212245e-321, 6.69039531e-310],
        [6.69039554e-310, 6.69039532e-310],
        [4.24399160e-314, 2.12199579e-314],
        [2.29387745e-311, 4.66839074e-313]]]),
              'tri': array([[[0.32888457, 0.85398126],
        [0.25      , 1.        ],
        [0.17602583, 0.76842093]],

       [[0.        , 0.        ],
        [0.16878791, 0.18519744],
        [0.        , 0.25      ]],

       [[0.16878791, 0.18519744],
        [0.        , 0.        ],
        [0.25      , 0.        ]]])},
        spts_nodes={'quad': array([[         22,          31,          34,          24],
       [         33,          34,          25,          24],
       [          6,          21,           5,          17],
       [         20,          17,          22,          21],
       [         34,           2,          22,          20],
       [          2,           3,          20,          17],
       [          2,          34,           1,          33],
       [          0,           1,          15,          33],
       [23136216061,           0,           2,          49],
       [          0,           3,           0,           0],
       [23136215965,           0,          32,          65],
       [         16,           7,           8,          16]]),
                    'tri': array([[25, 15, 33],
       [ 4, 17,  3],
       [17,  4,  5]])},
        spts_curved={'quad': array([False, False, False, False, False, False, False, False,  True,
        True,  True,  True]),
                     'tri': array([False, False, False])},
        strict_geometry=True)
[Rank 1] Base totals  →  elems=30 conn-rows=112
[Rank 1] Base totals  →  elems=30 conn-rows=112
[Rank 1] Base totals  →  elems=30 conn-rows=112
[Rank 1] Base totals  →  elems=30 conn-rows=112
[Rank 1] Base totals  →  elems=30 conn-rows=112
[Rank 1] Base totals  →  elems=30 conn-rows=112
[Rank 1] Base totals  →  elems=30 conn-rows=112
[Rank 1] Base totals  →  elems=30 conn-rows=112
[Rank 1] Base totals  →  elems=30 conn-rows=112
[Rank 1] Base totals  →  elems=30 conn-rows=112
[Rank 1] Base totals  →  elems=30 conn-rows=112
[Rank 1] Base totals  →  elems=30 conn-rows=112
[Rank 1] Base totals  →  elems=30 conn-rows=112
[Rank 1] Base totals  →  elems=30 conn-rows=112
[Rank 1] Base totals  →  elems=30 conn-rows=112
[Rank 1] Base totals  →  elems=30 conn-rows=112
[Rank 1] Base totals  →  elems=30 conn-rows=112
[Rank 1] Base totals  →  elems=30 conn-rows=112
[Rank 1] Base totals  →  elems=30 conn-rows=112
[Rank 1] Base totals  →  elems=30 conn-rows=112
[Rank 1] Base totals  →  elems=30 conn-rows=112
[Rank 1] Base totals  →  elems=30 conn-rows=112
[Rank 1] Base totals  →  elems=30 conn-rows=112
[Rank 1] Base totals  →  elems=30 conn-rows=112
[Rank 1] Base totals  →  elems=30 conn-rows=112
[Rank 1] Base totals  →  elems=30 conn-rows=112
[Rank 1] Base totals  →  elems=30 conn-rows=112
[Rank 1] SubMesh(etypes=['quad', 'tri'],
        eidxs_base={'quad': array([ 6,  7, 11, 20,  5,  8,  9, 13]),
                    'tri': array([0, 4, 6])},
        eidxs={'quad': array([ 6,  7, 11, 20,  5,  8,  9, 13]),
               'tri': array([0, 4, 6])},
        conn=array([[ 0,  0,  0,  0,  0,  3,  1],
       [ 0,  0,  1,  1,  1, 13,  2],
       [ 0,  0,  2,  1,  1,  7,  3],
       [ 0,  4,  0,  1,  0,  6,  0],
       [ 0,  4,  1,  1,  1,  8,  1],
       [ 0,  4,  2, -1, -1, -1,  1],
       [ 0,  6,  0,  1,  0,  4,  0],
       [ 0,  6,  1, -1, -1, -1,  0],
       [ 0,  6,  2,  1,  1, 11,  2],
       [ 1,  5,  0,  1,  1,  9,  0],
       [ 1,  5,  1,  1,  1,  8,  3],
       [ 1,  5,  2,  1,  1, 20,  3],
       [ 1,  5,  3,  1,  1,  6,  3],
       [ 1,  6,  0,  2,  1,  2,  3],
       [ 1,  6,  1,  0,  1, 14,  0],
       [ 1,  6,  2,  1,  1,  7,  1],
       [ 1,  6,  3,  1,  1,  5,  3],
       [ 1,  7,  0,  1,  1,  9,  1],
       [ 1,  7,  1,  1,  1,  6,  2],
       [ 1,  7,  2,  0,  1, 18,  3],
       [ 1,  7,  3,  1,  0,  0,  2],
       [ 1,  8,  0, -1, -1, -1,  1],
       [ 1,  8,  1,  1,  0,  4,  1],
       [ 1,  8,  2,  1,  1, 20,  0],
       [ 1,  8,  3,  1,  1,  5,  1],
       [ 1,  9,  0,  1,  1,  5,  0],
       [ 1,  9,  1,  1,  1,  7,  0],
       [ 1,  9,  2,  1,  1, 13,  1],
       [ 1,  9,  3, -1, -1, -1,  1],
       [ 1, 11,  0,  2,  1, 17,  3],
       [ 1, 11,  1,  1,  1, 20,  1],
       [ 1, 11,  2,  1,  0,  6,  2],
       [ 1, 11,  3, -1, -1, -1,  0],
       [ 1, 13,  0, -1, -1, -1,  1],
       [ 1, 13,  1,  1,  1,  9,  2],
       [ 1, 13,  2,  1,  0,  0,  1],
       [ 1, 13,  3, -1, -1, -1,  3],
       [ 1, 20,  0,  1,  1,  8,  2],
       [ 1, 20,  1,  1,  1, 11,  1],
       [ 1, 20,  2,  2,  1,  2,  0],
       [ 1, 20,  3,  1,  1,  5,  2]]),
        strict_geometry=True)
[Rank 1] SubMesh(etypes=['quad', 'tri'],
        eidxs_base={'quad': array([ 6,  7, 11, 20,  5,  8,  9, 13]),
                    'tri': array([0, 4, 6])},
        eidxs={'quad': array([ 2,  5,  6,  7,  8,  9, 11, 13, 17, 20]),
               'tri': array([0, 4, 6])},
        conn=array([[ 0,  0,  0,  0,  0,  3,  1],
       [ 0,  0,  1,  1,  1, 13,  2],
       [ 0,  0,  2,  1,  1,  7,  3],
       [ 0,  4,  0,  1,  0,  6,  0],
       [ 0,  4,  1,  1,  1,  8,  1],
       [ 0,  4,  2, -1, -1, -1,  1],
       [ 0,  6,  0,  1,  0,  4,  0],
       [ 0,  6,  1, -1, -1, -1,  0],
       [ 0,  6,  2,  1,  1, 11,  2],
       [ 1,  5,  0,  1,  1,  9,  0],
       [ 1,  5,  1,  1,  1,  8,  3],
       [ 1,  5,  2,  1,  1, 20,  3],
       [ 1,  5,  3,  1,  1,  6,  3],
       [ 1,  6,  0,  1,  1,  2,  3],
       [ 1,  6,  1,  0,  1, 14,  0],
       [ 1,  6,  2,  1,  1,  7,  1],
       [ 1,  6,  3,  1,  1,  5,  3],
       [ 1,  7,  0,  1,  1,  9,  1],
       [ 1,  7,  1,  1,  1,  6,  2],
       [ 1,  7,  2,  0,  1, 18,  3],
       [ 1,  7,  3,  1,  0,  0,  2],
       [ 1,  8,  0, -1, -1, -1,  1],
       [ 1,  8,  1,  1,  0,  4,  1],
       [ 1,  8,  2,  1,  1, 20,  0],
       [ 1,  8,  3,  1,  1,  5,  1],
       [ 1,  9,  0,  1,  1,  5,  0],
       [ 1,  9,  1,  1,  1,  7,  0],
       [ 1,  9,  2,  1,  1, 13,  1],
       [ 1,  9,  3, -1, -1, -1,  1],
       [ 1, 11,  0,  1,  1, 17,  3],
       [ 1, 11,  1,  1,  1, 20,  1],
       [ 1, 11,  2,  1,  0,  6,  2],
       [ 1, 11,  3, -1, -1, -1,  0],
       [ 1, 13,  0, -1, -1, -1,  1],
       [ 1, 13,  1,  1,  1,  9,  2],
       [ 1, 13,  2,  1,  0,  0,  1],
       [ 1, 13,  3, -1, -1, -1,  3],
       [ 1, 20,  0,  1,  1,  8,  2],
       [ 1, 20,  1,  1,  1, 11,  1],
       [ 1, 20,  2,  1,  1,  2,  0],
       [ 1, 20,  3,  1,  1,  5,  2],
       [ 1,  2,  0,  1,  1, 20,  2],
       [ 1,  2,  1,  1,  1, 17,  2],
       [ 1,  2,  2,  2,  1,  1,  2],
       [ 1,  2,  3,  1,  1,  6,  0],
       [ 1, 17,  0,  2,  1, 16,  0],
       [ 1, 17,  1,  2,  1,  1,  3],
       [ 1, 17,  2,  1,  1,  2,  1],
       [ 1, 17,  3,  1,  1, 11,  0]]),
        strict_geometry=True)
[Rank 1] SubMesh(etypes=['quad', 'tri'],
        eidxs_base={'quad': array([ 6,  7, 11, 20,  5,  8,  9, 13]),
                    'tri': array([0, 4, 6])},
        eidxs={'quad': array([ 1,  2,  5,  6,  7,  8,  9, 11, 13, 16, 17, 20]),
               'tri': array([0, 4, 6])},
        conn=array([[ 0,  0,  0,  0,  0,  3,  1],
       [ 0,  0,  1,  1,  1, 13,  2],
       [ 0,  0,  2,  1,  1,  7,  3],
       [ 0,  4,  0,  1,  0,  6,  0],
       [ 0,  4,  1,  1,  1,  8,  1],
       [ 0,  4,  2, -1, -1, -1,  1],
       [ 0,  6,  0,  1,  0,  4,  0],
       [ 0,  6,  1, -1, -1, -1,  0],
       [ 0,  6,  2,  1,  1, 11,  2],
       [ 1,  5,  0,  1,  1,  9,  0],
       [ 1,  5,  1,  1,  1,  8,  3],
       [ 1,  5,  2,  1,  1, 20,  3],
       [ 1,  5,  3,  1,  1,  6,  3],
       [ 1,  6,  0,  1,  1,  2,  3],
       [ 1,  6,  1,  0,  1, 14,  0],
       [ 1,  6,  2,  1,  1,  7,  1],
       [ 1,  6,  3,  1,  1,  5,  3],
       [ 1,  7,  0,  1,  1,  9,  1],
       [ 1,  7,  1,  1,  1,  6,  2],
       [ 1,  7,  2,  0,  1, 18,  3],
       [ 1,  7,  3,  1,  0,  0,  2],
       [ 1,  8,  0, -1, -1, -1,  1],
       [ 1,  8,  1,  1,  0,  4,  1],
       [ 1,  8,  2,  1,  1, 20,  0],
       [ 1,  8,  3,  1,  1,  5,  1],
       [ 1,  9,  0,  1,  1,  5,  0],
       [ 1,  9,  1,  1,  1,  7,  0],
       [ 1,  9,  2,  1,  1, 13,  1],
       [ 1,  9,  3, -1, -1, -1,  1],
       [ 1, 11,  0,  1,  1, 17,  3],
       [ 1, 11,  1,  1,  1, 20,  1],
       [ 1, 11,  2,  1,  0,  6,  2],
       [ 1, 11,  3, -1, -1, -1,  0],
       [ 1, 13,  0, -1, -1, -1,  1],
       [ 1, 13,  1,  1,  1,  9,  2],
       [ 1, 13,  2,  1,  0,  0,  1],
       [ 1, 13,  3, -1, -1, -1,  3],
       [ 1, 20,  0,  1,  1,  8,  2],
       [ 1, 20,  1,  1,  1, 11,  1],
       [ 1, 20,  2,  1,  1,  2,  0],
       [ 1, 20,  3,  1,  1,  5,  2],
       [ 1,  2,  0,  1,  1, 20,  2],
       [ 1,  2,  1,  1,  1, 17,  2],
       [ 1,  2,  2,  1,  1,  1,  2],
       [ 1,  2,  3,  1,  1,  6,  0],
       [ 1, 17,  0,  1,  1, 16,  0],
       [ 1, 17,  1,  1,  1,  1,  3],
       [ 1, 17,  2,  1,  1,  2,  1],
       [ 1, 17,  3,  1,  1, 11,  0],
       [ 1,  1,  0,  2,  1,  3,  3],
       [ 1,  1,  1,  0,  1, 12,  1],
       [ 1,  1,  2,  1,  1,  2,  2],
       [ 1,  1,  3,  1,  1, 17,  1],
       [ 1, 16,  0,  1,  1, 17,  0],
       [ 1, 16,  1, -1, -1, -1,  0],
       [ 1, 16,  2,  2,  0,  2,  0],
       [ 1, 16,  3,  2,  1,  3,  0]]),
        strict_geometry=True)
[Rank 1] Base totals  →  elems=30 conn-rows=112
[Rank 1] SubMesh(etypes=['quad', 'tri'],
        eidxs_base={'quad': array([ 6,  7, 11, 20,  5,  8,  9, 13]),
                    'tri': array([0, 4, 6])},
        eidxs={'quad': array([ 6,  7, 11, 20,  5,  8,  9, 13]),
               'tri': array([0, 4, 6])},
        conn=array([[ 0,  0,  0,  0,  0,  3,  1],
       [ 0,  0,  1,  1,  1, 13,  2],
       [ 0,  0,  2,  1,  1,  7,  3],
       [ 0,  4,  0,  1,  0,  6,  0],
       [ 0,  4,  1,  1,  1,  8,  1],
       [ 0,  4,  2, -1, -1, -1,  1],
       [ 0,  6,  0,  1,  0,  4,  0],
       [ 0,  6,  1, -1, -1, -1,  0],
       [ 0,  6,  2,  1,  1, 11,  2],
       [ 1,  5,  0,  1,  1,  9,  0],
       [ 1,  5,  1,  1,  1,  8,  3],
       [ 1,  5,  2,  1,  1, 20,  3],
       [ 1,  5,  3,  1,  1,  6,  3],
       [ 1,  6,  0,  2,  1,  2,  3],
       [ 1,  6,  1,  0,  1, 14,  0],
       [ 1,  6,  2,  1,  1,  7,  1],
       [ 1,  6,  3,  1,  1,  5,  3],
       [ 1,  7,  0,  1,  1,  9,  1],
       [ 1,  7,  1,  1,  1,  6,  2],
       [ 1,  7,  2,  0,  1, 18,  3],
       [ 1,  7,  3,  1,  0,  0,  2],
       [ 1,  8,  0, -1, -1, -1,  1],
       [ 1,  8,  1,  1,  0,  4,  1],
       [ 1,  8,  2,  1,  1, 20,  0],
       [ 1,  8,  3,  1,  1,  5,  1],
       [ 1,  9,  0,  1,  1,  5,  0],
       [ 1,  9,  1,  1,  1,  7,  0],
       [ 1,  9,  2,  1,  1, 13,  1],
       [ 1,  9,  3, -1, -1, -1,  1],
       [ 1, 11,  0,  2,  1, 17,  3],
       [ 1, 11,  1,  1,  1, 20,  1],
       [ 1, 11,  2,  1,  0,  6,  2],
       [ 1, 11,  3, -1, -1, -1,  0],
       [ 1, 13,  0, -1, -1, -1,  1],
       [ 1, 13,  1,  1,  1,  9,  2],
       [ 1, 13,  2,  1,  0,  0,  1],
       [ 1, 13,  3, -1, -1, -1,  3],
       [ 1, 20,  0,  1,  1,  8,  2],
       [ 1, 20,  1,  1,  1, 11,  1],
       [ 1, 20,  2,  2,  1,  2,  0],
       [ 1, 20,  3,  1,  1,  5,  2]]),
        strict_geometry=True)
[Rank 1] SubMesh(etypes=['quad', 'tri'],
        eidxs_base={'quad': array([ 6,  7, 11, 20,  5,  8,  9, 13]),
                    'tri': array([0, 4, 6])},
        eidxs={'quad': array([ 2,  5,  6,  7,  8,  9, 11, 13, 17, 20]),
               'tri': array([0, 4, 6])},
        conn=array([[ 0,  0,  0,  0,  0,  3,  1],
       [ 0,  0,  1,  1,  1, 13,  2],
       [ 0,  0,  2,  1,  1,  7,  3],
       [ 0,  4,  0,  1,  0,  6,  0],
       [ 0,  4,  1,  1,  1,  8,  1],
       [ 0,  4,  2, -1, -1, -1,  1],
       [ 0,  6,  0,  1,  0,  4,  0],
       [ 0,  6,  1, -1, -1, -1,  0],
       [ 0,  6,  2,  1,  1, 11,  2],
       [ 1,  5,  0,  1,  1,  9,  0],
       [ 1,  5,  1,  1,  1,  8,  3],
       [ 1,  5,  2,  1,  1, 20,  3],
       [ 1,  5,  3,  1,  1,  6,  3],
       [ 1,  6,  0,  1,  1,  2,  3],
       [ 1,  6,  1,  0,  1, 14,  0],
       [ 1,  6,  2,  1,  1,  7,  1],
       [ 1,  6,  3,  1,  1,  5,  3],
       [ 1,  7,  0,  1,  1,  9,  1],
       [ 1,  7,  1,  1,  1,  6,  2],
       [ 1,  7,  2,  0,  1, 18,  3],
       [ 1,  7,  3,  1,  0,  0,  2],
       [ 1,  8,  0, -1, -1, -1,  1],
       [ 1,  8,  1,  1,  0,  4,  1],
       [ 1,  8,  2,  1,  1, 20,  0],
       [ 1,  8,  3,  1,  1,  5,  1],
       [ 1,  9,  0,  1,  1,  5,  0],
       [ 1,  9,  1,  1,  1,  7,  0],
       [ 1,  9,  2,  1,  1, 13,  1],
       [ 1,  9,  3, -1, -1, -1,  1],
       [ 1, 11,  0,  1,  1, 17,  3],
       [ 1, 11,  1,  1,  1, 20,  1],
       [ 1, 11,  2,  1,  0,  6,  2],
       [ 1, 11,  3, -1, -1, -1,  0],
       [ 1, 13,  0, -1, -1, -1,  1],
       [ 1, 13,  1,  1,  1,  9,  2],
       [ 1, 13,  2,  1,  0,  0,  1],
       [ 1, 13,  3, -1, -1, -1,  3],
       [ 1, 20,  0,  1,  1,  8,  2],
       [ 1, 20,  1,  1,  1, 11,  1],
       [ 1, 20,  2,  1,  1,  2,  0],
       [ 1, 20,  3,  1,  1,  5,  2],
       [ 1,  2,  0,  1,  1, 20,  2],
       [ 1,  2,  1,  1,  1, 17,  2],
       [ 1,  2,  2,  2,  1,  1,  2],
       [ 1,  2,  3,  1,  1,  6,  0],
       [ 1, 17,  0,  2,  1, 16,  0],
       [ 1, 17,  1,  2,  1,  1,  3],
       [ 1, 17,  2,  1,  1,  2,  1],
       [ 1, 17,  3,  1,  1, 11,  0]]),
        strict_geometry=True)
[Rank 1] SubMesh(etypes=['quad', 'tri'],
        eidxs_base={'quad': array([ 6,  7, 11, 20,  5,  8,  9, 13]),
                    'tri': array([0, 4, 6])},
        eidxs={'quad': array([ 1,  2,  5,  6,  7,  8,  9, 11, 13, 16, 17, 20]),
               'tri': array([0, 4, 6])},
        conn=array([[ 0,  0,  0,  0,  0,  3,  1],
       [ 0,  0,  1,  1,  1, 13,  2],
       [ 0,  0,  2,  1,  1,  7,  3],
       [ 0,  4,  0,  1,  0,  6,  0],
       [ 0,  4,  1,  1,  1,  8,  1],
       [ 0,  4,  2, -1, -1, -1,  1],
       [ 0,  6,  0,  1,  0,  4,  0],
       [ 0,  6,  1, -1, -1, -1,  0],
       [ 0,  6,  2,  1,  1, 11,  2],
       [ 1,  5,  0,  1,  1,  9,  0],
       [ 1,  5,  1,  1,  1,  8,  3],
       [ 1,  5,  2,  1,  1, 20,  3],
       [ 1,  5,  3,  1,  1,  6,  3],
       [ 1,  6,  0,  1,  1,  2,  3],
       [ 1,  6,  1,  0,  1, 14,  0],
       [ 1,  6,  2,  1,  1,  7,  1],
       [ 1,  6,  3,  1,  1,  5,  3],
       [ 1,  7,  0,  1,  1,  9,  1],
       [ 1,  7,  1,  1,  1,  6,  2],
       [ 1,  7,  2,  0,  1, 18,  3],
       [ 1,  7,  3,  1,  0,  0,  2],
       [ 1,  8,  0, -1, -1, -1,  1],
       [ 1,  8,  1,  1,  0,  4,  1],
       [ 1,  8,  2,  1,  1, 20,  0],
       [ 1,  8,  3,  1,  1,  5,  1],
       [ 1,  9,  0,  1,  1,  5,  0],
       [ 1,  9,  1,  1,  1,  7,  0],
       [ 1,  9,  2,  1,  1, 13,  1],
       [ 1,  9,  3, -1, -1, -1,  1],
       [ 1, 11,  0,  1,  1, 17,  3],
       [ 1, 11,  1,  1,  1, 20,  1],
       [ 1, 11,  2,  1,  0,  6,  2],
       [ 1, 11,  3, -1, -1, -1,  0],
       [ 1, 13,  0, -1, -1, -1,  1],
       [ 1, 13,  1,  1,  1,  9,  2],
       [ 1, 13,  2,  1,  0,  0,  1],
       [ 1, 13,  3, -1, -1, -1,  3],
       [ 1, 20,  0,  1,  1,  8,  2],
       [ 1, 20,  1,  1,  1, 11,  1],
       [ 1, 20,  2,  1,  1,  2,  0],
       [ 1, 20,  3,  1,  1,  5,  2],
       [ 1,  2,  0,  1,  1, 20,  2],
       [ 1,  2,  1,  1,  1, 17,  2],
       [ 1,  2,  2,  1,  1,  1,  2],
       [ 1,  2,  3,  1,  1,  6,  0],
       [ 1, 17,  0,  1,  1, 16,  0],
       [ 1, 17,  1,  1,  1,  1,  3],
       [ 1, 17,  2,  1,  1,  2,  1],
       [ 1, 17,  3,  1,  1, 11,  0],
       [ 1,  1,  0,  2,  1,  3,  3],
       [ 1,  1,  1,  0,  1, 12,  1],
       [ 1,  1,  2,  1,  1,  2,  2],
       [ 1,  1,  3,  1,  1, 17,  1],
       [ 1, 16,  0,  1,  1, 17,  0],
       [ 1, 16,  1, -1, -1, -1,  0],
       [ 1, 16,  2,  2,  0,  2,  0],
       [ 1, 16,  3,  2,  1,  3,  0]]),
        strict_geometry=True)
[Rank 1] Base totals  →  elems=30 conn-rows=112
[Rank 1] SubMesh(etypes=['quad', 'tri'],
        eidxs_base={'quad': array([ 6,  7, 11, 20,  5,  8,  9, 13]),
                    'tri': array([0, 4, 6])},
        eidxs={'quad': array([ 6,  7, 11, 20,  5,  8,  9, 13]),
               'tri': array([0, 4, 6])},
        conn=array([[ 0,  0,  0,  0,  0,  3,  1],
       [ 0,  0,  1,  1,  1, 13,  2],
       [ 0,  0,  2,  1,  1,  7,  3],
       [ 0,  4,  0,  1,  0,  6,  0],
       [ 0,  4,  1,  1,  1,  8,  1],
       [ 0,  4,  2, -1, -1, -1,  1],
       [ 0,  6,  0,  1,  0,  4,  0],
       [ 0,  6,  1, -1, -1, -1,  0],
       [ 0,  6,  2,  1,  1, 11,  2],
       [ 1,  5,  0,  1,  1,  9,  0],
       [ 1,  5,  1,  1,  1,  8,  3],
       [ 1,  5,  2,  1,  1, 20,  3],
       [ 1,  5,  3,  1,  1,  6,  3],
       [ 1,  6,  0,  2,  1,  2,  3],
       [ 1,  6,  1,  0,  1, 14,  0],
       [ 1,  6,  2,  1,  1,  7,  1],
       [ 1,  6,  3,  1,  1,  5,  3],
       [ 1,  7,  0,  1,  1,  9,  1],
       [ 1,  7,  1,  1,  1,  6,  2],
       [ 1,  7,  2,  0,  1, 18,  3],
       [ 1,  7,  3,  1,  0,  0,  2],
       [ 1,  8,  0, -1, -1, -1,  1],
       [ 1,  8,  1,  1,  0,  4,  1],
       [ 1,  8,  2,  1,  1, 20,  0],
       [ 1,  8,  3,  1,  1,  5,  1],
       [ 1,  9,  0,  1,  1,  5,  0],
       [ 1,  9,  1,  1,  1,  7,  0],
       [ 1,  9,  2,  1,  1, 13,  1],
       [ 1,  9,  3, -1, -1, -1,  1],
       [ 1, 11,  0,  2,  1, 17,  3],
       [ 1, 11,  1,  1,  1, 20,  1],
       [ 1, 11,  2,  1,  0,  6,  2],
       [ 1, 11,  3, -1, -1, -1,  0],
       [ 1, 13,  0, -1, -1, -1,  1],
       [ 1, 13,  1,  1,  1,  9,  2],
       [ 1, 13,  2,  1,  0,  0,  1],
       [ 1, 13,  3, -1, -1, -1,  3],
       [ 1, 20,  0,  1,  1,  8,  2],
       [ 1, 20,  1,  1,  1, 11,  1],
       [ 1, 20,  2,  2,  1,  2,  0],
       [ 1, 20,  3,  1,  1,  5,  2]]),
        strict_geometry=True)
[Rank 1] SubMesh(etypes=['quad', 'tri'],
        eidxs_base={'quad': array([ 6,  7, 11, 20,  5,  8,  9, 13]),
                    'tri': array([0, 4, 6])},
        eidxs={'quad': array([ 2,  5,  6,  7,  8,  9, 11, 13, 17, 20]),
               'tri': array([0, 4, 6])},
        conn=array([[ 0,  0,  0,  0,  0,  3,  1],
       [ 0,  0,  1,  1,  1, 13,  2],
       [ 0,  0,  2,  1,  1,  7,  3],
       [ 0,  4,  0,  1,  0,  6,  0],
       [ 0,  4,  1,  1,  1,  8,  1],
       [ 0,  4,  2, -1, -1, -1,  1],
       [ 0,  6,  0,  1,  0,  4,  0],
       [ 0,  6,  1, -1, -1, -1,  0],
       [ 0,  6,  2,  1,  1, 11,  2],
       [ 1,  5,  0,  1,  1,  9,  0],
       [ 1,  5,  1,  1,  1,  8,  3],
       [ 1,  5,  2,  1,  1, 20,  3],
       [ 1,  5,  3,  1,  1,  6,  3],
       [ 1,  6,  0,  1,  1,  2,  3],
       [ 1,  6,  1,  0,  1, 14,  0],
       [ 1,  6,  2,  1,  1,  7,  1],
       [ 1,  6,  3,  1,  1,  5,  3],
       [ 1,  7,  0,  1,  1,  9,  1],
       [ 1,  7,  1,  1,  1,  6,  2],
       [ 1,  7,  2,  0,  1, 18,  3],
       [ 1,  7,  3,  1,  0,  0,  2],
       [ 1,  8,  0, -1, -1, -1,  1],
       [ 1,  8,  1,  1,  0,  4,  1],
       [ 1,  8,  2,  1,  1, 20,  0],
       [ 1,  8,  3,  1,  1,  5,  1],
       [ 1,  9,  0,  1,  1,  5,  0],
       [ 1,  9,  1,  1,  1,  7,  0],
       [ 1,  9,  2,  1,  1, 13,  1],
       [ 1,  9,  3, -1, -1, -1,  1],
       [ 1, 11,  0,  1,  1, 17,  3],
       [ 1, 11,  1,  1,  1, 20,  1],
       [ 1, 11,  2,  1,  0,  6,  2],
       [ 1, 11,  3, -1, -1, -1,  0],
       [ 1, 13,  0, -1, -1, -1,  1],
       [ 1, 13,  1,  1,  1,  9,  2],
       [ 1, 13,  2,  1,  0,  0,  1],
       [ 1, 13,  3, -1, -1, -1,  3],
       [ 1, 20,  0,  1,  1,  8,  2],
       [ 1, 20,  1,  1,  1, 11,  1],
       [ 1, 20,  2,  1,  1,  2,  0],
       [ 1, 20,  3,  1,  1,  5,  2],
       [ 1,  2,  0,  1,  1, 20,  2],
       [ 1,  2,  1,  1,  1, 17,  2],
       [ 1,  2,  2,  2,  1,  1,  2],
       [ 1,  2,  3,  1,  1,  6,  0],
       [ 1, 17,  0,  2,  1, 16,  0],
       [ 1, 17,  1,  2,  1,  1,  3],
       [ 1, 17,  2,  1,  1,  2,  1],
       [ 1, 17,  3,  1,  1, 11,  0]]),
        strict_geometry=True)
[Rank 1] SubMesh(etypes=['quad', 'tri'],
        eidxs_base={'quad': array([ 6,  7, 11, 20,  5,  8,  9, 13]),
                    'tri': array([0, 4, 6])},
        eidxs={'quad': array([ 1,  2,  5,  6,  7,  8,  9, 11, 13, 16, 17, 20]),
               'tri': array([0, 4, 6])},
        conn=array([[ 0,  0,  0,  0,  0,  3,  1],
       [ 0,  0,  1,  1,  1, 13,  2],
       [ 0,  0,  2,  1,  1,  7,  3],
       [ 0,  4,  0,  1,  0,  6,  0],
       [ 0,  4,  1,  1,  1,  8,  1],
       [ 0,  4,  2, -1, -1, -1,  1],
       [ 0,  6,  0,  1,  0,  4,  0],
       [ 0,  6,  1, -1, -1, -1,  0],
       [ 0,  6,  2,  1,  1, 11,  2],
       [ 1,  5,  0,  1,  1,  9,  0],
       [ 1,  5,  1,  1,  1,  8,  3],
       [ 1,  5,  2,  1,  1, 20,  3],
       [ 1,  5,  3,  1,  1,  6,  3],
       [ 1,  6,  0,  1,  1,  2,  3],
       [ 1,  6,  1,  0,  1, 14,  0],
       [ 1,  6,  2,  1,  1,  7,  1],
       [ 1,  6,  3,  1,  1,  5,  3],
       [ 1,  7,  0,  1,  1,  9,  1],
       [ 1,  7,  1,  1,  1,  6,  2],
       [ 1,  7,  2,  0,  1, 18,  3],
       [ 1,  7,  3,  1,  0,  0,  2],
       [ 1,  8,  0, -1, -1, -1,  1],
       [ 1,  8,  1,  1,  0,  4,  1],
       [ 1,  8,  2,  1,  1, 20,  0],
       [ 1,  8,  3,  1,  1,  5,  1],
       [ 1,  9,  0,  1,  1,  5,  0],
       [ 1,  9,  1,  1,  1,  7,  0],
       [ 1,  9,  2,  1,  1, 13,  1],
       [ 1,  9,  3, -1, -1, -1,  1],
       [ 1, 11,  0,  1,  1, 17,  3],
       [ 1, 11,  1,  1,  1, 20,  1],
       [ 1, 11,  2,  1,  0,  6,  2],
       [ 1, 11,  3, -1, -1, -1,  0],
       [ 1, 13,  0, -1, -1, -1,  1],
       [ 1, 13,  1,  1,  1,  9,  2],
       [ 1, 13,  2,  1,  0,  0,  1],
       [ 1, 13,  3, -1, -1, -1,  3],
       [ 1, 20,  0,  1,  1,  8,  2],
       [ 1, 20,  1,  1,  1, 11,  1],
       [ 1, 20,  2,  1,  1,  2,  0],
       [ 1, 20,  3,  1,  1,  5,  2],
       [ 1,  2,  0,  1,  1, 20,  2],
       [ 1,  2,  1,  1,  1, 17,  2],
       [ 1,  2,  2,  1,  1,  1,  2],
       [ 1,  2,  3,  1,  1,  6,  0],
       [ 1, 17,  0,  1,  1, 16,  0],
       [ 1, 17,  1,  1,  1,  1,  3],
       [ 1, 17,  2,  1,  1,  2,  1],
       [ 1, 17,  3,  1,  1, 11,  0],
       [ 1,  1,  0,  2,  1,  3,  3],
       [ 1,  1,  1,  0,  1, 12,  1],
       [ 1,  1,  2,  1,  1,  2,  2],
       [ 1,  1,  3,  1,  1, 17,  1],
       [ 1, 16,  0,  1,  1, 17,  0],
       [ 1, 16,  1, -1, -1, -1,  0],
       [ 1, 16,  2,  2,  0,  2,  0],
       [ 1, 16,  3,  2,  1,  3,  0]]),
        strict_geometry=True)
[Rank 1] Base totals  →  elems=30 conn-rows=112
[Rank 1] SubMesh(etypes=['quad', 'tri'],
        eidxs_base={'quad': array([ 6,  7, 11, 20,  5,  8,  9, 13]),
                    'tri': array([0, 4, 6])},
        eidxs={'quad': array([ 6,  7, 11, 20,  5,  8,  9, 13]),
               'tri': array([0, 4, 6])},
        conn=array([[ 0,  0,  0,  0,  0,  3,  1],
       [ 0,  0,  1,  1,  1, 13,  2],
       [ 0,  0,  2,  1,  1,  7,  3],
       [ 0,  4,  0,  1,  0,  6,  0],
       [ 0,  4,  1,  1,  1,  8,  1],
       [ 0,  4,  2, -1, -1, -1,  1],
       [ 0,  6,  0,  1,  0,  4,  0],
       [ 0,  6,  1, -1, -1, -1,  0],
       [ 0,  6,  2,  1,  1, 11,  2],
       [ 1,  5,  0,  1,  1,  9,  0],
       [ 1,  5,  1,  1,  1,  8,  3],
       [ 1,  5,  2,  1,  1, 20,  3],
       [ 1,  5,  3,  1,  1,  6,  3],
       [ 1,  6,  0,  2,  1,  2,  3],
       [ 1,  6,  1,  0,  1, 14,  0],
       [ 1,  6,  2,  1,  1,  7,  1],
       [ 1,  6,  3,  1,  1,  5,  3],
       [ 1,  7,  0,  1,  1,  9,  1],
       [ 1,  7,  1,  1,  1,  6,  2],
       [ 1,  7,  2,  0,  1, 18,  3],
       [ 1,  7,  3,  1,  0,  0,  2],
       [ 1,  8,  0, -1, -1, -1,  1],
       [ 1,  8,  1,  1,  0,  4,  1],
       [ 1,  8,  2,  1,  1, 20,  0],
       [ 1,  8,  3,  1,  1,  5,  1],
       [ 1,  9,  0,  1,  1,  5,  0],
       [ 1,  9,  1,  1,  1,  7,  0],
       [ 1,  9,  2,  1,  1, 13,  1],
       [ 1,  9,  3, -1, -1, -1,  1],
       [ 1, 11,  0,  2,  1, 17,  3],
       [ 1, 11,  1,  1,  1, 20,  1],
       [ 1, 11,  2,  1,  0,  6,  2],
       [ 1, 11,  3, -1, -1, -1,  0],
       [ 1, 13,  0, -1, -1, -1,  1],
       [ 1, 13,  1,  1,  1,  9,  2],
       [ 1, 13,  2,  1,  0,  0,  1],
       [ 1, 13,  3, -1, -1, -1,  3],
       [ 1, 20,  0,  1,  1,  8,  2],
       [ 1, 20,  1,  1,  1, 11,  1],
       [ 1, 20,  2,  2,  1,  2,  0],
       [ 1, 20,  3,  1,  1,  5,  2]]),
        strict_geometry=True)
[Rank 1] SubMesh(etypes=['quad', 'tri'],
        eidxs_base={'quad': array([ 6,  7, 11, 20,  5,  8,  9, 13]),
                    'tri': array([0, 4, 6])},
        eidxs={'quad': array([ 2,  5,  6,  7,  8,  9, 11, 13, 17, 20]),
               'tri': array([0, 4, 6])},
        conn=array([[ 0,  0,  0,  0,  0,  3,  1],
       [ 0,  0,  1,  1,  1, 13,  2],
       [ 0,  0,  2,  1,  1,  7,  3],
       [ 0,  4,  0,  1,  0,  6,  0],
       [ 0,  4,  1,  1,  1,  8,  1],
       [ 0,  4,  2, -1, -1, -1,  1],
       [ 0,  6,  0,  1,  0,  4,  0],
       [ 0,  6,  1, -1, -1, -1,  0],
       [ 0,  6,  2,  1,  1, 11,  2],
       [ 1,  5,  0,  1,  1,  9,  0],
       [ 1,  5,  1,  1,  1,  8,  3],
       [ 1,  5,  2,  1,  1, 20,  3],
       [ 1,  5,  3,  1,  1,  6,  3],
       [ 1,  6,  0,  1,  1,  2,  3],
       [ 1,  6,  1,  0,  1, 14,  0],
       [ 1,  6,  2,  1,  1,  7,  1],
       [ 1,  6,  3,  1,  1,  5,  3],
       [ 1,  7,  0,  1,  1,  9,  1],
       [ 1,  7,  1,  1,  1,  6,  2],
       [ 1,  7,  2,  0,  1, 18,  3],
       [ 1,  7,  3,  1,  0,  0,  2],
       [ 1,  8,  0, -1, -1, -1,  1],
       [ 1,  8,  1,  1,  0,  4,  1],
       [ 1,  8,  2,  1,  1, 20,  0],
       [ 1,  8,  3,  1,  1,  5,  1],
       [ 1,  9,  0,  1,  1,  5,  0],
       [ 1,  9,  1,  1,  1,  7,  0],
       [ 1,  9,  2,  1,  1, 13,  1],
       [ 1,  9,  3, -1, -1, -1,  1],
       [ 1, 11,  0,  1,  1, 17,  3],
       [ 1, 11,  1,  1,  1, 20,  1],
       [ 1, 11,  2,  1,  0,  6,  2],
       [ 1, 11,  3, -1, -1, -1,  0],
       [ 1, 13,  0, -1, -1, -1,  1],
       [ 1, 13,  1,  1,  1,  9,  2],
       [ 1, 13,  2,  1,  0,  0,  1],
       [ 1, 13,  3, -1, -1, -1,  3],
       [ 1, 20,  0,  1,  1,  8,  2],
       [ 1, 20,  1,  1,  1, 11,  1],
       [ 1, 20,  2,  1,  1,  2,  0],
       [ 1, 20,  3,  1,  1,  5,  2],
       [ 1,  2,  0,  1,  1, 20,  2],
       [ 1,  2,  1,  1,  1, 17,  2],
       [ 1,  2,  2,  2,  1,  1,  2],
       [ 1,  2,  3,  1,  1,  6,  0],
       [ 1, 17,  0,  2,  1, 16,  0],
       [ 1, 17,  1,  2,  1,  1,  3],
       [ 1, 17,  2,  1,  1,  2,  1],
       [ 1, 17,  3,  1,  1, 11,  0]]),
        strict_geometry=True)
[Rank 1] SubMesh(etypes=['quad', 'tri'],
        eidxs_base={'quad': array([ 6,  7, 11, 20,  5,  8,  9, 13]),
                    'tri': array([0, 4, 6])},
        eidxs={'quad': array([ 1,  2,  5,  6,  7,  8,  9, 11, 13, 16, 17, 20]),
               'tri': array([0, 4, 6])},
        conn=array([[ 0,  0,  0,  0,  0,  3,  1],
       [ 0,  0,  1,  1,  1, 13,  2],
       [ 0,  0,  2,  1,  1,  7,  3],
       [ 0,  4,  0,  1,  0,  6,  0],
       [ 0,  4,  1,  1,  1,  8,  1],
       [ 0,  4,  2, -1, -1, -1,  1],
       [ 0,  6,  0,  1,  0,  4,  0],
       [ 0,  6,  1, -1, -1, -1,  0],
       [ 0,  6,  2,  1,  1, 11,  2],
       [ 1,  5,  0,  1,  1,  9,  0],
       [ 1,  5,  1,  1,  1,  8,  3],
       [ 1,  5,  2,  1,  1, 20,  3],
       [ 1,  5,  3,  1,  1,  6,  3],
       [ 1,  6,  0,  1,  1,  2,  3],
       [ 1,  6,  1,  0,  1, 14,  0],
       [ 1,  6,  2,  1,  1,  7,  1],
       [ 1,  6,  3,  1,  1,  5,  3],
       [ 1,  7,  0,  1,  1,  9,  1],
       [ 1,  7,  1,  1,  1,  6,  2],
       [ 1,  7,  2,  0,  1, 18,  3],
       [ 1,  7,  3,  1,  0,  0,  2],
       [ 1,  8,  0, -1, -1, -1,  1],
       [ 1,  8,  1,  1,  0,  4,  1],
       [ 1,  8,  2,  1,  1, 20,  0],
       [ 1,  8,  3,  1,  1,  5,  1],
       [ 1,  9,  0,  1,  1,  5,  0],
       [ 1,  9,  1,  1,  1,  7,  0],
       [ 1,  9,  2,  1,  1, 13,  1],
       [ 1,  9,  3, -1, -1, -1,  1],
       [ 1, 11,  0,  1,  1, 17,  3],
       [ 1, 11,  1,  1,  1, 20,  1],
       [ 1, 11,  2,  1,  0,  6,  2],
       [ 1, 11,  3, -1, -1, -1,  0],
       [ 1, 13,  0, -1, -1, -1,  1],
       [ 1, 13,  1,  1,  1,  9,  2],
       [ 1, 13,  2,  1,  0,  0,  1],
       [ 1, 13,  3, -1, -1, -1,  3],
       [ 1, 20,  0,  1,  1,  8,  2],
       [ 1, 20,  1,  1,  1, 11,  1],
       [ 1, 20,  2,  1,  1,  2,  0],
       [ 1, 20,  3,  1,  1,  5,  2],
       [ 1,  2,  0,  1,  1, 20,  2],
       [ 1,  2,  1,  1,  1, 17,  2],
       [ 1,  2,  2,  1,  1,  1,  2],
       [ 1,  2,  3,  1,  1,  6,  0],
       [ 1, 17,  0,  1,  1, 16,  0],
       [ 1, 17,  1,  1,  1,  1,  3],
       [ 1, 17,  2,  1,  1,  2,  1],
       [ 1, 17,  3,  1,  1, 11,  0],
       [ 1,  1,  0,  2,  1,  3,  3],
       [ 1,  1,  1,  0,  1, 12,  1],
       [ 1,  1,  2,  1,  1,  2,  2],
       [ 1,  1,  3,  1,  1, 17,  1],
       [ 1, 16,  0,  1,  1, 17,  0],
       [ 1, 16,  1, -1, -1, -1,  0],
       [ 1, 16,  2,  2,  0,  2,  0],
       [ 1, 16,  3,  2,  1,  3,  0]]),
        strict_geometry=True)
[Rank 1] Base totals  →  elems=30 conn-rows=112
[Rank 1] SubMesh(etypes=['quad', 'tri'],
        eidxs_base={'quad': array([ 6,  7, 11, 20,  5,  8,  9, 13]),
                    'tri': array([0, 4, 6])},
        eidxs={'quad': array([ 6,  7, 11, 20,  5,  8,  9, 13]),
               'tri': array([0, 4, 6])},
        conn=array([[ 0,  0,  0,  0,  0,  3,  1],
       [ 0,  0,  1,  1,  1, 13,  2],
       [ 0,  0,  2,  1,  1,  7,  3],
       [ 0,  4,  0,  1,  0,  6,  0],
       [ 0,  4,  1,  1,  1,  8,  1],
       [ 0,  4,  2, -1, -1, -1,  1],
       [ 0,  6,  0,  1,  0,  4,  0],
       [ 0,  6,  1, -1, -1, -1,  0],
       [ 0,  6,  2,  1,  1, 11,  2],
       [ 1,  5,  0,  1,  1,  9,  0],
       [ 1,  5,  1,  1,  1,  8,  3],
       [ 1,  5,  2,  1,  1, 20,  3],
       [ 1,  5,  3,  1,  1,  6,  3],
       [ 1,  6,  0,  2,  1,  2,  3],
       [ 1,  6,  1,  0,  1, 14,  0],
       [ 1,  6,  2,  1,  1,  7,  1],
       [ 1,  6,  3,  1,  1,  5,  3],
       [ 1,  7,  0,  1,  1,  9,  1],
       [ 1,  7,  1,  1,  1,  6,  2],
       [ 1,  7,  2,  0,  1, 18,  3],
       [ 1,  7,  3,  1,  0,  0,  2],
       [ 1,  8,  0, -1, -1, -1,  1],
       [ 1,  8,  1,  1,  0,  4,  1],
       [ 1,  8,  2,  1,  1, 20,  0],
       [ 1,  8,  3,  1,  1,  5,  1],
       [ 1,  9,  0,  1,  1,  5,  0],
       [ 1,  9,  1,  1,  1,  7,  0],
       [ 1,  9,  2,  1,  1, 13,  1],
       [ 1,  9,  3, -1, -1, -1,  1],
       [ 1, 11,  0,  2,  1, 17,  3],
       [ 1, 11,  1,  1,  1, 20,  1],
       [ 1, 11,  2,  1,  0,  6,  2],
       [ 1, 11,  3, -1, -1, -1,  0],
       [ 1, 13,  0, -1, -1, -1,  1],
       [ 1, 13,  1,  1,  1,  9,  2],
       [ 1, 13,  2,  1,  0,  0,  1],
       [ 1, 13,  3, -1, -1, -1,  3],
       [ 1, 20,  0,  1,  1,  8,  2],
       [ 1, 20,  1,  1,  1, 11,  1],
       [ 1, 20,  2,  2,  1,  2,  0],
       [ 1, 20,  3,  1,  1,  5,  2]]),
        strict_geometry=True)
[Rank 1] SubMesh(etypes=['quad', 'tri'],
        eidxs_base={'quad': array([ 6,  7, 11, 20,  5,  8,  9, 13]),
                    'tri': array([0, 4, 6])},
        eidxs={'quad': array([ 2,  5,  6,  7,  8,  9, 11, 13, 17, 20]),
               'tri': array([0, 4, 6])},
        conn=array([[ 0,  0,  0,  0,  0,  3,  1],
       [ 0,  0,  1,  1,  1, 13,  2],
       [ 0,  0,  2,  1,  1,  7,  3],
       [ 0,  4,  0,  1,  0,  6,  0],
       [ 0,  4,  1,  1,  1,  8,  1],
       [ 0,  4,  2, -1, -1, -1,  1],
       [ 0,  6,  0,  1,  0,  4,  0],
       [ 0,  6,  1, -1, -1, -1,  0],
       [ 0,  6,  2,  1,  1, 11,  2],
       [ 1,  5,  0,  1,  1,  9,  0],
       [ 1,  5,  1,  1,  1,  8,  3],
       [ 1,  5,  2,  1,  1, 20,  3],
       [ 1,  5,  3,  1,  1,  6,  3],
       [ 1,  6,  0,  1,  1,  2,  3],
       [ 1,  6,  1,  0,  1, 14,  0],
       [ 1,  6,  2,  1,  1,  7,  1],
       [ 1,  6,  3,  1,  1,  5,  3],
       [ 1,  7,  0,  1,  1,  9,  1],
       [ 1,  7,  1,  1,  1,  6,  2],
       [ 1,  7,  2,  0,  1, 18,  3],
       [ 1,  7,  3,  1,  0,  0,  2],
       [ 1,  8,  0, -1, -1, -1,  1],
       [ 1,  8,  1,  1,  0,  4,  1],
       [ 1,  8,  2,  1,  1, 20,  0],
       [ 1,  8,  3,  1,  1,  5,  1],
       [ 1,  9,  0,  1,  1,  5,  0],
       [ 1,  9,  1,  1,  1,  7,  0],
       [ 1,  9,  2,  1,  1, 13,  1],
       [ 1,  9,  3, -1, -1, -1,  1],
       [ 1, 11,  0,  1,  1, 17,  3],
       [ 1, 11,  1,  1,  1, 20,  1],
       [ 1, 11,  2,  1,  0,  6,  2],
       [ 1, 11,  3, -1, -1, -1,  0],
       [ 1, 13,  0, -1, -1, -1,  1],
       [ 1, 13,  1,  1,  1,  9,  2],
       [ 1, 13,  2,  1,  0,  0,  1],
       [ 1, 13,  3, -1, -1, -1,  3],
       [ 1, 20,  0,  1,  1,  8,  2],
       [ 1, 20,  1,  1,  1, 11,  1],
       [ 1, 20,  2,  1,  1,  2,  0],
       [ 1, 20,  3,  1,  1,  5,  2],
       [ 1,  2,  0,  1,  1, 20,  2],
       [ 1,  2,  1,  1,  1, 17,  2],
       [ 1,  2,  2,  2,  1,  1,  2],
       [ 1,  2,  3,  1,  1,  6,  0],
       [ 1, 17,  0,  2,  1, 16,  0],
       [ 1, 17,  1,  2,  1,  1,  3],
       [ 1, 17,  2,  1,  1,  2,  1],
       [ 1, 17,  3,  1,  1, 11,  0]]),
        strict_geometry=True)
[Rank 1] SubMesh(etypes=['quad', 'tri'],
        eidxs_base={'quad': array([ 6,  7, 11, 20,  5,  8,  9, 13]),
                    'tri': array([0, 4, 6])},
        eidxs={'quad': array([ 1,  2,  5,  6,  7,  8,  9, 11, 13, 16, 17, 20]),
               'tri': array([0, 4, 6])},
        conn=array([[ 0,  0,  0,  0,  0,  3,  1],
       [ 0,  0,  1,  1,  1, 13,  2],
       [ 0,  0,  2,  1,  1,  7,  3],
       [ 0,  4,  0,  1,  0,  6,  0],
       [ 0,  4,  1,  1,  1,  8,  1],
       [ 0,  4,  2, -1, -1, -1,  1],
       [ 0,  6,  0,  1,  0,  4,  0],
       [ 0,  6,  1, -1, -1, -1,  0],
       [ 0,  6,  2,  1,  1, 11,  2],
       [ 1,  5,  0,  1,  1,  9,  0],
       [ 1,  5,  1,  1,  1,  8,  3],
       [ 1,  5,  2,  1,  1, 20,  3],
       [ 1,  5,  3,  1,  1,  6,  3],
       [ 1,  6,  0,  1,  1,  2,  3],
       [ 1,  6,  1,  0,  1, 14,  0],
       [ 1,  6,  2,  1,  1,  7,  1],
       [ 1,  6,  3,  1,  1,  5,  3],
       [ 1,  7,  0,  1,  1,  9,  1],
       [ 1,  7,  1,  1,  1,  6,  2],
       [ 1,  7,  2,  0,  1, 18,  3],
       [ 1,  7,  3,  1,  0,  0,  2],
       [ 1,  8,  0, -1, -1, -1,  1],
       [ 1,  8,  1,  1,  0,  4,  1],
       [ 1,  8,  2,  1,  1, 20,  0],
       [ 1,  8,  3,  1,  1,  5,  1],
       [ 1,  9,  0,  1,  1,  5,  0],
       [ 1,  9,  1,  1,  1,  7,  0],
       [ 1,  9,  2,  1,  1, 13,  1],
       [ 1,  9,  3, -1, -1, -1,  1],
       [ 1, 11,  0,  1,  1, 17,  3],
       [ 1, 11,  1,  1,  1, 20,  1],
       [ 1, 11,  2,  1,  0,  6,  2],
       [ 1, 11,  3, -1, -1, -1,  0],
       [ 1, 13,  0, -1, -1, -1,  1],
       [ 1, 13,  1,  1,  1,  9,  2],
       [ 1, 13,  2,  1,  0,  0,  1],
       [ 1, 13,  3, -1, -1, -1,  3],
       [ 1, 20,  0,  1,  1,  8,  2],
       [ 1, 20,  1,  1,  1, 11,  1],
       [ 1, 20,  2,  1,  1,  2,  0],
       [ 1, 20,  3,  1,  1,  5,  2],
       [ 1,  2,  0,  1,  1, 20,  2],
       [ 1,  2,  1,  1,  1, 17,  2],
       [ 1,  2,  2,  1,  1,  1,  2],
       [ 1,  2,  3,  1,  1,  6,  0],
       [ 1, 17,  0,  1,  1, 16,  0],
       [ 1, 17,  1,  1,  1,  1,  3],
       [ 1, 17,  2,  1,  1,  2,  1],
       [ 1, 17,  3,  1,  1, 11,  0],
       [ 1,  1,  0,  2,  1,  3,  3],
       [ 1,  1,  1,  0,  1, 12,  1],
       [ 1,  1,  2,  1,  1,  2,  2],
       [ 1,  1,  3,  1,  1, 17,  1],
       [ 1, 16,  0,  1,  1, 17,  0],
       [ 1, 16,  1, -1, -1, -1,  0],
       [ 1, 16,  2,  2,  0,  2,  0],
       [ 1, 16,  3,  2,  1,  3,  0]]),
        strict_geometry=True)
[Rank 1] Base totals  →  elems=30 conn-rows=112
[Rank 1] SubMesh(etypes=['quad', 'tri'],
        eidxs_base={'quad': array([ 6,  7, 11, 20,  5,  8,  9, 13]),
                    'tri': array([0, 4, 6])},
        eidxs={'quad': array([ 6,  7, 11, 20,  5,  8,  9, 13]),
               'tri': array([0, 4, 6])},
        conn=array([[ 0,  0,  0,  0,  0,  3,  1],
       [ 0,  0,  1,  1,  1, 13,  2],
       [ 0,  0,  2,  1,  1,  7,  3],
       [ 0,  4,  0,  1,  0,  6,  0],
       [ 0,  4,  1,  1,  1,  8,  1],
       [ 0,  4,  2, -1, -1, -1,  1],
       [ 0,  6,  0,  1,  0,  4,  0],
       [ 0,  6,  1, -1, -1, -1,  0],
       [ 0,  6,  2,  1,  1, 11,  2],
       [ 1,  5,  0,  1,  1,  9,  0],
       [ 1,  5,  1,  1,  1,  8,  3],
       [ 1,  5,  2,  1,  1, 20,  3],
       [ 1,  5,  3,  1,  1,  6,  3],
       [ 1,  6,  0,  2,  1,  2,  3],
       [ 1,  6,  1,  0,  1, 14,  0],
       [ 1,  6,  2,  1,  1,  7,  1],
       [ 1,  6,  3,  1,  1,  5,  3],
       [ 1,  7,  0,  1,  1,  9,  1],
       [ 1,  7,  1,  1,  1,  6,  2],
       [ 1,  7,  2,  0,  1, 18,  3],
       [ 1,  7,  3,  1,  0,  0,  2],
       [ 1,  8,  0, -1, -1, -1,  1],
       [ 1,  8,  1,  1,  0,  4,  1],
       [ 1,  8,  2,  1,  1, 20,  0],
       [ 1,  8,  3,  1,  1,  5,  1],
       [ 1,  9,  0,  1,  1,  5,  0],
       [ 1,  9,  1,  1,  1,  7,  0],
       [ 1,  9,  2,  1,  1, 13,  1],
       [ 1,  9,  3, -1, -1, -1,  1],
       [ 1, 11,  0,  2,  1, 17,  3],
       [ 1, 11,  1,  1,  1, 20,  1],
       [ 1, 11,  2,  1,  0,  6,  2],
       [ 1, 11,  3, -1, -1, -1,  0],
       [ 1, 13,  0, -1, -1, -1,  1],
       [ 1, 13,  1,  1,  1,  9,  2],
       [ 1, 13,  2,  1,  0,  0,  1],
       [ 1, 13,  3, -1, -1, -1,  3],
       [ 1, 20,  0,  1,  1,  8,  2],
       [ 1, 20,  1,  1,  1, 11,  1],
       [ 1, 20,  2,  2,  1,  2,  0],
       [ 1, 20,  3,  1,  1,  5,  2]]),
        strict_geometry=True)
[Rank 1] Base totals  →  elems=30 conn-rows=112
[Rank 1] SubMesh(etypes=['quad', 'tri'],
        eidxs_base={'quad': array([ 6,  7, 11, 20,  5,  8,  9, 13]),
                    'tri': array([0, 4, 6])},
        eidxs={'quad': array([ 6,  7, 11, 20,  5,  8,  9, 13]),
               'tri': array([0, 4, 6])},
        conn=array([[ 0,  0,  0,  0,  0,  3,  1],
       [ 0,  0,  1,  1,  1, 13,  2],
       [ 0,  0,  2,  1,  1,  7,  3],
       [ 0,  4,  0,  1,  0,  6,  0],
       [ 0,  4,  1,  1,  1,  8,  1],
       [ 0,  4,  2, -1, -1, -1,  1],
       [ 0,  6,  0,  1,  0,  4,  0],
       [ 0,  6,  1, -1, -1, -1,  0],
       [ 0,  6,  2,  1,  1, 11,  2],
       [ 1,  5,  0,  1,  1,  9,  0],
       [ 1,  5,  1,  1,  1,  8,  3],
       [ 1,  5,  2,  1,  1, 20,  3],
       [ 1,  5,  3,  1,  1,  6,  3],
       [ 1,  6,  0,  2,  1,  2,  3],
       [ 1,  6,  1,  0,  1, 14,  0],
       [ 1,  6,  2,  1,  1,  7,  1],
       [ 1,  6,  3,  1,  1,  5,  3],
       [ 1,  7,  0,  1,  1,  9,  1],
       [ 1,  7,  1,  1,  1,  6,  2],
       [ 1,  7,  2,  0,  1, 18,  3],
       [ 1,  7,  3,  1,  0,  0,  2],
       [ 1,  8,  0, -1, -1, -1,  1],
       [ 1,  8,  1,  1,  0,  4,  1],
       [ 1,  8,  2,  1,  1, 20,  0],
       [ 1,  8,  3,  1,  1,  5,  1],
       [ 1,  9,  0,  1,  1,  5,  0],
       [ 1,  9,  1,  1,  1,  7,  0],
       [ 1,  9,  2,  1,  1, 13,  1],
       [ 1,  9,  3, -1, -1, -1,  1],
       [ 1, 11,  0,  2,  1, 17,  3],
       [ 1, 11,  1,  1,  1, 20,  1],
       [ 1, 11,  2,  1,  0,  6,  2],
       [ 1, 11,  3, -1, -1, -1,  0],
       [ 1, 13,  0, -1, -1, -1,  1],
       [ 1, 13,  1,  1,  1,  9,  2],
       [ 1, 13,  2,  1,  0,  0,  1],
       [ 1, 13,  3, -1, -1, -1,  3],
       [ 1, 20,  0,  1,  1,  8,  2],
       [ 1, 20,  1,  1,  1, 11,  1],
       [ 1, 20,  2,  2,  1,  2,  0],
       [ 1, 20,  3,  1,  1,  5,  2]]),
        strict_geometry=True)
[Rank 1] SubMesh(etypes=['quad', 'tri'],
        eidxs_base={'quad': array([ 6,  7, 11, 20,  5,  8,  9, 13]),
                    'tri': array([0, 4, 6])},
        eidxs={'quad': array([ 2,  5,  6,  7,  8,  9, 11, 13, 17, 20]),
               'tri': array([0, 4, 6])},
        conn=array([[ 0,  0,  0,  0,  0,  3,  1],
       [ 0,  0,  1,  1,  1, 13,  2],
       [ 0,  0,  2,  1,  1,  7,  3],
       [ 0,  4,  0,  1,  0,  6,  0],
       [ 0,  4,  1,  1,  1,  8,  1],
       [ 0,  4,  2, -1, -1, -1,  1],
       [ 0,  6,  0,  1,  0,  4,  0],
       [ 0,  6,  1, -1, -1, -1,  0],
       [ 0,  6,  2,  1,  1, 11,  2],
       [ 1,  5,  0,  1,  1,  9,  0],
       [ 1,  5,  1,  1,  1,  8,  3],
       [ 1,  5,  2,  1,  1, 20,  3],
       [ 1,  5,  3,  1,  1,  6,  3],
       [ 1,  6,  0,  1,  1,  2,  3],
       [ 1,  6,  1,  0,  1, 14,  0],
       [ 1,  6,  2,  1,  1,  7,  1],
       [ 1,  6,  3,  1,  1,  5,  3],
       [ 1,  7,  0,  1,  1,  9,  1],
       [ 1,  7,  1,  1,  1,  6,  2],
       [ 1,  7,  2,  0,  1, 18,  3],
       [ 1,  7,  3,  1,  0,  0,  2],
       [ 1,  8,  0, -1, -1, -1,  1],
       [ 1,  8,  1,  1,  0,  4,  1],
       [ 1,  8,  2,  1,  1, 20,  0],
       [ 1,  8,  3,  1,  1,  5,  1],
       [ 1,  9,  0,  1,  1,  5,  0],
       [ 1,  9,  1,  1,  1,  7,  0],
       [ 1,  9,  2,  1,  1, 13,  1],
       [ 1,  9,  3, -1, -1, -1,  1],
       [ 1, 11,  0,  1,  1, 17,  3],
       [ 1, 11,  1,  1,  1, 20,  1],
       [ 1, 11,  2,  1,  0,  6,  2],
       [ 1, 11,  3, -1, -1, -1,  0],
       [ 1, 13,  0, -1, -1, -1,  1],
       [ 1, 13,  1,  1,  1,  9,  2],
       [ 1, 13,  2,  1,  0,  0,  1],
       [ 1, 13,  3, -1, -1, -1,  3],
       [ 1, 20,  0,  1,  1,  8,  2],
       [ 1, 20,  1,  1,  1, 11,  1],
       [ 1, 20,  2,  1,  1,  2,  0],
       [ 1, 20,  3,  1,  1,  5,  2],
       [ 1,  2,  0,  1,  1, 20,  2],
       [ 1,  2,  1,  1,  1, 17,  2],
       [ 1,  2,  2,  2,  1,  1,  2],
       [ 1,  2,  3,  1,  1,  6,  0],
       [ 1, 17,  0,  2,  1, 16,  0],
       [ 1, 17,  1,  2,  1,  1,  3],
       [ 1, 17,  2,  1,  1,  2,  1],
       [ 1, 17,  3,  1,  1, 11,  0]]),
        strict_geometry=True)
[Rank 1] SubMesh(etypes=['quad', 'tri'],
        eidxs_base={'quad': array([ 6,  7, 11, 20,  5,  8,  9, 13]),
                    'tri': array([0, 4, 6])},
        eidxs={'quad': array([ 1,  2,  5,  6,  7,  8,  9, 11, 13, 16, 17, 20]),
               'tri': array([0, 4, 6])},
        conn=array([[ 0,  0,  0,  0,  0,  3,  1],
       [ 0,  0,  1,  1,  1, 13,  2],
       [ 0,  0,  2,  1,  1,  7,  3],
       [ 0,  4,  0,  1,  0,  6,  0],
       [ 0,  4,  1,  1,  1,  8,  1],
       [ 0,  4,  2, -1, -1, -1,  1],
       [ 0,  6,  0,  1,  0,  4,  0],
       [ 0,  6,  1, -1, -1, -1,  0],
       [ 0,  6,  2,  1,  1, 11,  2],
       [ 1,  5,  0,  1,  1,  9,  0],
       [ 1,  5,  1,  1,  1,  8,  3],
       [ 1,  5,  2,  1,  1, 20,  3],
       [ 1,  5,  3,  1,  1,  6,  3],
       [ 1,  6,  0,  1,  1,  2,  3],
       [ 1,  6,  1,  0,  1, 14,  0],
       [ 1,  6,  2,  1,  1,  7,  1],
       [ 1,  6,  3,  1,  1,  5,  3],
       [ 1,  7,  0,  1,  1,  9,  1],
       [ 1,  7,  1,  1,  1,  6,  2],
       [ 1,  7,  2,  0,  1, 18,  3],
       [ 1,  7,  3,  1,  0,  0,  2],
       [ 1,  8,  0, -1, -1, -1,  1],
       [ 1,  8,  1,  1,  0,  4,  1],
       [ 1,  8,  2,  1,  1, 20,  0],
       [ 1,  8,  3,  1,  1,  5,  1],
       [ 1,  9,  0,  1,  1,  5,  0],
       [ 1,  9,  1,  1,  1,  7,  0],
       [ 1,  9,  2,  1,  1, 13,  1],
       [ 1,  9,  3, -1, -1, -1,  1],
       [ 1, 11,  0,  1,  1, 17,  3],
       [ 1, 11,  1,  1,  1, 20,  1],
       [ 1, 11,  2,  1,  0,  6,  2],
       [ 1, 11,  3, -1, -1, -1,  0],
       [ 1, 13,  0, -1, -1, -1,  1],
       [ 1, 13,  1,  1,  1,  9,  2],
       [ 1, 13,  2,  1,  0,  0,  1],
       [ 1, 13,  3, -1, -1, -1,  3],
       [ 1, 20,  0,  1,  1,  8,  2],
       [ 1, 20,  1,  1,  1, 11,  1],
       [ 1, 20,  2,  1,  1,  2,  0],
       [ 1, 20,  3,  1,  1,  5,  2],
       [ 1,  2,  0,  1,  1, 20,  2],
       [ 1,  2,  1,  1,  1, 17,  2],
       [ 1,  2,  2,  1,  1,  1,  2],
       [ 1,  2,  3,  1,  1,  6,  0],
       [ 1, 17,  0,  1,  1, 16,  0],
       [ 1, 17,  1,  1,  1,  1,  3],
       [ 1, 17,  2,  1,  1,  2,  1],
       [ 1, 17,  3,  1,  1, 11,  0],
       [ 1,  1,  0,  2,  1,  3,  3],
       [ 1,  1,  1,  0,  1, 12,  1],
       [ 1,  1,  2,  1,  1,  2,  2],
       [ 1,  1,  3,  1,  1, 17,  1],
       [ 1, 16,  0,  1,  1, 17,  0],
       [ 1, 16,  1, -1, -1, -1,  0],
       [ 1, 16,  2,  2,  0,  2,  0],
       [ 1, 16,  3,  2,  1,  3,  0]]),
        strict_geometry=True)
[Rank 1] Base totals  →  elems=30 conn-rows=112
[Rank 1] SubMesh(etypes=['quad', 'tri'],
        eidxs_base={'quad': array([ 6,  7, 11, 20,  5,  8,  9, 13]),
                    'tri': array([0, 4, 6])},
        eidxs={'quad': array([ 6,  7, 11, 20,  5,  8,  9, 13]),
               'tri': array([0, 4, 6])},
        conn=array([[ 0,  0,  0,  0,  0,  3,  1],
       [ 0,  0,  1,  1,  1, 13,  2],
       [ 0,  0,  2,  1,  1,  7,  3],
       [ 0,  4,  0,  1,  0,  6,  0],
       [ 0,  4,  1,  1,  1,  8,  1],
       [ 0,  4,  2, -1, -1, -1,  1],
       [ 0,  6,  0,  1,  0,  4,  0],
       [ 0,  6,  1, -1, -1, -1,  0],
       [ 0,  6,  2,  1,  1, 11,  2],
       [ 1,  5,  0,  1,  1,  9,  0],
       [ 1,  5,  1,  1,  1,  8,  3],
       [ 1,  5,  2,  1,  1, 20,  3],
       [ 1,  5,  3,  1,  1,  6,  3],
       [ 1,  6,  0,  2,  1,  2,  3],
       [ 1,  6,  1,  0,  1, 14,  0],
       [ 1,  6,  2,  1,  1,  7,  1],
       [ 1,  6,  3,  1,  1,  5,  3],
       [ 1,  7,  0,  1,  1,  9,  1],
       [ 1,  7,  1,  1,  1,  6,  2],
       [ 1,  7,  2,  0,  1, 18,  3],
       [ 1,  7,  3,  1,  0,  0,  2],
       [ 1,  8,  0, -1, -1, -1,  1],
       [ 1,  8,  1,  1,  0,  4,  1],
       [ 1,  8,  2,  1,  1, 20,  0],
       [ 1,  8,  3,  1,  1,  5,  1],
       [ 1,  9,  0,  1,  1,  5,  0],
       [ 1,  9,  1,  1,  1,  7,  0],
       [ 1,  9,  2,  1,  1, 13,  1],
       [ 1,  9,  3, -1, -1, -1,  1],
       [ 1, 11,  0,  2,  1, 17,  3],
       [ 1, 11,  1,  1,  1, 20,  1],
       [ 1, 11,  2,  1,  0,  6,  2],
       [ 1, 11,  3, -1, -1, -1,  0],
       [ 1, 13,  0, -1, -1, -1,  1],
       [ 1, 13,  1,  1,  1,  9,  2],
       [ 1, 13,  2,  1,  0,  0,  1],
       [ 1, 13,  3, -1, -1, -1,  3],
       [ 1, 20,  0,  1,  1,  8,  2],
       [ 1, 20,  1,  1,  1, 11,  1],
       [ 1, 20,  2,  2,  1,  2,  0],
       [ 1, 20,  3,  1,  1,  5,  2]]),
        strict_geometry=True)
[Rank 1] SubMesh(etypes=['quad', 'tri'],
        eidxs_base={'quad': array([ 6,  7, 11, 20,  5,  8,  9, 13]),
                    'tri': array([0, 4, 6])},
        eidxs={'quad': array([ 2,  5,  6,  7,  8,  9, 11, 13, 17, 20]),
               'tri': array([0, 4, 6])},
        conn=array([[ 0,  0,  0,  0,  0,  3,  1],
       [ 0,  0,  1,  1,  1, 13,  2],
       [ 0,  0,  2,  1,  1,  7,  3],
       [ 0,  4,  0,  1,  0,  6,  0],
       [ 0,  4,  1,  1,  1,  8,  1],
       [ 0,  4,  2, -1, -1, -1,  1],
       [ 0,  6,  0,  1,  0,  4,  0],
       [ 0,  6,  1, -1, -1, -1,  0],
       [ 0,  6,  2,  1,  1, 11,  2],
       [ 1,  5,  0,  1,  1,  9,  0],
       [ 1,  5,  1,  1,  1,  8,  3],
       [ 1,  5,  2,  1,  1, 20,  3],
       [ 1,  5,  3,  1,  1,  6,  3],
       [ 1,  6,  0,  1,  1,  2,  3],
       [ 1,  6,  1,  0,  1, 14,  0],
       [ 1,  6,  2,  1,  1,  7,  1],
       [ 1,  6,  3,  1,  1,  5,  3],
       [ 1,  7,  0,  1,  1,  9,  1],
       [ 1,  7,  1,  1,  1,  6,  2],
       [ 1,  7,  2,  0,  1, 18,  3],
       [ 1,  7,  3,  1,  0,  0,  2],
       [ 1,  8,  0, -1, -1, -1,  1],
       [ 1,  8,  1,  1,  0,  4,  1],
       [ 1,  8,  2,  1,  1, 20,  0],
       [ 1,  8,  3,  1,  1,  5,  1],
       [ 1,  9,  0,  1,  1,  5,  0],
       [ 1,  9,  1,  1,  1,  7,  0],
       [ 1,  9,  2,  1,  1, 13,  1],
       [ 1,  9,  3, -1, -1, -1,  1],
       [ 1, 11,  0,  1,  1, 17,  3],
       [ 1, 11,  1,  1,  1, 20,  1],
       [ 1, 11,  2,  1,  0,  6,  2],
       [ 1, 11,  3, -1, -1, -1,  0],
       [ 1, 13,  0, -1, -1, -1,  1],
       [ 1, 13,  1,  1,  1,  9,  2],
       [ 1, 13,  2,  1,  0,  0,  1],
       [ 1, 13,  3, -1, -1, -1,  3],
       [ 1, 20,  0,  1,  1,  8,  2],
       [ 1, 20,  1,  1,  1, 11,  1],
       [ 1, 20,  2,  1,  1,  2,  0],
       [ 1, 20,  3,  1,  1,  5,  2],
       [ 1,  2,  0,  1,  1, 20,  2],
       [ 1,  2,  1,  1,  1, 17,  2],
       [ 1,  2,  2,  2,  1,  1,  2],
       [ 1,  2,  3,  1,  1,  6,  0],
       [ 1, 17,  0,  2,  1, 16,  0],
       [ 1, 17,  1,  2,  1,  1,  3],
       [ 1, 17,  2,  1,  1,  2,  1],
       [ 1, 17,  3,  1,  1, 11,  0]]),
        strict_geometry=True)
[Rank 1] SubMesh(etypes=['quad', 'tri'],
        eidxs_base={'quad': array([ 6,  7, 11, 20,  5,  8,  9, 13]),
                    'tri': array([0, 4, 6])},
        eidxs={'quad': array([ 1,  2,  5,  6,  7,  8,  9, 11, 13, 16, 17, 20]),
               'tri': array([0, 4, 6])},
        conn=array([[ 0,  0,  0,  0,  0,  3,  1],
       [ 0,  0,  1,  1,  1, 13,  2],
       [ 0,  0,  2,  1,  1,  7,  3],
       [ 0,  4,  0,  1,  0,  6,  0],
       [ 0,  4,  1,  1,  1,  8,  1],
       [ 0,  4,  2, -1, -1, -1,  1],
       [ 0,  6,  0,  1,  0,  4,  0],
       [ 0,  6,  1, -1, -1, -1,  0],
       [ 0,  6,  2,  1,  1, 11,  2],
       [ 1,  5,  0,  1,  1,  9,  0],
       [ 1,  5,  1,  1,  1,  8,  3],
       [ 1,  5,  2,  1,  1, 20,  3],
       [ 1,  5,  3,  1,  1,  6,  3],
       [ 1,  6,  0,  1,  1,  2,  3],
       [ 1,  6,  1,  0,  1, 14,  0],
       [ 1,  6,  2,  1,  1,  7,  1],
       [ 1,  6,  3,  1,  1,  5,  3],
       [ 1,  7,  0,  1,  1,  9,  1],
       [ 1,  7,  1,  1,  1,  6,  2],
       [ 1,  7,  2,  0,  1, 18,  3],
       [ 1,  7,  3,  1,  0,  0,  2],
       [ 1,  8,  0, -1, -1, -1,  1],
       [ 1,  8,  1,  1,  0,  4,  1],
       [ 1,  8,  2,  1,  1, 20,  0],
       [ 1,  8,  3,  1,  1,  5,  1],
       [ 1,  9,  0,  1,  1,  5,  0],
       [ 1,  9,  1,  1,  1,  7,  0],
       [ 1,  9,  2,  1,  1, 13,  1],
       [ 1,  9,  3, -1, -1, -1,  1],
       [ 1, 11,  0,  1,  1, 17,  3],
       [ 1, 11,  1,  1,  1, 20,  1],
       [ 1, 11,  2,  1,  0,  6,  2],
       [ 1, 11,  3, -1, -1, -1,  0],
       [ 1, 13,  0, -1, -1, -1,  1],
       [ 1, 13,  1,  1,  1,  9,  2],
       [ 1, 13,  2,  1,  0,  0,  1],
       [ 1, 13,  3, -1, -1, -1,  3],
       [ 1, 20,  0,  1,  1,  8,  2],
       [ 1, 20,  1,  1,  1, 11,  1],
       [ 1, 20,  2,  1,  1,  2,  0],
       [ 1, 20,  3,  1,  1,  5,  2],
       [ 1,  2,  0,  1,  1, 20,  2],
       [ 1,  2,  1,  1,  1, 17,  2],
       [ 1,  2,  2,  1,  1,  1,  2],
       [ 1,  2,  3,  1,  1,  6,  0],
       [ 1, 17,  0,  1,  1, 16,  0],
       [ 1, 17,  1,  1,  1,  1,  3],
       [ 1, 17,  2,  1,  1,  2,  1],
       [ 1, 17,  3,  1,  1, 11,  0],
       [ 1,  1,  0,  2,  1,  3,  3],
       [ 1,  1,  1,  0,  1, 12,  1],
       [ 1,  1,  2,  1,  1,  2,  2],
       [ 1,  1,  3,  1,  1, 17,  1],
       [ 1, 16,  0,  1,  1, 17,  0],
       [ 1, 16,  1, -1, -1, -1,  0],
       [ 1, 16,  2,  2,  0,  2,  0],
       [ 1, 16,  3,  2,  1,  3,  0]]),
        strict_geometry=True)
[Rank 1] Base totals  →  elems=30 conn-rows=112
[Rank 1] SubMesh(etypes=['quad', 'tri'],
        eidxs_base={'quad': array([ 6,  7, 11, 20,  5,  8,  9, 13]),
                    'tri': array([0, 4, 6])},
        eidxs={'quad': array([ 6,  7, 11, 20,  5,  8,  9, 13]),
               'tri': array([0, 4, 6])},
        conn=array([[ 0,  0,  0,  0,  0,  3,  1],
       [ 0,  0,  1,  1,  1, 13,  2],
       [ 0,  0,  2,  1,  1,  7,  3],
       [ 0,  4,  0,  1,  0,  6,  0],
       [ 0,  4,  1,  1,  1,  8,  1],
       [ 0,  4,  2, -1, -1, -1,  1],
       [ 0,  6,  0,  1,  0,  4,  0],
       [ 0,  6,  1, -1, -1, -1,  0],
       [ 0,  6,  2,  1,  1, 11,  2],
       [ 1,  5,  0,  1,  1,  9,  0],
       [ 1,  5,  1,  1,  1,  8,  3],
       [ 1,  5,  2,  1,  1, 20,  3],
       [ 1,  5,  3,  1,  1,  6,  3],
       [ 1,  6,  0,  2,  1,  2,  3],
       [ 1,  6,  1,  0,  1, 14,  0],
       [ 1,  6,  2,  1,  1,  7,  1],
       [ 1,  6,  3,  1,  1,  5,  3],
       [ 1,  7,  0,  1,  1,  9,  1],
       [ 1,  7,  1,  1,  1,  6,  2],
       [ 1,  7,  2,  0,  1, 18,  3],
       [ 1,  7,  3,  1,  0,  0,  2],
       [ 1,  8,  0, -1, -1, -1,  1],
       [ 1,  8,  1,  1,  0,  4,  1],
       [ 1,  8,  2,  1,  1, 20,  0],
       [ 1,  8,  3,  1,  1,  5,  1],
       [ 1,  9,  0,  1,  1,  5,  0],
       [ 1,  9,  1,  1,  1,  7,  0],
       [ 1,  9,  2,  1,  1, 13,  1],
       [ 1,  9,  3, -1, -1, -1,  1],
       [ 1, 11,  0,  2,  1, 17,  3],
       [ 1, 11,  1,  1,  1, 20,  1],
       [ 1, 11,  2,  1,  0,  6,  2],
       [ 1, 11,  3, -1, -1, -1,  0],
       [ 1, 13,  0, -1, -1, -1,  1],
       [ 1, 13,  1,  1,  1,  9,  2],
       [ 1, 13,  2,  1,  0,  0,  1],
       [ 1, 13,  3, -1, -1, -1,  3],
       [ 1, 20,  0,  1,  1,  8,  2],
       [ 1, 20,  1,  1,  1, 11,  1],
       [ 1, 20,  2,  2,  1,  2,  0],
       [ 1, 20,  3,  1,  1,  5,  2]]),
        strict_geometry=True)
[Rank 1] SubMesh(etypes=['quad', 'tri'],
        eidxs_base={'quad': array([ 6,  7, 11, 20,  5,  8,  9, 13]),
                    'tri': array([0, 4, 6])},
        eidxs={'quad': array([ 2,  5,  6,  7,  8,  9, 11, 13, 17, 20]),
               'tri': array([0, 4, 6])},
        conn=array([[ 0,  0,  0,  0,  0,  3,  1],
       [ 0,  0,  1,  1,  1, 13,  2],
       [ 0,  0,  2,  1,  1,  7,  3],
       [ 0,  4,  0,  1,  0,  6,  0],
       [ 0,  4,  1,  1,  1,  8,  1],
       [ 0,  4,  2, -1, -1, -1,  1],
       [ 0,  6,  0,  1,  0,  4,  0],
       [ 0,  6,  1, -1, -1, -1,  0],
       [ 0,  6,  2,  1,  1, 11,  2],
       [ 1,  5,  0,  1,  1,  9,  0],
       [ 1,  5,  1,  1,  1,  8,  3],
       [ 1,  5,  2,  1,  1, 20,  3],
       [ 1,  5,  3,  1,  1,  6,  3],
       [ 1,  6,  0,  1,  1,  2,  3],
       [ 1,  6,  1,  0,  1, 14,  0],
       [ 1,  6,  2,  1,  1,  7,  1],
       [ 1,  6,  3,  1,  1,  5,  3],
       [ 1,  7,  0,  1,  1,  9,  1],
       [ 1,  7,  1,  1,  1,  6,  2],
       [ 1,  7,  2,  0,  1, 18,  3],
       [ 1,  7,  3,  1,  0,  0,  2],
       [ 1,  8,  0, -1, -1, -1,  1],
       [ 1,  8,  1,  1,  0,  4,  1],
       [ 1,  8,  2,  1,  1, 20,  0],
       [ 1,  8,  3,  1,  1,  5,  1],
       [ 1,  9,  0,  1,  1,  5,  0],
       [ 1,  9,  1,  1,  1,  7,  0],
       [ 1,  9,  2,  1,  1, 13,  1],
       [ 1,  9,  3, -1, -1, -1,  1],
       [ 1, 11,  0,  1,  1, 17,  3],
       [ 1, 11,  1,  1,  1, 20,  1],
       [ 1, 11,  2,  1,  0,  6,  2],
       [ 1, 11,  3, -1, -1, -1,  0],
       [ 1, 13,  0, -1, -1, -1,  1],
       [ 1, 13,  1,  1,  1,  9,  2],
       [ 1, 13,  2,  1,  0,  0,  1],
       [ 1, 13,  3, -1, -1, -1,  3],
       [ 1, 20,  0,  1,  1,  8,  2],
       [ 1, 20,  1,  1,  1, 11,  1],
       [ 1, 20,  2,  1,  1,  2,  0],
       [ 1, 20,  3,  1,  1,  5,  2],
       [ 1,  2,  0,  1,  1, 20,  2],
       [ 1,  2,  1,  1,  1, 17,  2],
       [ 1,  2,  2,  2,  1,  1,  2],
       [ 1,  2,  3,  1,  1,  6,  0],
       [ 1, 17,  0,  2,  1, 16,  0],
       [ 1, 17,  1,  2,  1,  1,  3],
       [ 1, 17,  2,  1,  1,  2,  1],
       [ 1, 17,  3,  1,  1, 11,  0]]),
        strict_geometry=True)
[Rank 1] SubMesh(etypes=['quad', 'tri'],
        eidxs_base={'quad': array([ 6,  7, 11, 20,  5,  8,  9, 13]),
                    'tri': array([0, 4, 6])},
        eidxs={'quad': array([ 1,  2,  5,  6,  7,  8,  9, 11, 13, 16, 17, 20]),
               'tri': array([0, 4, 6])},
        conn=array([[ 0,  0,  0,  0,  0,  3,  1],
       [ 0,  0,  1,  1,  1, 13,  2],
       [ 0,  0,  2,  1,  1,  7,  3],
       [ 0,  4,  0,  1,  0,  6,  0],
       [ 0,  4,  1,  1,  1,  8,  1],
       [ 0,  4,  2, -1, -1, -1,  1],
       [ 0,  6,  0,  1,  0,  4,  0],
       [ 0,  6,  1, -1, -1, -1,  0],
       [ 0,  6,  2,  1,  1, 11,  2],
       [ 1,  5,  0,  1,  1,  9,  0],
       [ 1,  5,  1,  1,  1,  8,  3],
       [ 1,  5,  2,  1,  1, 20,  3],
       [ 1,  5,  3,  1,  1,  6,  3],
       [ 1,  6,  0,  1,  1,  2,  3],
       [ 1,  6,  1,  0,  1, 14,  0],
       [ 1,  6,  2,  1,  1,  7,  1],
       [ 1,  6,  3,  1,  1,  5,  3],
       [ 1,  7,  0,  1,  1,  9,  1],
       [ 1,  7,  1,  1,  1,  6,  2],
       [ 1,  7,  2,  0,  1, 18,  3],
       [ 1,  7,  3,  1,  0,  0,  2],
       [ 1,  8,  0, -1, -1, -1,  1],
       [ 1,  8,  1,  1,  0,  4,  1],
       [ 1,  8,  2,  1,  1, 20,  0],
       [ 1,  8,  3,  1,  1,  5,  1],
       [ 1,  9,  0,  1,  1,  5,  0],
       [ 1,  9,  1,  1,  1,  7,  0],
       [ 1,  9,  2,  1,  1, 13,  1],
       [ 1,  9,  3, -1, -1, -1,  1],
       [ 1, 11,  0,  1,  1, 17,  3],
       [ 1, 11,  1,  1,  1, 20,  1],
       [ 1, 11,  2,  1,  0,  6,  2],
       [ 1, 11,  3, -1, -1, -1,  0],
       [ 1, 13,  0, -1, -1, -1,  1],
       [ 1, 13,  1,  1,  1,  9,  2],
       [ 1, 13,  2,  1,  0,  0,  1],
       [ 1, 13,  3, -1, -1, -1,  3],
       [ 1, 20,  0,  1,  1,  8,  2],
       [ 1, 20,  1,  1,  1, 11,  1],
       [ 1, 20,  2,  1,  1,  2,  0],
       [ 1, 20,  3,  1,  1,  5,  2],
       [ 1,  2,  0,  1,  1, 20,  2],
       [ 1,  2,  1,  1,  1, 17,  2],
       [ 1,  2,  2,  1,  1,  1,  2],
       [ 1,  2,  3,  1,  1,  6,  0],
       [ 1, 17,  0,  1,  1, 16,  0],
       [ 1, 17,  1,  1,  1,  1,  3],
       [ 1, 17,  2,  1,  1,  2,  1],
       [ 1, 17,  3,  1,  1, 11,  0],
       [ 1,  1,  0,  2,  1,  3,  3],
       [ 1,  1,  1,  0,  1, 12,  1],
       [ 1,  1,  2,  1,  1,  2,  2],
       [ 1,  1,  3,  1,  1, 17,  1],
       [ 1, 16,  0,  1,  1, 17,  0],
       [ 1, 16,  1, -1, -1, -1,  0],
       [ 1, 16,  2,  2,  0,  2,  0],
       [ 1, 16,  3,  2,  1,  3,  0]]),
        strict_geometry=True)
[Rank 1] Base totals  →  elems=30 conn-rows=112
[Rank 1] SubMesh(etypes=['quad', 'tri'],
        eidxs_base={'quad': array([ 6,  7, 11, 20,  5,  8,  9, 13]),
                    'tri': array([0, 4, 6])},
        eidxs={'quad': array([ 6,  7, 11, 20,  5,  8,  9, 13]),
               'tri': array([0, 4, 6])},
        conn=array([[ 0,  0,  0,  0,  0,  3,  1],
       [ 0,  0,  1,  1,  1, 13,  2],
       [ 0,  0,  2,  1,  1,  7,  3],
       [ 0,  4,  0,  1,  0,  6,  0],
       [ 0,  4,  1,  1,  1,  8,  1],
       [ 0,  4,  2, -1, -1, -1,  1],
       [ 0,  6,  0,  1,  0,  4,  0],
       [ 0,  6,  1, -1, -1, -1,  0],
       [ 0,  6,  2,  1,  1, 11,  2],
       [ 1,  5,  0,  1,  1,  9,  0],
       [ 1,  5,  1,  1,  1,  8,  3],
       [ 1,  5,  2,  1,  1, 20,  3],
       [ 1,  5,  3,  1,  1,  6,  3],
       [ 1,  6,  0,  2,  1,  2,  3],
       [ 1,  6,  1,  0,  1, 14,  0],
       [ 1,  6,  2,  1,  1,  7,  1],
       [ 1,  6,  3,  1,  1,  5,  3],
       [ 1,  7,  0,  1,  1,  9,  1],
       [ 1,  7,  1,  1,  1,  6,  2],
       [ 1,  7,  2,  0,  1, 18,  3],
       [ 1,  7,  3,  1,  0,  0,  2],
       [ 1,  8,  0, -1, -1, -1,  1],
       [ 1,  8,  1,  1,  0,  4,  1],
       [ 1,  8,  2,  1,  1, 20,  0],
       [ 1,  8,  3,  1,  1,  5,  1],
       [ 1,  9,  0,  1,  1,  5,  0],
       [ 1,  9,  1,  1,  1,  7,  0],
       [ 1,  9,  2,  1,  1, 13,  1],
       [ 1,  9,  3, -1, -1, -1,  1],
       [ 1, 11,  0,  2,  1, 17,  3],
       [ 1, 11,  1,  1,  1, 20,  1],
       [ 1, 11,  2,  1,  0,  6,  2],
       [ 1, 11,  3, -1, -1, -1,  0],
       [ 1, 13,  0, -1, -1, -1,  1],
       [ 1, 13,  1,  1,  1,  9,  2],
       [ 1, 13,  2,  1,  0,  0,  1],
       [ 1, 13,  3, -1, -1, -1,  3],
       [ 1, 20,  0,  1,  1,  8,  2],
       [ 1, 20,  1,  1,  1, 11,  1],
       [ 1, 20,  2,  2,  1,  2,  0],
       [ 1, 20,  3,  1,  1,  5,  2]]),
        spts={'quad': array([[[0.30641017, 0.41891218],
        [0.49592129, 0.49379152],
        [0.21694446, 0.59326755],
        [0.38534186, 0.6857371 ]],

       [[0.17602583, 0.76842093],
        [0.21694446, 0.59326755],
        [0.32888457, 0.85398126],
        [0.38534186, 0.6857371 ]],

       [[0.5       , 0.        ],
        [0.36671894, 0.22386365],
        [0.25      , 0.        ],
        [0.16878791, 0.18519744]],

       [[0.15453763, 0.36210185],
        [0.16878791, 0.18519744],
        [0.30641017, 0.41891218],
        [0.36671894, 0.22386365]],

       [[0.21694446, 0.59326755],
        [0.        , 0.5       ],
        [0.30641017, 0.41891218],
        [0.15453763, 0.36210185]],

       [[0.        , 0.5       ],
        [0.        , 0.25      ],
        [0.15453763, 0.36210185],
        [0.16878791, 0.18519744]],

       [[0.        , 0.5       ],
        [0.21694446, 0.59326755],
        [0.        , 0.75      ],
        [0.17602583, 0.76842093]],

       [[0.        , 1.        ],
        [0.        , 0.75      ],
        [0.25      , 1.        ],
        [0.17602583, 0.76842093]]]),
              'tri': array([[[0.32888457, 0.85398126],
        [0.25      , 1.        ],
        [0.17602583, 0.76842093]],

       [[0.        , 0.        ],
        [0.16878791, 0.18519744],
        [0.        , 0.25      ]],

       [[0.16878791, 0.18519744],
        [0.        , 0.        ],
        [0.25      , 0.        ]]])},
        spts_nodes={'quad': array([[22, 31, 34, 24],
       [33, 34, 25, 24],
       [ 6, 21,  5, 17],
       [20, 17, 22, 21],
       [34,  2, 22, 20],
       [ 2,  3, 20, 17],
       [ 2, 34,  1, 33],
       [ 0,  1, 15, 33]]),
                    'tri': array([[25, 15, 33],
       [ 4, 17,  3],
       [17,  4,  5]])},
        spts_curved={'quad': array([False, False, False, False, False, False, False, False]),
                     'tri': array([False, False, False])},
        strict_geometry=True)
[Rank 1] SubMesh(etypes=['quad', 'tri'],
        eidxs_base={'quad': array([ 6,  7, 11, 20,  5,  8,  9, 13]),
                    'tri': array([0, 4, 6])},
        eidxs={'quad': array([ 2,  5,  6,  7,  8,  9, 11, 13, 17, 20]),
               'tri': array([0, 4, 6])},
        conn=array([[ 0,  0,  0,  0,  0,  3,  1],
       [ 0,  0,  1,  1,  1, 13,  2],
       [ 0,  0,  2,  1,  1,  7,  3],
       [ 0,  4,  0,  1,  0,  6,  0],
       [ 0,  4,  1,  1,  1,  8,  1],
       [ 0,  4,  2, -1, -1, -1,  1],
       [ 0,  6,  0,  1,  0,  4,  0],
       [ 0,  6,  1, -1, -1, -1,  0],
       [ 0,  6,  2,  1,  1, 11,  2],
       [ 1,  5,  0,  1,  1,  9,  0],
       [ 1,  5,  1,  1,  1,  8,  3],
       [ 1,  5,  2,  1,  1, 20,  3],
       [ 1,  5,  3,  1,  1,  6,  3],
       [ 1,  6,  0,  1,  1,  2,  3],
       [ 1,  6,  1,  0,  1, 14,  0],
       [ 1,  6,  2,  1,  1,  7,  1],
       [ 1,  6,  3,  1,  1,  5,  3],
       [ 1,  7,  0,  1,  1,  9,  1],
       [ 1,  7,  1,  1,  1,  6,  2],
       [ 1,  7,  2,  0,  1, 18,  3],
       [ 1,  7,  3,  1,  0,  0,  2],
       [ 1,  8,  0, -1, -1, -1,  1],
       [ 1,  8,  1,  1,  0,  4,  1],
       [ 1,  8,  2,  1,  1, 20,  0],
       [ 1,  8,  3,  1,  1,  5,  1],
       [ 1,  9,  0,  1,  1,  5,  0],
       [ 1,  9,  1,  1,  1,  7,  0],
       [ 1,  9,  2,  1,  1, 13,  1],
       [ 1,  9,  3, -1, -1, -1,  1],
       [ 1, 11,  0,  1,  1, 17,  3],
       [ 1, 11,  1,  1,  1, 20,  1],
       [ 1, 11,  2,  1,  0,  6,  2],
       [ 1, 11,  3, -1, -1, -1,  0],
       [ 1, 13,  0, -1, -1, -1,  1],
       [ 1, 13,  1,  1,  1,  9,  2],
       [ 1, 13,  2,  1,  0,  0,  1],
       [ 1, 13,  3, -1, -1, -1,  3],
       [ 1, 20,  0,  1,  1,  8,  2],
       [ 1, 20,  1,  1,  1, 11,  1],
       [ 1, 20,  2,  1,  1,  2,  0],
       [ 1, 20,  3,  1,  1,  5,  2],
       [ 1,  2,  0,  1,  1, 20,  2],
       [ 1,  2,  1,  1,  1, 17,  2],
       [ 1,  2,  2,  2,  1,  1,  2],
       [ 1,  2,  3,  1,  1,  6,  0],
       [ 1, 17,  0,  2,  1, 16,  0],
       [ 1, 17,  1,  2,  1,  1,  3],
       [ 1, 17,  2,  1,  1,  2,  1],
       [ 1, 17,  3,  1,  1, 11,  0]]),
        spts={'quad': array([[[0.30641017, 0.41891218],
        [0.49592129, 0.49379152],
        [0.21694446, 0.59326755],
        [0.38534186, 0.6857371 ]],

       [[0.17602583, 0.76842093],
        [0.21694446, 0.59326755],
        [0.32888457, 0.85398126],
        [0.38534186, 0.6857371 ]],

       [[0.5       , 0.        ],
        [0.36671894, 0.22386365],
        [0.25      , 0.        ],
        [0.16878791, 0.18519744]],

       [[0.15453763, 0.36210185],
        [0.16878791, 0.18519744],
        [0.30641017, 0.41891218],
        [0.36671894, 0.22386365]],

       [[0.21694446, 0.59326755],
        [0.        , 0.5       ],
        [0.30641017, 0.41891218],
        [0.15453763, 0.36210185]],

       [[0.        , 0.5       ],
        [0.        , 0.25      ],
        [0.15453763, 0.36210185],
        [0.16878791, 0.18519744]],

       [[0.        , 0.5       ],
        [0.21694446, 0.59326755],
        [0.        , 0.75      ],
        [0.17602583, 0.76842093]],

       [[0.        , 1.        ],
        [0.        , 0.75      ],
        [0.25      , 1.        ],
        [0.17602583, 0.76842093]]]),
              'tri': array([[[0.32888457, 0.85398126],
        [0.25      , 1.        ],
        [0.17602583, 0.76842093]],

       [[0.        , 0.        ],
        [0.16878791, 0.18519744],
        [0.        , 0.25      ]],

       [[0.16878791, 0.18519744],
        [0.        , 0.        ],
        [0.25      , 0.        ]]])},
        spts_nodes={'quad': array([[22, 31, 34, 24],
       [33, 34, 25, 24],
       [ 6, 21,  5, 17],
       [20, 17, 22, 21],
       [34,  2, 22, 20],
       [ 2,  3, 20, 17],
       [ 2, 34,  1, 33],
       [ 0,  1, 15, 33]]),
                    'tri': array([[25, 15, 33],
       [ 4, 17,  3],
       [17,  4,  5]])},
        spts_curved={'quad': array([False, False, False, False, False, False, False, False]),
                     'tri': array([False, False, False])},
        strict_geometry=True)
[Rank 1] SubMesh(etypes=['quad', 'tri'],
        eidxs_base={'quad': array([ 6,  7, 11, 20,  5,  8,  9, 13]),
                    'tri': array([0, 4, 6])},
        eidxs={'quad': array([ 1,  2,  5,  6,  7,  8,  9, 11, 13, 16, 17, 20]),
               'tri': array([0, 4, 6])},
        conn=array([[ 0,  0,  0,  0,  0,  3,  1],
       [ 0,  0,  1,  1,  1, 13,  2],
       [ 0,  0,  2,  1,  1,  7,  3],
       [ 0,  4,  0,  1,  0,  6,  0],
       [ 0,  4,  1,  1,  1,  8,  1],
       [ 0,  4,  2, -1, -1, -1,  1],
       [ 0,  6,  0,  1,  0,  4,  0],
       [ 0,  6,  1, -1, -1, -1,  0],
       [ 0,  6,  2,  1,  1, 11,  2],
       [ 1,  5,  0,  1,  1,  9,  0],
       [ 1,  5,  1,  1,  1,  8,  3],
       [ 1,  5,  2,  1,  1, 20,  3],
       [ 1,  5,  3,  1,  1,  6,  3],
       [ 1,  6,  0,  1,  1,  2,  3],
       [ 1,  6,  1,  0,  1, 14,  0],
       [ 1,  6,  2,  1,  1,  7,  1],
       [ 1,  6,  3,  1,  1,  5,  3],
       [ 1,  7,  0,  1,  1,  9,  1],
       [ 1,  7,  1,  1,  1,  6,  2],
       [ 1,  7,  2,  0,  1, 18,  3],
       [ 1,  7,  3,  1,  0,  0,  2],
       [ 1,  8,  0, -1, -1, -1,  1],
       [ 1,  8,  1,  1,  0,  4,  1],
       [ 1,  8,  2,  1,  1, 20,  0],
       [ 1,  8,  3,  1,  1,  5,  1],
       [ 1,  9,  0,  1,  1,  5,  0],
       [ 1,  9,  1,  1,  1,  7,  0],
       [ 1,  9,  2,  1,  1, 13,  1],
       [ 1,  9,  3, -1, -1, -1,  1],
       [ 1, 11,  0,  1,  1, 17,  3],
       [ 1, 11,  1,  1,  1, 20,  1],
       [ 1, 11,  2,  1,  0,  6,  2],
       [ 1, 11,  3, -1, -1, -1,  0],
       [ 1, 13,  0, -1, -1, -1,  1],
       [ 1, 13,  1,  1,  1,  9,  2],
       [ 1, 13,  2,  1,  0,  0,  1],
       [ 1, 13,  3, -1, -1, -1,  3],
       [ 1, 20,  0,  1,  1,  8,  2],
       [ 1, 20,  1,  1,  1, 11,  1],
       [ 1, 20,  2,  1,  1,  2,  0],
       [ 1, 20,  3,  1,  1,  5,  2],
       [ 1,  2,  0,  1,  1, 20,  2],
       [ 1,  2,  1,  1,  1, 17,  2],
       [ 1,  2,  2,  1,  1,  1,  2],
       [ 1,  2,  3,  1,  1,  6,  0],
       [ 1, 17,  0,  1,  1, 16,  0],
       [ 1, 17,  1,  1,  1,  1,  3],
       [ 1, 17,  2,  1,  1,  2,  1],
       [ 1, 17,  3,  1,  1, 11,  0],
       [ 1,  1,  0,  2,  1,  3,  3],
       [ 1,  1,  1,  0,  1, 12,  1],
       [ 1,  1,  2,  1,  1,  2,  2],
       [ 1,  1,  3,  1,  1, 17,  1],
       [ 1, 16,  0,  1,  1, 17,  0],
       [ 1, 16,  1, -1, -1, -1,  0],
       [ 1, 16,  2,  2,  0,  2,  0],
       [ 1, 16,  3,  2,  1,  3,  0]]),
        spts={'quad': array([[[0.30641017, 0.41891218],
        [0.49592129, 0.49379152],
        [0.21694446, 0.59326755],
        [0.38534186, 0.6857371 ]],

       [[0.17602583, 0.76842093],
        [0.21694446, 0.59326755],
        [0.32888457, 0.85398126],
        [0.38534186, 0.6857371 ]],

       [[0.5       , 0.        ],
        [0.36671894, 0.22386365],
        [0.25      , 0.        ],
        [0.16878791, 0.18519744]],

       [[0.15453763, 0.36210185],
        [0.16878791, 0.18519744],
        [0.30641017, 0.41891218],
        [0.36671894, 0.22386365]],

       [[0.21694446, 0.59326755],
        [0.        , 0.5       ],
        [0.30641017, 0.41891218],
        [0.15453763, 0.36210185]],

       [[0.        , 0.5       ],
        [0.        , 0.25      ],
        [0.15453763, 0.36210185],
        [0.16878791, 0.18519744]],

       [[0.        , 0.5       ],
        [0.21694446, 0.59326755],
        [0.        , 0.75      ],
        [0.17602583, 0.76842093]],

       [[0.        , 1.        ],
        [0.        , 0.75      ],
        [0.25      , 1.        ],
        [0.17602583, 0.76842093]]]),
              'tri': array([[[0.32888457, 0.85398126],
        [0.25      , 1.        ],
        [0.17602583, 0.76842093]],

       [[0.        , 0.        ],
        [0.16878791, 0.18519744],
        [0.        , 0.25      ]],

       [[0.16878791, 0.18519744],
        [0.        , 0.        ],
        [0.25      , 0.        ]]])},
        spts_nodes={'quad': array([[22, 31, 34, 24],
       [33, 34, 25, 24],
       [ 6, 21,  5, 17],
       [20, 17, 22, 21],
       [34,  2, 22, 20],
       [ 2,  3, 20, 17],
       [ 2, 34,  1, 33],
       [ 0,  1, 15, 33]]),
                    'tri': array([[25, 15, 33],
       [ 4, 17,  3],
       [17,  4,  5]])},
        spts_curved={'quad': array([False, False, False, False, False, False, False, False]),
                     'tri': array([False, False, False])},
        strict_geometry=True)
[Rank 1] Base totals  →  elems=30 conn-rows=112
[Rank 1] SubMesh(etypes=['quad', 'tri'],
        eidxs_base={'quad': array([ 6,  7, 11, 20,  5,  8,  9, 13]),
                    'tri': array([0, 4, 6])},
        eidxs={'quad': array([ 6,  7, 11, 20,  5,  8,  9, 13]),
               'tri': array([0, 4, 6])},
        conn=array([[ 0,  0,  0,  0,  0,  3,  1],
       [ 0,  0,  1,  1,  1, 13,  2],
       [ 0,  0,  2,  1,  1,  7,  3],
       [ 0,  4,  0,  1,  0,  6,  0],
       [ 0,  4,  1,  1,  1,  8,  1],
       [ 0,  4,  2, -1, -1, -1,  1],
       [ 0,  6,  0,  1,  0,  4,  0],
       [ 0,  6,  1, -1, -1, -1,  0],
       [ 0,  6,  2,  1,  1, 11,  2],
       [ 1,  5,  0,  1,  1,  9,  0],
       [ 1,  5,  1,  1,  1,  8,  3],
       [ 1,  5,  2,  1,  1, 20,  3],
       [ 1,  5,  3,  1,  1,  6,  3],
       [ 1,  6,  0,  2,  1,  2,  3],
       [ 1,  6,  1,  0,  1, 14,  0],
       [ 1,  6,  2,  1,  1,  7,  1],
       [ 1,  6,  3,  1,  1,  5,  3],
       [ 1,  7,  0,  1,  1,  9,  1],
       [ 1,  7,  1,  1,  1,  6,  2],
       [ 1,  7,  2,  0,  1, 18,  3],
       [ 1,  7,  3,  1,  0,  0,  2],
       [ 1,  8,  0, -1, -1, -1,  1],
       [ 1,  8,  1,  1,  0,  4,  1],
       [ 1,  8,  2,  1,  1, 20,  0],
       [ 1,  8,  3,  1,  1,  5,  1],
       [ 1,  9,  0,  1,  1,  5,  0],
       [ 1,  9,  1,  1,  1,  7,  0],
       [ 1,  9,  2,  1,  1, 13,  1],
       [ 1,  9,  3, -1, -1, -1,  1],
       [ 1, 11,  0,  2,  1, 17,  3],
       [ 1, 11,  1,  1,  1, 20,  1],
       [ 1, 11,  2,  1,  0,  6,  2],
       [ 1, 11,  3, -1, -1, -1,  0],
       [ 1, 13,  0, -1, -1, -1,  1],
       [ 1, 13,  1,  1,  1,  9,  2],
       [ 1, 13,  2,  1,  0,  0,  1],
       [ 1, 13,  3, -1, -1, -1,  3],
       [ 1, 20,  0,  1,  1,  8,  2],
       [ 1, 20,  1,  1,  1, 11,  1],
       [ 1, 20,  2,  2,  1,  2,  0],
       [ 1, 20,  3,  1,  1,  5,  2]]),
        spts={'quad': array([[[0.30641017, 0.41891218],
        [0.49592129, 0.49379152],
        [0.21694446, 0.59326755],
        [0.38534186, 0.6857371 ]],

       [[0.17602583, 0.76842093],
        [0.21694446, 0.59326755],
        [0.32888457, 0.85398126],
        [0.38534186, 0.6857371 ]],

       [[0.5       , 0.        ],
        [0.36671894, 0.22386365],
        [0.25      , 0.        ],
        [0.16878791, 0.18519744]],

       [[0.15453763, 0.36210185],
        [0.16878791, 0.18519744],
        [0.30641017, 0.41891218],
        [0.36671894, 0.22386365]],

       [[0.21694446, 0.59326755],
        [0.        , 0.5       ],
        [0.30641017, 0.41891218],
        [0.15453763, 0.36210185]],

       [[0.        , 0.5       ],
        [0.        , 0.25      ],
        [0.15453763, 0.36210185],
        [0.16878791, 0.18519744]],

       [[0.        , 0.5       ],
        [0.21694446, 0.59326755],
        [0.        , 0.75      ],
        [0.17602583, 0.76842093]],

       [[0.        , 1.        ],
        [0.        , 0.75      ],
        [0.25      , 1.        ],
        [0.17602583, 0.76842093]]]),
              'tri': array([[[0.32888457, 0.85398126],
        [0.25      , 1.        ],
        [0.17602583, 0.76842093]],

       [[0.        , 0.        ],
        [0.16878791, 0.18519744],
        [0.        , 0.25      ]],

       [[0.16878791, 0.18519744],
        [0.        , 0.        ],
        [0.25      , 0.        ]]])},
        spts_nodes={'quad': array([[22, 31, 34, 24],
       [33, 34, 25, 24],
       [ 6, 21,  5, 17],
       [20, 17, 22, 21],
       [34,  2, 22, 20],
       [ 2,  3, 20, 17],
       [ 2, 34,  1, 33],
       [ 0,  1, 15, 33]]),
                    'tri': array([[25, 15, 33],
       [ 4, 17,  3],
       [17,  4,  5]])},
        spts_curved={'quad': array([False, False, False, False, False, False, False, False]),
                     'tri': array([False, False, False])},
        strict_geometry=True)
[Rank 1] SubMesh(etypes=['quad', 'tri'],
        eidxs_base={'quad': array([ 6,  7, 11, 20,  5,  8,  9, 13]),
                    'tri': array([0, 4, 6])},
        eidxs={'quad': array([ 2,  5,  6,  7,  8,  9, 11, 13, 17, 20]),
               'tri': array([0, 4, 6])},
        conn=array([[ 0,  0,  0,  0,  0,  3,  1],
       [ 0,  0,  1,  1,  1, 13,  2],
       [ 0,  0,  2,  1,  1,  7,  3],
       [ 0,  4,  0,  1,  0,  6,  0],
       [ 0,  4,  1,  1,  1,  8,  1],
       [ 0,  4,  2, -1, -1, -1,  1],
       [ 0,  6,  0,  1,  0,  4,  0],
       [ 0,  6,  1, -1, -1, -1,  0],
       [ 0,  6,  2,  1,  1, 11,  2],
       [ 1,  5,  0,  1,  1,  9,  0],
       [ 1,  5,  1,  1,  1,  8,  3],
       [ 1,  5,  2,  1,  1, 20,  3],
       [ 1,  5,  3,  1,  1,  6,  3],
       [ 1,  6,  0,  1,  1,  2,  3],
       [ 1,  6,  1,  0,  1, 14,  0],
       [ 1,  6,  2,  1,  1,  7,  1],
       [ 1,  6,  3,  1,  1,  5,  3],
       [ 1,  7,  0,  1,  1,  9,  1],
       [ 1,  7,  1,  1,  1,  6,  2],
       [ 1,  7,  2,  0,  1, 18,  3],
       [ 1,  7,  3,  1,  0,  0,  2],
       [ 1,  8,  0, -1, -1, -1,  1],
       [ 1,  8,  1,  1,  0,  4,  1],
       [ 1,  8,  2,  1,  1, 20,  0],
       [ 1,  8,  3,  1,  1,  5,  1],
       [ 1,  9,  0,  1,  1,  5,  0],
       [ 1,  9,  1,  1,  1,  7,  0],
       [ 1,  9,  2,  1,  1, 13,  1],
       [ 1,  9,  3, -1, -1, -1,  1],
       [ 1, 11,  0,  1,  1, 17,  3],
       [ 1, 11,  1,  1,  1, 20,  1],
       [ 1, 11,  2,  1,  0,  6,  2],
       [ 1, 11,  3, -1, -1, -1,  0],
       [ 1, 13,  0, -1, -1, -1,  1],
       [ 1, 13,  1,  1,  1,  9,  2],
       [ 1, 13,  2,  1,  0,  0,  1],
       [ 1, 13,  3, -1, -1, -1,  3],
       [ 1, 20,  0,  1,  1,  8,  2],
       [ 1, 20,  1,  1,  1, 11,  1],
       [ 1, 20,  2,  1,  1,  2,  0],
       [ 1, 20,  3,  1,  1,  5,  2],
       [ 1,  2,  0,  1,  1, 20,  2],
       [ 1,  2,  1,  1,  1, 17,  2],
       [ 1,  2,  2,  2,  1,  1,  2],
       [ 1,  2,  3,  1,  1,  6,  0],
       [ 1, 17,  0,  2,  1, 16,  0],
       [ 1, 17,  1,  2,  1,  1,  3],
       [ 1, 17,  2,  1,  1,  2,  1],
       [ 1, 17,  3,  1,  1, 11,  0]]),
        spts={'quad': array([[[0.30641017, 0.41891218],
        [0.49592129, 0.49379152],
        [0.21694446, 0.59326755],
        [0.38534186, 0.6857371 ]],

       [[0.17602583, 0.76842093],
        [0.21694446, 0.59326755],
        [0.32888457, 0.85398126],
        [0.38534186, 0.6857371 ]],

       [[0.5       , 0.        ],
        [0.36671894, 0.22386365],
        [0.25      , 0.        ],
        [0.16878791, 0.18519744]],

       [[0.15453763, 0.36210185],
        [0.16878791, 0.18519744],
        [0.30641017, 0.41891218],
        [0.36671894, 0.22386365]],

       [[0.21694446, 0.59326755],
        [0.        , 0.5       ],
        [0.30641017, 0.41891218],
        [0.15453763, 0.36210185]],

       [[0.        , 0.5       ],
        [0.        , 0.25      ],
        [0.15453763, 0.36210185],
        [0.16878791, 0.18519744]],

       [[0.        , 0.5       ],
        [0.21694446, 0.59326755],
        [0.        , 0.75      ],
        [0.17602583, 0.76842093]],

       [[0.        , 1.        ],
        [0.        , 0.75      ],
        [0.25      , 1.        ],
        [0.17602583, 0.76842093]]]),
              'tri': array([[[0.32888457, 0.85398126],
        [0.25      , 1.        ],
        [0.17602583, 0.76842093]],

       [[0.        , 0.        ],
        [0.16878791, 0.18519744],
        [0.        , 0.25      ]],

       [[0.16878791, 0.18519744],
        [0.        , 0.        ],
        [0.25      , 0.        ]]])},
        spts_nodes={'quad': array([[22, 31, 34, 24],
       [33, 34, 25, 24],
       [ 6, 21,  5, 17],
       [20, 17, 22, 21],
       [34,  2, 22, 20],
       [ 2,  3, 20, 17],
       [ 2, 34,  1, 33],
       [ 0,  1, 15, 33]]),
                    'tri': array([[25, 15, 33],
       [ 4, 17,  3],
       [17,  4,  5]])},
        spts_curved={'quad': array([False, False, False, False, False, False, False, False]),
                     'tri': array([False, False, False])},
        strict_geometry=True)
[Rank 1] SubMesh(etypes=['quad', 'tri'],
        eidxs_base={'quad': array([ 6,  7, 11, 20,  5,  8,  9, 13]),
                    'tri': array([0, 4, 6])},
        eidxs={'quad': array([ 1,  2,  5,  6,  7,  8,  9, 11, 13, 16, 17, 20]),
               'tri': array([0, 4, 6])},
        conn=array([[ 0,  0,  0,  0,  0,  3,  1],
       [ 0,  0,  1,  1,  1, 13,  2],
       [ 0,  0,  2,  1,  1,  7,  3],
       [ 0,  4,  0,  1,  0,  6,  0],
       [ 0,  4,  1,  1,  1,  8,  1],
       [ 0,  4,  2, -1, -1, -1,  1],
       [ 0,  6,  0,  1,  0,  4,  0],
       [ 0,  6,  1, -1, -1, -1,  0],
       [ 0,  6,  2,  1,  1, 11,  2],
       [ 1,  5,  0,  1,  1,  9,  0],
       [ 1,  5,  1,  1,  1,  8,  3],
       [ 1,  5,  2,  1,  1, 20,  3],
       [ 1,  5,  3,  1,  1,  6,  3],
       [ 1,  6,  0,  1,  1,  2,  3],
       [ 1,  6,  1,  0,  1, 14,  0],
       [ 1,  6,  2,  1,  1,  7,  1],
       [ 1,  6,  3,  1,  1,  5,  3],
       [ 1,  7,  0,  1,  1,  9,  1],
       [ 1,  7,  1,  1,  1,  6,  2],
       [ 1,  7,  2,  0,  1, 18,  3],
       [ 1,  7,  3,  1,  0,  0,  2],
       [ 1,  8,  0, -1, -1, -1,  1],
       [ 1,  8,  1,  1,  0,  4,  1],
       [ 1,  8,  2,  1,  1, 20,  0],
       [ 1,  8,  3,  1,  1,  5,  1],
       [ 1,  9,  0,  1,  1,  5,  0],
       [ 1,  9,  1,  1,  1,  7,  0],
       [ 1,  9,  2,  1,  1, 13,  1],
       [ 1,  9,  3, -1, -1, -1,  1],
       [ 1, 11,  0,  1,  1, 17,  3],
       [ 1, 11,  1,  1,  1, 20,  1],
       [ 1, 11,  2,  1,  0,  6,  2],
       [ 1, 11,  3, -1, -1, -1,  0],
       [ 1, 13,  0, -1, -1, -1,  1],
       [ 1, 13,  1,  1,  1,  9,  2],
       [ 1, 13,  2,  1,  0,  0,  1],
       [ 1, 13,  3, -1, -1, -1,  3],
       [ 1, 20,  0,  1,  1,  8,  2],
       [ 1, 20,  1,  1,  1, 11,  1],
       [ 1, 20,  2,  1,  1,  2,  0],
       [ 1, 20,  3,  1,  1,  5,  2],
       [ 1,  2,  0,  1,  1, 20,  2],
       [ 1,  2,  1,  1,  1, 17,  2],
       [ 1,  2,  2,  1,  1,  1,  2],
       [ 1,  2,  3,  1,  1,  6,  0],
       [ 1, 17,  0,  1,  1, 16,  0],
       [ 1, 17,  1,  1,  1,  1,  3],
       [ 1, 17,  2,  1,  1,  2,  1],
       [ 1, 17,  3,  1,  1, 11,  0],
       [ 1,  1,  0,  2,  1,  3,  3],
       [ 1,  1,  1,  0,  1, 12,  1],
       [ 1,  1,  2,  1,  1,  2,  2],
       [ 1,  1,  3,  1,  1, 17,  1],
       [ 1, 16,  0,  1,  1, 17,  0],
       [ 1, 16,  1, -1, -1, -1,  0],
       [ 1, 16,  2,  2,  0,  2,  0],
       [ 1, 16,  3,  2,  1,  3,  0]]),
        spts={'quad': array([[[0.30641017, 0.41891218],
        [0.49592129, 0.49379152],
        [0.21694446, 0.59326755],
        [0.38534186, 0.6857371 ]],

       [[0.17602583, 0.76842093],
        [0.21694446, 0.59326755],
        [0.32888457, 0.85398126],
        [0.38534186, 0.6857371 ]],

       [[0.5       , 0.        ],
        [0.36671894, 0.22386365],
        [0.25      , 0.        ],
        [0.16878791, 0.18519744]],

       [[0.15453763, 0.36210185],
        [0.16878791, 0.18519744],
        [0.30641017, 0.41891218],
        [0.36671894, 0.22386365]],

       [[0.21694446, 0.59326755],
        [0.        , 0.5       ],
        [0.30641017, 0.41891218],
        [0.15453763, 0.36210185]],

       [[0.        , 0.5       ],
        [0.        , 0.25      ],
        [0.15453763, 0.36210185],
        [0.16878791, 0.18519744]],

       [[0.        , 0.5       ],
        [0.21694446, 0.59326755],
        [0.        , 0.75      ],
        [0.17602583, 0.76842093]],

       [[0.        , 1.        ],
        [0.        , 0.75      ],
        [0.25      , 1.        ],
        [0.17602583, 0.76842093]]]),
              'tri': array([[[0.32888457, 0.85398126],
        [0.25      , 1.        ],
        [0.17602583, 0.76842093]],

       [[0.        , 0.        ],
        [0.16878791, 0.18519744],
        [0.        , 0.25      ]],

       [[0.16878791, 0.18519744],
        [0.        , 0.        ],
        [0.25      , 0.        ]]])},
        spts_nodes={'quad': array([[22, 31, 34, 24],
       [33, 34, 25, 24],
       [ 6, 21,  5, 17],
       [20, 17, 22, 21],
       [34,  2, 22, 20],
       [ 2,  3, 20, 17],
       [ 2, 34,  1, 33],
       [ 0,  1, 15, 33]]),
                    'tri': array([[25, 15, 33],
       [ 4, 17,  3],
       [17,  4,  5]])},
        spts_curved={'quad': array([False, False, False, False, False, False, False, False]),
                     'tri': array([False, False, False])},
        strict_geometry=True)
[Rank 1] Base totals  →  elems=30 conn-rows=112
[Rank 1] SubMesh(etypes=['quad', 'tri'],
        eidxs_base={'quad': array([ 6,  7, 11, 20,  5,  8,  9, 13]),
                    'tri': array([0, 4, 6])},
        eidxs={'quad': array([ 6,  7, 11, 20,  5,  8,  9, 13]),
               'tri': array([0, 4, 6])},
        conn=array([[ 0,  0,  0,  0,  0,  3,  1],
       [ 0,  0,  1,  1,  1, 13,  2],
       [ 0,  0,  2,  1,  1,  7,  3],
       [ 0,  4,  0,  1,  0,  6,  0],
       [ 0,  4,  1,  1,  1,  8,  1],
       [ 0,  4,  2, -1, -1, -1,  1],
       [ 0,  6,  0,  1,  0,  4,  0],
       [ 0,  6,  1, -1, -1, -1,  0],
       [ 0,  6,  2,  1,  1, 11,  2],
       [ 1,  5,  0,  1,  1,  9,  0],
       [ 1,  5,  1,  1,  1,  8,  3],
       [ 1,  5,  2,  1,  1, 20,  3],
       [ 1,  5,  3,  1,  1,  6,  3],
       [ 1,  6,  0,  2,  1,  2,  3],
       [ 1,  6,  1,  0,  1, 14,  0],
       [ 1,  6,  2,  1,  1,  7,  1],
       [ 1,  6,  3,  1,  1,  5,  3],
       [ 1,  7,  0,  1,  1,  9,  1],
       [ 1,  7,  1,  1,  1,  6,  2],
       [ 1,  7,  2,  0,  1, 18,  3],
       [ 1,  7,  3,  1,  0,  0,  2],
       [ 1,  8,  0, -1, -1, -1,  1],
       [ 1,  8,  1,  1,  0,  4,  1],
       [ 1,  8,  2,  1,  1, 20,  0],
       [ 1,  8,  3,  1,  1,  5,  1],
       [ 1,  9,  0,  1,  1,  5,  0],
       [ 1,  9,  1,  1,  1,  7,  0],
       [ 1,  9,  2,  1,  1, 13,  1],
       [ 1,  9,  3, -1, -1, -1,  1],
       [ 1, 11,  0,  2,  1, 17,  3],
       [ 1, 11,  1,  1,  1, 20,  1],
       [ 1, 11,  2,  1,  0,  6,  2],
       [ 1, 11,  3, -1, -1, -1,  0],
       [ 1, 13,  0, -1, -1, -1,  1],
       [ 1, 13,  1,  1,  1,  9,  2],
       [ 1, 13,  2,  1,  0,  0,  1],
       [ 1, 13,  3, -1, -1, -1,  3],
       [ 1, 20,  0,  1,  1,  8,  2],
       [ 1, 20,  1,  1,  1, 11,  1],
       [ 1, 20,  2,  2,  1,  2,  0],
       [ 1, 20,  3,  1,  1,  5,  2]]),
        arrays={'spts': {'quad': array([[[0.30641017, 0.41891218],
        [0.49592129, 0.49379152],
        [0.21694446, 0.59326755],
        [0.38534186, 0.6857371 ]],

       [[0.17602583, 0.76842093],
        [0.21694446, 0.59326755],
        [0.32888457, 0.85398126],
        [0.38534186, 0.6857371 ]],

       [[0.5       , 0.        ],
        [0.36671894, 0.22386365],
        [0.25      , 0.        ],
        [0.16878791, 0.18519744]],

       [[0.15453763, 0.36210185],
        [0.16878791, 0.18519744],
        [0.30641017, 0.41891218],
        [0.36671894, 0.22386365]],

       [[0.21694446, 0.59326755],
        [0.        , 0.5       ],
        [0.30641017, 0.41891218],
        [0.15453763, 0.36210185]],

       [[0.        , 0.5       ],
        [0.        , 0.25      ],
        [0.15453763, 0.36210185],
        [0.16878791, 0.18519744]],

       [[0.        , 0.5       ],
        [0.21694446, 0.59326755],
        [0.        , 0.75      ],
        [0.17602583, 0.76842093]],

       [[0.        , 1.        ],
        [0.        , 0.75      ],
        [0.25      , 1.        ],
        [0.17602583, 0.76842093]]]),
                         'tri': array([[[0.32888457, 0.85398126],
        [0.25      , 1.        ],
        [0.17602583, 0.76842093]],

       [[0.        , 0.        ],
        [0.16878791, 0.18519744],
        [0.        , 0.25      ]],

       [[0.16878791, 0.18519744],
        [0.        , 0.        ],
        [0.25      , 0.        ]]])},
                'spts_curved': {'quad': array([False, False, False, False, False, False, False, False]),
                                'tri': array([False, False, False])},
                'spts_nodes': {'quad': array([[22, 31, 34, 24],
       [33, 34, 25, 24],
       [ 6, 21,  5, 17],
       [20, 17, 22, 21],
       [34,  2, 22, 20],
       [ 2,  3, 20, 17],
       [ 2, 34,  1, 33],
       [ 0,  1, 15, 33]]),
                               'tri': array([[25, 15, 33],
       [ 4, 17,  3],
       [17,  4,  5]])}},
        strict_geometry=True)
[Rank 1] SubMesh(etypes=['quad', 'tri'],
        eidxs_base={'quad': array([ 6,  7, 11, 20,  5,  8,  9, 13]),
                    'tri': array([0, 4, 6])},
        eidxs={'quad': array([ 2,  5,  6,  7,  8,  9, 11, 13, 17, 20]),
               'tri': array([0, 4, 6])},
        conn=array([[ 0,  0,  0,  0,  0,  3,  1],
       [ 0,  0,  1,  1,  1, 13,  2],
       [ 0,  0,  2,  1,  1,  7,  3],
       [ 0,  4,  0,  1,  0,  6,  0],
       [ 0,  4,  1,  1,  1,  8,  1],
       [ 0,  4,  2, -1, -1, -1,  1],
       [ 0,  6,  0,  1,  0,  4,  0],
       [ 0,  6,  1, -1, -1, -1,  0],
       [ 0,  6,  2,  1,  1, 11,  2],
       [ 1,  5,  0,  1,  1,  9,  0],
       [ 1,  5,  1,  1,  1,  8,  3],
       [ 1,  5,  2,  1,  1, 20,  3],
       [ 1,  5,  3,  1,  1,  6,  3],
       [ 1,  6,  0,  1,  1,  2,  3],
       [ 1,  6,  1,  0,  1, 14,  0],
       [ 1,  6,  2,  1,  1,  7,  1],
       [ 1,  6,  3,  1,  1,  5,  3],
       [ 1,  7,  0,  1,  1,  9,  1],
       [ 1,  7,  1,  1,  1,  6,  2],
       [ 1,  7,  2,  0,  1, 18,  3],
       [ 1,  7,  3,  1,  0,  0,  2],
       [ 1,  8,  0, -1, -1, -1,  1],
       [ 1,  8,  1,  1,  0,  4,  1],
       [ 1,  8,  2,  1,  1, 20,  0],
       [ 1,  8,  3,  1,  1,  5,  1],
       [ 1,  9,  0,  1,  1,  5,  0],
       [ 1,  9,  1,  1,  1,  7,  0],
       [ 1,  9,  2,  1,  1, 13,  1],
       [ 1,  9,  3, -1, -1, -1,  1],
       [ 1, 11,  0,  1,  1, 17,  3],
       [ 1, 11,  1,  1,  1, 20,  1],
       [ 1, 11,  2,  1,  0,  6,  2],
       [ 1, 11,  3, -1, -1, -1,  0],
       [ 1, 13,  0, -1, -1, -1,  1],
       [ 1, 13,  1,  1,  1,  9,  2],
       [ 1, 13,  2,  1,  0,  0,  1],
       [ 1, 13,  3, -1, -1, -1,  3],
       [ 1, 20,  0,  1,  1,  8,  2],
       [ 1, 20,  1,  1,  1, 11,  1],
       [ 1, 20,  2,  1,  1,  2,  0],
       [ 1, 20,  3,  1,  1,  5,  2],
       [ 1,  2,  0,  1,  1, 20,  2],
       [ 1,  2,  1,  1,  1, 17,  2],
       [ 1,  2,  2,  2,  1,  1,  2],
       [ 1,  2,  3,  1,  1,  6,  0],
       [ 1, 17,  0,  2,  1, 16,  0],
       [ 1, 17,  1,  2,  1,  1,  3],
       [ 1, 17,  2,  1,  1,  2,  1],
       [ 1, 17,  3,  1,  1, 11,  0]]),
        arrays={'spts': {'quad': array([[[0.30641017, 0.41891218],
        [0.49592129, 0.49379152],
        [0.21694446, 0.59326755],
        [0.38534186, 0.6857371 ]],

       [[0.17602583, 0.76842093],
        [0.21694446, 0.59326755],
        [0.32888457, 0.85398126],
        [0.38534186, 0.6857371 ]],

       [[0.5       , 0.        ],
        [0.36671894, 0.22386365],
        [0.25      , 0.        ],
        [0.16878791, 0.18519744]],

       [[0.15453763, 0.36210185],
        [0.16878791, 0.18519744],
        [0.30641017, 0.41891218],
        [0.36671894, 0.22386365]],

       [[0.21694446, 0.59326755],
        [0.        , 0.5       ],
        [0.30641017, 0.41891218],
        [0.15453763, 0.36210185]],

       [[0.        , 0.5       ],
        [0.        , 0.25      ],
        [0.15453763, 0.36210185],
        [0.16878791, 0.18519744]],

       [[0.        , 0.5       ],
        [0.21694446, 0.59326755],
        [0.        , 0.75      ],
        [0.17602583, 0.76842093]],

       [[0.        , 1.        ],
        [0.        , 0.75      ],
        [0.25      , 1.        ],
        [0.17602583, 0.76842093]]]),
                         'tri': array([[[0.32888457, 0.85398126],
        [0.25      , 1.        ],
        [0.17602583, 0.76842093]],

       [[0.        , 0.        ],
        [0.16878791, 0.18519744],
        [0.        , 0.25      ]],

       [[0.16878791, 0.18519744],
        [0.        , 0.        ],
        [0.25      , 0.        ]]])},
                'spts_curved': {'quad': array([False, False, False, False, False, False, False, False]),
                                'tri': array([False, False, False])},
                'spts_nodes': {'quad': array([[22, 31, 34, 24],
       [33, 34, 25, 24],
       [ 6, 21,  5, 17],
       [20, 17, 22, 21],
       [34,  2, 22, 20],
       [ 2,  3, 20, 17],
       [ 2, 34,  1, 33],
       [ 0,  1, 15, 33]]),
                               'tri': array([[25, 15, 33],
       [ 4, 17,  3],
       [17,  4,  5]])}},
        strict_geometry=True)
[Rank 1] SubMesh(etypes=['quad', 'tri'],
        eidxs_base={'quad': array([ 6,  7, 11, 20,  5,  8,  9, 13]),
                    'tri': array([0, 4, 6])},
        eidxs={'quad': array([ 1,  2,  5,  6,  7,  8,  9, 11, 13, 16, 17, 20]),
               'tri': array([0, 4, 6])},
        conn=array([[ 0,  0,  0,  0,  0,  3,  1],
       [ 0,  0,  1,  1,  1, 13,  2],
       [ 0,  0,  2,  1,  1,  7,  3],
       [ 0,  4,  0,  1,  0,  6,  0],
       [ 0,  4,  1,  1,  1,  8,  1],
       [ 0,  4,  2, -1, -1, -1,  1],
       [ 0,  6,  0,  1,  0,  4,  0],
       [ 0,  6,  1, -1, -1, -1,  0],
       [ 0,  6,  2,  1,  1, 11,  2],
       [ 1,  5,  0,  1,  1,  9,  0],
       [ 1,  5,  1,  1,  1,  8,  3],
       [ 1,  5,  2,  1,  1, 20,  3],
       [ 1,  5,  3,  1,  1,  6,  3],
       [ 1,  6,  0,  1,  1,  2,  3],
       [ 1,  6,  1,  0,  1, 14,  0],
       [ 1,  6,  2,  1,  1,  7,  1],
       [ 1,  6,  3,  1,  1,  5,  3],
       [ 1,  7,  0,  1,  1,  9,  1],
       [ 1,  7,  1,  1,  1,  6,  2],
       [ 1,  7,  2,  0,  1, 18,  3],
       [ 1,  7,  3,  1,  0,  0,  2],
       [ 1,  8,  0, -1, -1, -1,  1],
       [ 1,  8,  1,  1,  0,  4,  1],
       [ 1,  8,  2,  1,  1, 20,  0],
       [ 1,  8,  3,  1,  1,  5,  1],
       [ 1,  9,  0,  1,  1,  5,  0],
       [ 1,  9,  1,  1,  1,  7,  0],
       [ 1,  9,  2,  1,  1, 13,  1],
       [ 1,  9,  3, -1, -1, -1,  1],
       [ 1, 11,  0,  1,  1, 17,  3],
       [ 1, 11,  1,  1,  1, 20,  1],
       [ 1, 11,  2,  1,  0,  6,  2],
       [ 1, 11,  3, -1, -1, -1,  0],
       [ 1, 13,  0, -1, -1, -1,  1],
       [ 1, 13,  1,  1,  1,  9,  2],
       [ 1, 13,  2,  1,  0,  0,  1],
       [ 1, 13,  3, -1, -1, -1,  3],
       [ 1, 20,  0,  1,  1,  8,  2],
       [ 1, 20,  1,  1,  1, 11,  1],
       [ 1, 20,  2,  1,  1,  2,  0],
       [ 1, 20,  3,  1,  1,  5,  2],
       [ 1,  2,  0,  1,  1, 20,  2],
       [ 1,  2,  1,  1,  1, 17,  2],
       [ 1,  2,  2,  1,  1,  1,  2],
       [ 1,  2,  3,  1,  1,  6,  0],
       [ 1, 17,  0,  1,  1, 16,  0],
       [ 1, 17,  1,  1,  1,  1,  3],
       [ 1, 17,  2,  1,  1,  2,  1],
       [ 1, 17,  3,  1,  1, 11,  0],
       [ 1,  1,  0,  2,  1,  3,  3],
       [ 1,  1,  1,  0,  1, 12,  1],
       [ 1,  1,  2,  1,  1,  2,  2],
       [ 1,  1,  3,  1,  1, 17,  1],
       [ 1, 16,  0,  1,  1, 17,  0],
       [ 1, 16,  1, -1, -1, -1,  0],
       [ 1, 16,  2,  2,  0,  2,  0],
       [ 1, 16,  3,  2,  1,  3,  0]]),
        arrays={'spts': {'quad': array([[[0.30641017, 0.41891218],
        [0.49592129, 0.49379152],
        [0.21694446, 0.59326755],
        [0.38534186, 0.6857371 ]],

       [[0.17602583, 0.76842093],
        [0.21694446, 0.59326755],
        [0.32888457, 0.85398126],
        [0.38534186, 0.6857371 ]],

       [[0.5       , 0.        ],
        [0.36671894, 0.22386365],
        [0.25      , 0.        ],
        [0.16878791, 0.18519744]],

       [[0.15453763, 0.36210185],
        [0.16878791, 0.18519744],
        [0.30641017, 0.41891218],
        [0.36671894, 0.22386365]],

       [[0.21694446, 0.59326755],
        [0.        , 0.5       ],
        [0.30641017, 0.41891218],
        [0.15453763, 0.36210185]],

       [[0.        , 0.5       ],
        [0.        , 0.25      ],
        [0.15453763, 0.36210185],
        [0.16878791, 0.18519744]],

       [[0.        , 0.5       ],
        [0.21694446, 0.59326755],
        [0.        , 0.75      ],
        [0.17602583, 0.76842093]],

       [[0.        , 1.        ],
        [0.        , 0.75      ],
        [0.25      , 1.        ],
        [0.17602583, 0.76842093]]]),
                         'tri': array([[[0.32888457, 0.85398126],
        [0.25      , 1.        ],
        [0.17602583, 0.76842093]],

       [[0.        , 0.        ],
        [0.16878791, 0.18519744],
        [0.        , 0.25      ]],

       [[0.16878791, 0.18519744],
        [0.        , 0.        ],
        [0.25      , 0.        ]]])},
                'spts_curved': {'quad': array([False, False, False, False, False, False, False, False]),
                                'tri': array([False, False, False])},
                'spts_nodes': {'quad': array([[22, 31, 34, 24],
       [33, 34, 25, 24],
       [ 6, 21,  5, 17],
       [20, 17, 22, 21],
       [34,  2, 22, 20],
       [ 2,  3, 20, 17],
       [ 2, 34,  1, 33],
       [ 0,  1, 15, 33]]),
                               'tri': array([[25, 15, 33],
       [ 4, 17,  3],
       [17,  4,  5]])}},
        strict_geometry=True)
[Rank 1] Base totals  →  elems=30 conn-rows=112
[Rank 1] SubMesh(etypes=['quad', 'tri'],
        eidxs_base={'quad': array([ 6,  7, 11, 20,  5,  8,  9, 13]),
                    'tri': array([0, 4, 6])},
        eidxs={'quad': array([ 6,  7, 11, 20,  5,  8,  9, 13]),
               'tri': array([0, 4, 6])},
        conn=array([[ 0,  0,  0,  0,  0,  3,  1],
       [ 0,  0,  1,  1,  1, 13,  2],
       [ 0,  0,  2,  1,  1,  7,  3],
       [ 0,  4,  0,  1,  0,  6,  0],
       [ 0,  4,  1,  1,  1,  8,  1],
       [ 0,  4,  2, -1, -1, -1,  1],
       [ 0,  6,  0,  1,  0,  4,  0],
       [ 0,  6,  1, -1, -1, -1,  0],
       [ 0,  6,  2,  1,  1, 11,  2],
       [ 1,  5,  0,  1,  1,  9,  0],
       [ 1,  5,  1,  1,  1,  8,  3],
       [ 1,  5,  2,  1,  1, 20,  3],
       [ 1,  5,  3,  1,  1,  6,  3],
       [ 1,  6,  0,  2,  1,  2,  3],
       [ 1,  6,  1,  0,  1, 14,  0],
       [ 1,  6,  2,  1,  1,  7,  1],
       [ 1,  6,  3,  1,  1,  5,  3],
       [ 1,  7,  0,  1,  1,  9,  1],
       [ 1,  7,  1,  1,  1,  6,  2],
       [ 1,  7,  2,  0,  1, 18,  3],
       [ 1,  7,  3,  1,  0,  0,  2],
       [ 1,  8,  0, -1, -1, -1,  1],
       [ 1,  8,  1,  1,  0,  4,  1],
       [ 1,  8,  2,  1,  1, 20,  0],
       [ 1,  8,  3,  1,  1,  5,  1],
       [ 1,  9,  0,  1,  1,  5,  0],
       [ 1,  9,  1,  1,  1,  7,  0],
       [ 1,  9,  2,  1,  1, 13,  1],
       [ 1,  9,  3, -1, -1, -1,  1],
       [ 1, 11,  0,  2,  1, 17,  3],
       [ 1, 11,  1,  1,  1, 20,  1],
       [ 1, 11,  2,  1,  0,  6,  2],
       [ 1, 11,  3, -1, -1, -1,  0],
       [ 1, 13,  0, -1, -1, -1,  1],
       [ 1, 13,  1,  1,  1,  9,  2],
       [ 1, 13,  2,  1,  0,  0,  1],
       [ 1, 13,  3, -1, -1, -1,  3],
       [ 1, 20,  0,  1,  1,  8,  2],
       [ 1, 20,  1,  1,  1, 11,  1],
       [ 1, 20,  2,  2,  1,  2,  0],
       [ 1, 20,  3,  1,  1,  5,  2]]),
        arrays={'spts': {'quad': array([[[0.30641017, 0.41891218],
        [0.49592129, 0.49379152],
        [0.21694446, 0.59326755],
        [0.38534186, 0.6857371 ]],

       [[0.17602583, 0.76842093],
        [0.21694446, 0.59326755],
        [0.32888457, 0.85398126],
        [0.38534186, 0.6857371 ]],

       [[0.5       , 0.        ],
        [0.36671894, 0.22386365],
        [0.25      , 0.        ],
        [0.16878791, 0.18519744]],

       [[0.15453763, 0.36210185],
        [0.16878791, 0.18519744],
        [0.30641017, 0.41891218],
        [0.36671894, 0.22386365]],

       [[0.21694446, 0.59326755],
        [0.        , 0.5       ],
        [0.30641017, 0.41891218],
        [0.15453763, 0.36210185]],

       [[0.        , 0.5       ],
        [0.        , 0.25      ],
        [0.15453763, 0.36210185],
        [0.16878791, 0.18519744]],

       [[0.        , 0.5       ],
        [0.21694446, 0.59326755],
        [0.        , 0.75      ],
        [0.17602583, 0.76842093]],

       [[0.        , 1.        ],
        [0.        , 0.75      ],
        [0.25      , 1.        ],
        [0.17602583, 0.76842093]]]),
                         'tri': array([[[0.32888457, 0.85398126],
        [0.25      , 1.        ],
        [0.17602583, 0.76842093]],

       [[0.        , 0.        ],
        [0.16878791, 0.18519744],
        [0.        , 0.25      ]],

       [[0.16878791, 0.18519744],
        [0.        , 0.        ],
        [0.25      , 0.        ]]])},
                'spts_curved': {'quad': array([False, False, False, False, False, False, False, False]),
                                'tri': array([False, False, False])},
                'spts_nodes': {'quad': array([[22, 31, 34, 24],
       [33, 34, 25, 24],
       [ 6, 21,  5, 17],
       [20, 17, 22, 21],
       [34,  2, 22, 20],
       [ 2,  3, 20, 17],
       [ 2, 34,  1, 33],
       [ 0,  1, 15, 33]]),
                               'tri': array([[25, 15, 33],
       [ 4, 17,  3],
       [17,  4,  5]])}},
        strict_geometry=True)
[Rank 1] SubMesh(etypes=['quad', 'tri'],
        eidxs_base={'quad': array([ 6,  7, 11, 20,  5,  8,  9, 13]),
                    'tri': array([0, 4, 6])},
        eidxs={'quad': array([ 2,  5,  6,  7,  8,  9, 11, 13, 17, 20]),
               'tri': array([0, 4, 6])},
        conn=array([[ 0,  0,  0,  0,  0,  3,  1],
       [ 0,  0,  1,  1,  1, 13,  2],
       [ 0,  0,  2,  1,  1,  7,  3],
       [ 0,  4,  0,  1,  0,  6,  0],
       [ 0,  4,  1,  1,  1,  8,  1],
       [ 0,  4,  2, -1, -1, -1,  1],
       [ 0,  6,  0,  1,  0,  4,  0],
       [ 0,  6,  1, -1, -1, -1,  0],
       [ 0,  6,  2,  1,  1, 11,  2],
       [ 1,  5,  0,  1,  1,  9,  0],
       [ 1,  5,  1,  1,  1,  8,  3],
       [ 1,  5,  2,  1,  1, 20,  3],
       [ 1,  5,  3,  1,  1,  6,  3],
       [ 1,  6,  0,  1,  1,  2,  3],
       [ 1,  6,  1,  0,  1, 14,  0],
       [ 1,  6,  2,  1,  1,  7,  1],
       [ 1,  6,  3,  1,  1,  5,  3],
       [ 1,  7,  0,  1,  1,  9,  1],
       [ 1,  7,  1,  1,  1,  6,  2],
       [ 1,  7,  2,  0,  1, 18,  3],
       [ 1,  7,  3,  1,  0,  0,  2],
       [ 1,  8,  0, -1, -1, -1,  1],
       [ 1,  8,  1,  1,  0,  4,  1],
       [ 1,  8,  2,  1,  1, 20,  0],
       [ 1,  8,  3,  1,  1,  5,  1],
       [ 1,  9,  0,  1,  1,  5,  0],
       [ 1,  9,  1,  1,  1,  7,  0],
       [ 1,  9,  2,  1,  1, 13,  1],
       [ 1,  9,  3, -1, -1, -1,  1],
       [ 1, 11,  0,  1,  1, 17,  3],
       [ 1, 11,  1,  1,  1, 20,  1],
       [ 1, 11,  2,  1,  0,  6,  2],
       [ 1, 11,  3, -1, -1, -1,  0],
       [ 1, 13,  0, -1, -1, -1,  1],
       [ 1, 13,  1,  1,  1,  9,  2],
       [ 1, 13,  2,  1,  0,  0,  1],
       [ 1, 13,  3, -1, -1, -1,  3],
       [ 1, 20,  0,  1,  1,  8,  2],
       [ 1, 20,  1,  1,  1, 11,  1],
       [ 1, 20,  2,  1,  1,  2,  0],
       [ 1, 20,  3,  1,  1,  5,  2],
       [ 1,  2,  0,  1,  1, 20,  2],
       [ 1,  2,  1,  1,  1, 17,  2],
       [ 1,  2,  2,  2,  1,  1,  2],
       [ 1,  2,  3,  1,  1,  6,  0],
       [ 1, 17,  0,  2,  1, 16,  0],
       [ 1, 17,  1,  2,  1,  1,  3],
       [ 1, 17,  2,  1,  1,  2,  1],
       [ 1, 17,  3,  1,  1, 11,  0]]),
        arrays={'spts': {'quad': array([[[0.30641017, 0.41891218],
        [0.49592129, 0.49379152],
        [0.21694446, 0.59326755],
        [0.38534186, 0.6857371 ]],

       [[0.17602583, 0.76842093],
        [0.21694446, 0.59326755],
        [0.32888457, 0.85398126],
        [0.38534186, 0.6857371 ]],

       [[0.5       , 0.        ],
        [0.36671894, 0.22386365],
        [0.25      , 0.        ],
        [0.16878791, 0.18519744]],

       [[0.15453763, 0.36210185],
        [0.16878791, 0.18519744],
        [0.30641017, 0.41891218],
        [0.36671894, 0.22386365]],

       [[0.21694446, 0.59326755],
        [0.        , 0.5       ],
        [0.30641017, 0.41891218],
        [0.15453763, 0.36210185]],

       [[0.        , 0.5       ],
        [0.        , 0.25      ],
        [0.15453763, 0.36210185],
        [0.16878791, 0.18519744]],

       [[0.        , 0.5       ],
        [0.21694446, 0.59326755],
        [0.        , 0.75      ],
        [0.17602583, 0.76842093]],

       [[0.        , 1.        ],
        [0.        , 0.75      ],
        [0.25      , 1.        ],
        [0.17602583, 0.76842093]]]),
                         'tri': array([[[0.32888457, 0.85398126],
        [0.25      , 1.        ],
        [0.17602583, 0.76842093]],

       [[0.        , 0.        ],
        [0.16878791, 0.18519744],
        [0.        , 0.25      ]],

       [[0.16878791, 0.18519744],
        [0.        , 0.        ],
        [0.25      , 0.        ]]])},
                'spts_curved': {'quad': array([False, False, False, False, False, False, False, False]),
                                'tri': array([False, False, False])},
                'spts_nodes': {'quad': array([[22, 31, 34, 24],
       [33, 34, 25, 24],
       [ 6, 21,  5, 17],
       [20, 17, 22, 21],
       [34,  2, 22, 20],
       [ 2,  3, 20, 17],
       [ 2, 34,  1, 33],
       [ 0,  1, 15, 33]]),
                               'tri': array([[25, 15, 33],
       [ 4, 17,  3],
       [17,  4,  5]])}},
        strict_geometry=True)
[Rank 1] SubMesh(etypes=['quad', 'tri'],
        eidxs_base={'quad': array([ 6,  7, 11, 20,  5,  8,  9, 13]),
                    'tri': array([0, 4, 6])},
        eidxs={'quad': array([ 1,  2,  5,  6,  7,  8,  9, 11, 13, 16, 17, 20]),
               'tri': array([0, 4, 6])},
        conn=array([[ 0,  0,  0,  0,  0,  3,  1],
       [ 0,  0,  1,  1,  1, 13,  2],
       [ 0,  0,  2,  1,  1,  7,  3],
       [ 0,  4,  0,  1,  0,  6,  0],
       [ 0,  4,  1,  1,  1,  8,  1],
       [ 0,  4,  2, -1, -1, -1,  1],
       [ 0,  6,  0,  1,  0,  4,  0],
       [ 0,  6,  1, -1, -1, -1,  0],
       [ 0,  6,  2,  1,  1, 11,  2],
       [ 1,  5,  0,  1,  1,  9,  0],
       [ 1,  5,  1,  1,  1,  8,  3],
       [ 1,  5,  2,  1,  1, 20,  3],
       [ 1,  5,  3,  1,  1,  6,  3],
       [ 1,  6,  0,  1,  1,  2,  3],
       [ 1,  6,  1,  0,  1, 14,  0],
       [ 1,  6,  2,  1,  1,  7,  1],
       [ 1,  6,  3,  1,  1,  5,  3],
       [ 1,  7,  0,  1,  1,  9,  1],
       [ 1,  7,  1,  1,  1,  6,  2],
       [ 1,  7,  2,  0,  1, 18,  3],
       [ 1,  7,  3,  1,  0,  0,  2],
       [ 1,  8,  0, -1, -1, -1,  1],
       [ 1,  8,  1,  1,  0,  4,  1],
       [ 1,  8,  2,  1,  1, 20,  0],
       [ 1,  8,  3,  1,  1,  5,  1],
       [ 1,  9,  0,  1,  1,  5,  0],
       [ 1,  9,  1,  1,  1,  7,  0],
       [ 1,  9,  2,  1,  1, 13,  1],
       [ 1,  9,  3, -1, -1, -1,  1],
       [ 1, 11,  0,  1,  1, 17,  3],
       [ 1, 11,  1,  1,  1, 20,  1],
       [ 1, 11,  2,  1,  0,  6,  2],
       [ 1, 11,  3, -1, -1, -1,  0],
       [ 1, 13,  0, -1, -1, -1,  1],
       [ 1, 13,  1,  1,  1,  9,  2],
       [ 1, 13,  2,  1,  0,  0,  1],
       [ 1, 13,  3, -1, -1, -1,  3],
       [ 1, 20,  0,  1,  1,  8,  2],
       [ 1, 20,  1,  1,  1, 11,  1],
       [ 1, 20,  2,  1,  1,  2,  0],
       [ 1, 20,  3,  1,  1,  5,  2],
       [ 1,  2,  0,  1,  1, 20,  2],
       [ 1,  2,  1,  1,  1, 17,  2],
       [ 1,  2,  2,  1,  1,  1,  2],
       [ 1,  2,  3,  1,  1,  6,  0],
       [ 1, 17,  0,  1,  1, 16,  0],
       [ 1, 17,  1,  1,  1,  1,  3],
       [ 1, 17,  2,  1,  1,  2,  1],
       [ 1, 17,  3,  1,  1, 11,  0],
       [ 1,  1,  0,  2,  1,  3,  3],
       [ 1,  1,  1,  0,  1, 12,  1],
       [ 1,  1,  2,  1,  1,  2,  2],
       [ 1,  1,  3,  1,  1, 17,  1],
       [ 1, 16,  0,  1,  1, 17,  0],
       [ 1, 16,  1, -1, -1, -1,  0],
       [ 1, 16,  2,  2,  0,  2,  0],
       [ 1, 16,  3,  2,  1,  3,  0]]),
        arrays={'spts': {'quad': array([[[0.30641017, 0.41891218],
        [0.49592129, 0.49379152],
        [0.21694446, 0.59326755],
        [0.38534186, 0.6857371 ]],

       [[0.17602583, 0.76842093],
        [0.21694446, 0.59326755],
        [0.32888457, 0.85398126],
        [0.38534186, 0.6857371 ]],

       [[0.5       , 0.        ],
        [0.36671894, 0.22386365],
        [0.25      , 0.        ],
        [0.16878791, 0.18519744]],

       [[0.15453763, 0.36210185],
        [0.16878791, 0.18519744],
        [0.30641017, 0.41891218],
        [0.36671894, 0.22386365]],

       [[0.21694446, 0.59326755],
        [0.        , 0.5       ],
        [0.30641017, 0.41891218],
        [0.15453763, 0.36210185]],

       [[0.        , 0.5       ],
        [0.        , 0.25      ],
        [0.15453763, 0.36210185],
        [0.16878791, 0.18519744]],

       [[0.        , 0.5       ],
        [0.21694446, 0.59326755],
        [0.        , 0.75      ],
        [0.17602583, 0.76842093]],

       [[0.        , 1.        ],
        [0.        , 0.75      ],
        [0.25      , 1.        ],
        [0.17602583, 0.76842093]]]),
                         'tri': array([[[0.32888457, 0.85398126],
        [0.25      , 1.        ],
        [0.17602583, 0.76842093]],

       [[0.        , 0.        ],
        [0.16878791, 0.18519744],
        [0.        , 0.25      ]],

       [[0.16878791, 0.18519744],
        [0.        , 0.        ],
        [0.25      , 0.        ]]])},
                'spts_curved': {'quad': array([False, False, False, False, False, False, False, False]),
                                'tri': array([False, False, False])},
                'spts_nodes': {'quad': array([[22, 31, 34, 24],
       [33, 34, 25, 24],
       [ 6, 21,  5, 17],
       [20, 17, 22, 21],
       [34,  2, 22, 20],
       [ 2,  3, 20, 17],
       [ 2, 34,  1, 33],
       [ 0,  1, 15, 33]]),
                               'tri': array([[25, 15, 33],
       [ 4, 17,  3],
       [17,  4,  5]])}},
        strict_geometry=True)
[Rank 1] Base totals  →  elems=30 conn-rows=112
[Rank 1] SubMesh(etypes=['quad', 'tri'],
        eidxs_base={'quad': array([ 6,  7, 11, 20,  5,  8,  9, 13]),
                    'tri': array([0, 4, 6])},
        eidxs={'quad': array([ 6,  7, 11, 20,  5,  8,  9, 13]),
               'tri': array([0, 4, 6])},
        conn=array([[ 0,  0,  0,  0,  0,  3,  1],
       [ 0,  0,  1,  1,  1, 13,  2],
       [ 0,  0,  2,  1,  1,  7,  3],
       [ 0,  4,  0,  1,  0,  6,  0],
       [ 0,  4,  1,  1,  1,  8,  1],
       [ 0,  4,  2, -1, -1, -1,  1],
       [ 0,  6,  0,  1,  0,  4,  0],
       [ 0,  6,  1, -1, -1, -1,  0],
       [ 0,  6,  2,  1,  1, 11,  2],
       [ 1,  5,  0,  1,  1,  9,  0],
       [ 1,  5,  1,  1,  1,  8,  3],
       [ 1,  5,  2,  1,  1, 20,  3],
       [ 1,  5,  3,  1,  1,  6,  3],
       [ 1,  6,  0,  2,  1,  2,  3],
       [ 1,  6,  1,  0,  1, 14,  0],
       [ 1,  6,  2,  1,  1,  7,  1],
       [ 1,  6,  3,  1,  1,  5,  3],
       [ 1,  7,  0,  1,  1,  9,  1],
       [ 1,  7,  1,  1,  1,  6,  2],
       [ 1,  7,  2,  0,  1, 18,  3],
       [ 1,  7,  3,  1,  0,  0,  2],
       [ 1,  8,  0, -1, -1, -1,  1],
       [ 1,  8,  1,  1,  0,  4,  1],
       [ 1,  8,  2,  1,  1, 20,  0],
       [ 1,  8,  3,  1,  1,  5,  1],
       [ 1,  9,  0,  1,  1,  5,  0],
       [ 1,  9,  1,  1,  1,  7,  0],
       [ 1,  9,  2,  1,  1, 13,  1],
       [ 1,  9,  3, -1, -1, -1,  1],
       [ 1, 11,  0,  2,  1, 17,  3],
       [ 1, 11,  1,  1,  1, 20,  1],
       [ 1, 11,  2,  1,  0,  6,  2],
       [ 1, 11,  3, -1, -1, -1,  0],
       [ 1, 13,  0, -1, -1, -1,  1],
       [ 1, 13,  1,  1,  1,  9,  2],
       [ 1, 13,  2,  1,  0,  0,  1],
       [ 1, 13,  3, -1, -1, -1,  3],
       [ 1, 20,  0,  1,  1,  8,  2],
       [ 1, 20,  1,  1,  1, 11,  1],
       [ 1, 20,  2,  2,  1,  2,  0],
       [ 1, 20,  3,  1,  1,  5,  2]]),
        arrays={'spts': {'quad': array([[[0.30641017, 0.41891218],
        [0.49592129, 0.49379152],
        [0.21694446, 0.59326755],
        [0.38534186, 0.6857371 ]],

       [[0.17602583, 0.76842093],
        [0.21694446, 0.59326755],
        [0.32888457, 0.85398126],
        [0.38534186, 0.6857371 ]],

       [[0.5       , 0.        ],
        [0.36671894, 0.22386365],
        [0.25      , 0.        ],
        [0.16878791, 0.18519744]],

       [[0.15453763, 0.36210185],
        [0.16878791, 0.18519744],
        [0.30641017, 0.41891218],
        [0.36671894, 0.22386365]],

       [[0.21694446, 0.59326755],
        [0.        , 0.5       ],
        [0.30641017, 0.41891218],
        [0.15453763, 0.36210185]],

       [[0.        , 0.5       ],
        [0.        , 0.25      ],
        [0.15453763, 0.36210185],
        [0.16878791, 0.18519744]],

       [[0.        , 0.5       ],
        [0.21694446, 0.59326755],
        [0.        , 0.75      ],
        [0.17602583, 0.76842093]],

       [[0.        , 1.        ],
        [0.        , 0.75      ],
        [0.25      , 1.        ],
        [0.17602583, 0.76842093]]]),
                         'tri': array([[[0.32888457, 0.85398126],
        [0.25      , 1.        ],
        [0.17602583, 0.76842093]],

       [[0.        , 0.        ],
        [0.16878791, 0.18519744],
        [0.        , 0.25      ]],

       [[0.16878791, 0.18519744],
        [0.        , 0.        ],
        [0.25      , 0.        ]]])},
                'spts_curved': {'quad': array([False, False, False, False, False, False, False, False]),
                                'tri': array([False, False, False])},
                'spts_nodes': {'quad': array([[22, 31, 34, 24],
       [33, 34, 25, 24],
       [ 6, 21,  5, 17],
       [20, 17, 22, 21],
       [34,  2, 22, 20],
       [ 2,  3, 20, 17],
       [ 2, 34,  1, 33],
       [ 0,  1, 15, 33]]),
                               'tri': array([[25, 15, 33],
       [ 4, 17,  3],
       [17,  4,  5]])}},
        strict_geometry=True)
[Rank 1] SubMesh(etypes=['quad', 'tri'],
        eidxs_base={'quad': array([ 6,  7, 11, 20,  5,  8,  9, 13]),
                    'tri': array([0, 4, 6])},
        eidxs={'quad': array([ 2,  5,  6,  7,  8,  9, 11, 13, 17, 20]),
               'tri': array([0, 4, 6])},
        conn=array([[ 0,  0,  0,  0,  0,  3,  1],
       [ 0,  0,  1,  1,  1, 13,  2],
       [ 0,  0,  2,  1,  1,  7,  3],
       [ 0,  4,  0,  1,  0,  6,  0],
       [ 0,  4,  1,  1,  1,  8,  1],
       [ 0,  4,  2, -1, -1, -1,  1],
       [ 0,  6,  0,  1,  0,  4,  0],
       [ 0,  6,  1, -1, -1, -1,  0],
       [ 0,  6,  2,  1,  1, 11,  2],
       [ 1,  5,  0,  1,  1,  9,  0],
       [ 1,  5,  1,  1,  1,  8,  3],
       [ 1,  5,  2,  1,  1, 20,  3],
       [ 1,  5,  3,  1,  1,  6,  3],
       [ 1,  6,  0,  1,  1,  2,  3],
       [ 1,  6,  1,  0,  1, 14,  0],
       [ 1,  6,  2,  1,  1,  7,  1],
       [ 1,  6,  3,  1,  1,  5,  3],
       [ 1,  7,  0,  1,  1,  9,  1],
       [ 1,  7,  1,  1,  1,  6,  2],
       [ 1,  7,  2,  0,  1, 18,  3],
       [ 1,  7,  3,  1,  0,  0,  2],
       [ 1,  8,  0, -1, -1, -1,  1],
       [ 1,  8,  1,  1,  0,  4,  1],
       [ 1,  8,  2,  1,  1, 20,  0],
       [ 1,  8,  3,  1,  1,  5,  1],
       [ 1,  9,  0,  1,  1,  5,  0],
       [ 1,  9,  1,  1,  1,  7,  0],
       [ 1,  9,  2,  1,  1, 13,  1],
       [ 1,  9,  3, -1, -1, -1,  1],
       [ 1, 11,  0,  1,  1, 17,  3],
       [ 1, 11,  1,  1,  1, 20,  1],
       [ 1, 11,  2,  1,  0,  6,  2],
       [ 1, 11,  3, -1, -1, -1,  0],
       [ 1, 13,  0, -1, -1, -1,  1],
       [ 1, 13,  1,  1,  1,  9,  2],
       [ 1, 13,  2,  1,  0,  0,  1],
       [ 1, 13,  3, -1, -1, -1,  3],
       [ 1, 20,  0,  1,  1,  8,  2],
       [ 1, 20,  1,  1,  1, 11,  1],
       [ 1, 20,  2,  1,  1,  2,  0],
       [ 1, 20,  3,  1,  1,  5,  2],
       [ 1,  2,  0,  1,  1, 20,  2],
       [ 1,  2,  1,  1,  1, 17,  2],
       [ 1,  2,  2,  2,  1,  1,  2],
       [ 1,  2,  3,  1,  1,  6,  0],
       [ 1, 17,  0,  2,  1, 16,  0],
       [ 1, 17,  1,  2,  1,  1,  3],
       [ 1, 17,  2,  1,  1,  2,  1],
       [ 1, 17,  3,  1,  1, 11,  0]]),
        arrays={'spts': {'quad': array([[[0.30641017, 0.41891218],
        [0.49592129, 0.49379152],
        [0.21694446, 0.59326755],
        [0.38534186, 0.6857371 ]],

       [[0.17602583, 0.76842093],
        [0.21694446, 0.59326755],
        [0.32888457, 0.85398126],
        [0.38534186, 0.6857371 ]],

       [[0.5       , 0.        ],
        [0.36671894, 0.22386365],
        [0.25      , 0.        ],
        [0.16878791, 0.18519744]],

       [[0.15453763, 0.36210185],
        [0.16878791, 0.18519744],
        [0.30641017, 0.41891218],
        [0.36671894, 0.22386365]],

       [[0.21694446, 0.59326755],
        [0.        , 0.5       ],
        [0.30641017, 0.41891218],
        [0.15453763, 0.36210185]],

       [[0.        , 0.5       ],
        [0.        , 0.25      ],
        [0.15453763, 0.36210185],
        [0.16878791, 0.18519744]],

       [[0.        , 0.5       ],
        [0.21694446, 0.59326755],
        [0.        , 0.75      ],
        [0.17602583, 0.76842093]],

       [[0.        , 1.        ],
        [0.        , 0.75      ],
        [0.25      , 1.        ],
        [0.17602583, 0.76842093]]]),
                         'tri': array([[[0.32888457, 0.85398126],
        [0.25      , 1.        ],
        [0.17602583, 0.76842093]],

       [[0.        , 0.        ],
        [0.16878791, 0.18519744],
        [0.        , 0.25      ]],

       [[0.16878791, 0.18519744],
        [0.        , 0.        ],
        [0.25      , 0.        ]]])},
                'spts_curved': {'quad': array([False, False, False, False, False, False, False, False]),
                                'tri': array([False, False, False])},
                'spts_nodes': {'quad': array([[22, 31, 34, 24],
       [33, 34, 25, 24],
       [ 6, 21,  5, 17],
       [20, 17, 22, 21],
       [34,  2, 22, 20],
       [ 2,  3, 20, 17],
       [ 2, 34,  1, 33],
       [ 0,  1, 15, 33]]),
                               'tri': array([[25, 15, 33],
       [ 4, 17,  3],
       [17,  4,  5]])}},
        strict_geometry=True)
[Rank 1] SubMesh(etypes=['quad', 'tri'],
        eidxs_base={'quad': array([ 6,  7, 11, 20,  5,  8,  9, 13]),
                    'tri': array([0, 4, 6])},
        eidxs={'quad': array([ 1,  2,  5,  6,  7,  8,  9, 11, 13, 16, 17, 20]),
               'tri': array([0, 4, 6])},
        conn=array([[ 0,  0,  0,  0,  0,  3,  1],
       [ 0,  0,  1,  1,  1, 13,  2],
       [ 0,  0,  2,  1,  1,  7,  3],
       [ 0,  4,  0,  1,  0,  6,  0],
       [ 0,  4,  1,  1,  1,  8,  1],
       [ 0,  4,  2, -1, -1, -1,  1],
       [ 0,  6,  0,  1,  0,  4,  0],
       [ 0,  6,  1, -1, -1, -1,  0],
       [ 0,  6,  2,  1,  1, 11,  2],
       [ 1,  5,  0,  1,  1,  9,  0],
       [ 1,  5,  1,  1,  1,  8,  3],
       [ 1,  5,  2,  1,  1, 20,  3],
       [ 1,  5,  3,  1,  1,  6,  3],
       [ 1,  6,  0,  1,  1,  2,  3],
       [ 1,  6,  1,  0,  1, 14,  0],
       [ 1,  6,  2,  1,  1,  7,  1],
       [ 1,  6,  3,  1,  1,  5,  3],
       [ 1,  7,  0,  1,  1,  9,  1],
       [ 1,  7,  1,  1,  1,  6,  2],
       [ 1,  7,  2,  0,  1, 18,  3],
       [ 1,  7,  3,  1,  0,  0,  2],
       [ 1,  8,  0, -1, -1, -1,  1],
       [ 1,  8,  1,  1,  0,  4,  1],
       [ 1,  8,  2,  1,  1, 20,  0],
       [ 1,  8,  3,  1,  1,  5,  1],
       [ 1,  9,  0,  1,  1,  5,  0],
       [ 1,  9,  1,  1,  1,  7,  0],
       [ 1,  9,  2,  1,  1, 13,  1],
       [ 1,  9,  3, -1, -1, -1,  1],
       [ 1, 11,  0,  1,  1, 17,  3],
       [ 1, 11,  1,  1,  1, 20,  1],
       [ 1, 11,  2,  1,  0,  6,  2],
       [ 1, 11,  3, -1, -1, -1,  0],
       [ 1, 13,  0, -1, -1, -1,  1],
       [ 1, 13,  1,  1,  1,  9,  2],
       [ 1, 13,  2,  1,  0,  0,  1],
       [ 1, 13,  3, -1, -1, -1,  3],
       [ 1, 20,  0,  1,  1,  8,  2],
       [ 1, 20,  1,  1,  1, 11,  1],
       [ 1, 20,  2,  1,  1,  2,  0],
       [ 1, 20,  3,  1,  1,  5,  2],
       [ 1,  2,  0,  1,  1, 20,  2],
       [ 1,  2,  1,  1,  1, 17,  2],
       [ 1,  2,  2,  1,  1,  1,  2],
       [ 1,  2,  3,  1,  1,  6,  0],
       [ 1, 17,  0,  1,  1, 16,  0],
       [ 1, 17,  1,  1,  1,  1,  3],
       [ 1, 17,  2,  1,  1,  2,  1],
       [ 1, 17,  3,  1,  1, 11,  0],
       [ 1,  1,  0,  2,  1,  3,  3],
       [ 1,  1,  1,  0,  1, 12,  1],
       [ 1,  1,  2,  1,  1,  2,  2],
       [ 1,  1,  3,  1,  1, 17,  1],
       [ 1, 16,  0,  1,  1, 17,  0],
       [ 1, 16,  1, -1, -1, -1,  0],
       [ 1, 16,  2,  2,  0,  2,  0],
       [ 1, 16,  3,  2,  1,  3,  0]]),
        arrays={'spts': {'quad': array([[[0.30641017, 0.41891218],
        [0.49592129, 0.49379152],
        [0.21694446, 0.59326755],
        [0.38534186, 0.6857371 ]],

       [[0.17602583, 0.76842093],
        [0.21694446, 0.59326755],
        [0.32888457, 0.85398126],
        [0.38534186, 0.6857371 ]],

       [[0.5       , 0.        ],
        [0.36671894, 0.22386365],
        [0.25      , 0.        ],
        [0.16878791, 0.18519744]],

       [[0.15453763, 0.36210185],
        [0.16878791, 0.18519744],
        [0.30641017, 0.41891218],
        [0.36671894, 0.22386365]],

       [[0.21694446, 0.59326755],
        [0.        , 0.5       ],
        [0.30641017, 0.41891218],
        [0.15453763, 0.36210185]],

       [[0.        , 0.5       ],
        [0.        , 0.25      ],
        [0.15453763, 0.36210185],
        [0.16878791, 0.18519744]],

       [[0.        , 0.5       ],
        [0.21694446, 0.59326755],
        [0.        , 0.75      ],
        [0.17602583, 0.76842093]],

       [[0.        , 1.        ],
        [0.        , 0.75      ],
        [0.25      , 1.        ],
        [0.17602583, 0.76842093]]]),
                         'tri': array([[[0.32888457, 0.85398126],
        [0.25      , 1.        ],
        [0.17602583, 0.76842093]],

       [[0.        , 0.        ],
        [0.16878791, 0.18519744],
        [0.        , 0.25      ]],

       [[0.16878791, 0.18519744],
        [0.        , 0.        ],
        [0.25      , 0.        ]]])},
                'spts_curved': {'quad': array([False, False, False, False, False, False, False, False]),
                                'tri': array([False, False, False])},
                'spts_nodes': {'quad': array([[22, 31, 34, 24],
       [33, 34, 25, 24],
       [ 6, 21,  5, 17],
       [20, 17, 22, 21],
       [34,  2, 22, 20],
       [ 2,  3, 20, 17],
       [ 2, 34,  1, 33],
       [ 0,  1, 15, 33]]),
                               'tri': array([[25, 15, 33],
       [ 4, 17,  3],
       [17,  4,  5]])}},
        strict_geometry=True)
[Rank 1] Base totals  →  elems=30 conn-rows=112
[Rank 1] SubMesh(etypes=['quad', 'tri'],
        eidxs_base={'quad': array([ 6,  7, 11, 20,  5,  8,  9, 13]),
                    'tri': array([0, 4, 6])},
        eidxs={'quad': array([ 6,  7, 11, 20,  5,  8,  9, 13]),
               'tri': array([0, 4, 6])},
        conn=array([[ 0,  0,  0,  0,  0,  3,  1],
       [ 0,  0,  1,  1,  1, 13,  2],
       [ 0,  0,  2,  1,  1,  7,  3],
       [ 0,  4,  0,  1,  0,  6,  0],
       [ 0,  4,  1,  1,  1,  8,  1],
       [ 0,  4,  2, -1, -1, -1,  1],
       [ 0,  6,  0,  1,  0,  4,  0],
       [ 0,  6,  1, -1, -1, -1,  0],
       [ 0,  6,  2,  1,  1, 11,  2],
       [ 1,  5,  0,  1,  1,  9,  0],
       [ 1,  5,  1,  1,  1,  8,  3],
       [ 1,  5,  2,  1,  1, 20,  3],
       [ 1,  5,  3,  1,  1,  6,  3],
       [ 1,  6,  0,  2,  1,  2,  3],
       [ 1,  6,  1,  0,  1, 14,  0],
       [ 1,  6,  2,  1,  1,  7,  1],
       [ 1,  6,  3,  1,  1,  5,  3],
       [ 1,  7,  0,  1,  1,  9,  1],
       [ 1,  7,  1,  1,  1,  6,  2],
       [ 1,  7,  2,  0,  1, 18,  3],
       [ 1,  7,  3,  1,  0,  0,  2],
       [ 1,  8,  0, -1, -1, -1,  1],
       [ 1,  8,  1,  1,  0,  4,  1],
       [ 1,  8,  2,  1,  1, 20,  0],
       [ 1,  8,  3,  1,  1,  5,  1],
       [ 1,  9,  0,  1,  1,  5,  0],
       [ 1,  9,  1,  1,  1,  7,  0],
       [ 1,  9,  2,  1,  1, 13,  1],
       [ 1,  9,  3, -1, -1, -1,  1],
       [ 1, 11,  0,  2,  1, 17,  3],
       [ 1, 11,  1,  1,  1, 20,  1],
       [ 1, 11,  2,  1,  0,  6,  2],
       [ 1, 11,  3, -1, -1, -1,  0],
       [ 1, 13,  0, -1, -1, -1,  1],
       [ 1, 13,  1,  1,  1,  9,  2],
       [ 1, 13,  2,  1,  0,  0,  1],
       [ 1, 13,  3, -1, -1, -1,  3],
       [ 1, 20,  0,  1,  1,  8,  2],
       [ 1, 20,  1,  1,  1, 11,  1],
       [ 1, 20,  2,  2,  1,  2,  0],
       [ 1, 20,  3,  1,  1,  5,  2]]),
        arrays={'spts': {'quad': array([[[0.30641017, 0.41891218],
        [0.49592129, 0.49379152],
        [0.21694446, 0.59326755],
        [0.38534186, 0.6857371 ]],

       [[0.17602583, 0.76842093],
        [0.21694446, 0.59326755],
        [0.32888457, 0.85398126],
        [0.38534186, 0.6857371 ]],

       [[0.5       , 0.        ],
        [0.36671894, 0.22386365],
        [0.25      , 0.        ],
        [0.16878791, 0.18519744]],

       [[0.15453763, 0.36210185],
        [0.16878791, 0.18519744],
        [0.30641017, 0.41891218],
        [0.36671894, 0.22386365]],

       [[0.21694446, 0.59326755],
        [0.        , 0.5       ],
        [0.30641017, 0.41891218],
        [0.15453763, 0.36210185]],

       [[0.        , 0.5       ],
        [0.        , 0.25      ],
        [0.15453763, 0.36210185],
        [0.16878791, 0.18519744]],

       [[0.        , 0.5       ],
        [0.21694446, 0.59326755],
        [0.        , 0.75      ],
        [0.17602583, 0.76842093]],

       [[0.        , 1.        ],
        [0.        , 0.75      ],
        [0.25      , 1.        ],
        [0.17602583, 0.76842093]]]),
                         'tri': array([[[0.32888457, 0.85398126],
        [0.25      , 1.        ],
        [0.17602583, 0.76842093]],

       [[0.        , 0.        ],
        [0.16878791, 0.18519744],
        [0.        , 0.25      ]],

       [[0.16878791, 0.18519744],
        [0.        , 0.        ],
        [0.25      , 0.        ]]])},
                'spts_curved': {'quad': array([False, False, False, False, False, False, False, False]),
                                'tri': array([False, False, False])},
                'spts_nodes': {'quad': array([[22, 31, 34, 24],
       [33, 34, 25, 24],
       [ 6, 21,  5, 17],
       [20, 17, 22, 21],
       [34,  2, 22, 20],
       [ 2,  3, 20, 17],
       [ 2, 34,  1, 33],
       [ 0,  1, 15, 33]]),
                               'tri': array([[25, 15, 33],
       [ 4, 17,  3],
       [17,  4,  5]])}},
        strict_geometry=True)
[Rank 1] Base totals  →  elems=30 conn-rows=112
[Rank 1] SubMesh(etypes=['quad', 'tri'],
        eidxs_base={'quad': array([ 6,  7, 11, 20,  5,  8,  9, 13]),
                    'tri': array([0, 4, 6])},
        eidxs={'quad': array([ 6,  7, 11, 20,  5,  8,  9, 13]),
               'tri': array([0, 4, 6])},
        conn=array([[ 0,  0,  0,  0,  0,  3,  1],
       [ 0,  0,  1,  1,  1, 13,  2],
       [ 0,  0,  2,  1,  1,  7,  3],
       [ 0,  4,  0,  1,  0,  6,  0],
       [ 0,  4,  1,  1,  1,  8,  1],
       [ 0,  4,  2, -1, -1, -1,  1],
       [ 0,  6,  0,  1,  0,  4,  0],
       [ 0,  6,  1, -1, -1, -1,  0],
       [ 0,  6,  2,  1,  1, 11,  2],
       [ 1,  5,  0,  1,  1,  9,  0],
       [ 1,  5,  1,  1,  1,  8,  3],
       [ 1,  5,  2,  1,  1, 20,  3],
       [ 1,  5,  3,  1,  1,  6,  3],
       [ 1,  6,  0,  2,  1,  2,  3],
       [ 1,  6,  1,  0,  1, 14,  0],
       [ 1,  6,  2,  1,  1,  7,  1],
       [ 1,  6,  3,  1,  1,  5,  3],
       [ 1,  7,  0,  1,  1,  9,  1],
       [ 1,  7,  1,  1,  1,  6,  2],
       [ 1,  7,  2,  0,  1, 18,  3],
       [ 1,  7,  3,  1,  0,  0,  2],
       [ 1,  8,  0, -1, -1, -1,  1],
       [ 1,  8,  1,  1,  0,  4,  1],
       [ 1,  8,  2,  1,  1, 20,  0],
       [ 1,  8,  3,  1,  1,  5,  1],
       [ 1,  9,  0,  1,  1,  5,  0],
       [ 1,  9,  1,  1,  1,  7,  0],
       [ 1,  9,  2,  1,  1, 13,  1],
       [ 1,  9,  3, -1, -1, -1,  1],
       [ 1, 11,  0,  2,  1, 17,  3],
       [ 1, 11,  1,  1,  1, 20,  1],
       [ 1, 11,  2,  1,  0,  6,  2],
       [ 1, 11,  3, -1, -1, -1,  0],
       [ 1, 13,  0, -1, -1, -1,  1],
       [ 1, 13,  1,  1,  1,  9,  2],
       [ 1, 13,  2,  1,  0,  0,  1],
       [ 1, 13,  3, -1, -1, -1,  3],
       [ 1, 20,  0,  1,  1,  8,  2],
       [ 1, 20,  1,  1,  1, 11,  1],
       [ 1, 20,  2,  2,  1,  2,  0],
       [ 1, 20,  3,  1,  1,  5,  2]]),
        arrays={'spts': {'quad': array([[[0.30641017, 0.41891218],
        [0.49592129, 0.49379152],
        [0.21694446, 0.59326755],
        [0.38534186, 0.6857371 ]],

       [[0.17602583, 0.76842093],
        [0.21694446, 0.59326755],
        [0.32888457, 0.85398126],
        [0.38534186, 0.6857371 ]],

       [[0.5       , 0.        ],
        [0.36671894, 0.22386365],
        [0.25      , 0.        ],
        [0.16878791, 0.18519744]],

       [[0.15453763, 0.36210185],
        [0.16878791, 0.18519744],
        [0.30641017, 0.41891218],
        [0.36671894, 0.22386365]],

       [[0.21694446, 0.59326755],
        [0.        , 0.5       ],
        [0.30641017, 0.41891218],
        [0.15453763, 0.36210185]],

       [[0.        , 0.5       ],
        [0.        , 0.25      ],
        [0.15453763, 0.36210185],
        [0.16878791, 0.18519744]],

       [[0.        , 0.5       ],
        [0.21694446, 0.59326755],
        [0.        , 0.75      ],
        [0.17602583, 0.76842093]],

       [[0.        , 1.        ],
        [0.        , 0.75      ],
        [0.25      , 1.        ],
        [0.17602583, 0.76842093]]]),
                         'tri': array([[[0.32888457, 0.85398126],
        [0.25      , 1.        ],
        [0.17602583, 0.76842093]],

       [[0.        , 0.        ],
        [0.16878791, 0.18519744],
        [0.        , 0.25      ]],

       [[0.16878791, 0.18519744],
        [0.        , 0.        ],
        [0.25      , 0.        ]]])},
                'spts_curved': {'quad': array([False, False, False, False, False, False, False, False]),
                                'tri': array([False, False, False])},
                'spts_nodes': {'quad': array([[22, 31, 34, 24],
       [33, 34, 25, 24],
       [ 6, 21,  5, 17],
       [20, 17, 22, 21],
       [34,  2, 22, 20],
       [ 2,  3, 20, 17],
       [ 2, 34,  1, 33],
       [ 0,  1, 15, 33]]),
                               'tri': array([[25, 15, 33],
       [ 4, 17,  3],
       [17,  4,  5]])}},
        strict_geometry=True)
[Rank 1] SubMesh(etypes=['quad', 'tri'],
        eidxs_base={'quad': array([ 6,  7, 11, 20,  5,  8,  9, 13]),
                    'tri': array([0, 4, 6])},
        eidxs={'quad': array([ 2,  5,  6,  7,  8,  9, 11, 13, 17, 20]),
               'tri': array([0, 4, 6])},
        conn=array([[ 0,  0,  0,  0,  0,  3,  1],
       [ 0,  0,  1,  1,  1, 13,  2],
       [ 0,  0,  2,  1,  1,  7,  3],
       [ 0,  4,  0,  1,  0,  6,  0],
       [ 0,  4,  1,  1,  1,  8,  1],
       [ 0,  4,  2, -1, -1, -1,  1],
       [ 0,  6,  0,  1,  0,  4,  0],
       [ 0,  6,  1, -1, -1, -1,  0],
       [ 0,  6,  2,  1,  1, 11,  2],
       [ 1,  5,  0,  1,  1,  9,  0],
       [ 1,  5,  1,  1,  1,  8,  3],
       [ 1,  5,  2,  1,  1, 20,  3],
       [ 1,  5,  3,  1,  1,  6,  3],
       [ 1,  6,  0,  1,  1,  2,  3],
       [ 1,  6,  1,  0,  1, 14,  0],
       [ 1,  6,  2,  1,  1,  7,  1],
       [ 1,  6,  3,  1,  1,  5,  3],
       [ 1,  7,  0,  1,  1,  9,  1],
       [ 1,  7,  1,  1,  1,  6,  2],
       [ 1,  7,  2,  0,  1, 18,  3],
       [ 1,  7,  3,  1,  0,  0,  2],
       [ 1,  8,  0, -1, -1, -1,  1],
       [ 1,  8,  1,  1,  0,  4,  1],
       [ 1,  8,  2,  1,  1, 20,  0],
       [ 1,  8,  3,  1,  1,  5,  1],
       [ 1,  9,  0,  1,  1,  5,  0],
       [ 1,  9,  1,  1,  1,  7,  0],
       [ 1,  9,  2,  1,  1, 13,  1],
       [ 1,  9,  3, -1, -1, -1,  1],
       [ 1, 11,  0,  1,  1, 17,  3],
       [ 1, 11,  1,  1,  1, 20,  1],
       [ 1, 11,  2,  1,  0,  6,  2],
       [ 1, 11,  3, -1, -1, -1,  0],
       [ 1, 13,  0, -1, -1, -1,  1],
       [ 1, 13,  1,  1,  1,  9,  2],
       [ 1, 13,  2,  1,  0,  0,  1],
       [ 1, 13,  3, -1, -1, -1,  3],
       [ 1, 20,  0,  1,  1,  8,  2],
       [ 1, 20,  1,  1,  1, 11,  1],
       [ 1, 20,  2,  1,  1,  2,  0],
       [ 1, 20,  3,  1,  1,  5,  2],
       [ 1,  2,  0,  1,  1, 20,  2],
       [ 1,  2,  1,  1,  1, 17,  2],
       [ 1,  2,  2,  2,  1,  1,  2],
       [ 1,  2,  3,  1,  1,  6,  0],
       [ 1, 17,  0,  2,  1, 16,  0],
       [ 1, 17,  1,  2,  1,  1,  3],
       [ 1, 17,  2,  1,  1,  2,  1],
       [ 1, 17,  3,  1,  1, 11,  0]]),
        arrays={'spts': {'quad': array([[[0.30641017, 0.41891218],
        [0.49592129, 0.49379152],
        [0.21694446, 0.59326755],
        [0.38534186, 0.6857371 ]],

       [[0.17602583, 0.76842093],
        [0.21694446, 0.59326755],
        [0.32888457, 0.85398126],
        [0.38534186, 0.6857371 ]],

       [[0.5       , 0.        ],
        [0.36671894, 0.22386365],
        [0.25      , 0.        ],
        [0.16878791, 0.18519744]],

       [[0.15453763, 0.36210185],
        [0.16878791, 0.18519744],
        [0.30641017, 0.41891218],
        [0.36671894, 0.22386365]],

       [[0.21694446, 0.59326755],
        [0.        , 0.5       ],
        [0.30641017, 0.41891218],
        [0.15453763, 0.36210185]],

       [[0.        , 0.5       ],
        [0.        , 0.25      ],
        [0.15453763, 0.36210185],
        [0.16878791, 0.18519744]],

       [[0.        , 0.5       ],
        [0.21694446, 0.59326755],
        [0.        , 0.75      ],
        [0.17602583, 0.76842093]],

       [[0.        , 1.        ],
        [0.        , 0.75      ],
        [0.25      , 1.        ],
        [0.17602583, 0.76842093]]]),
                         'tri': array([[[0.32888457, 0.85398126],
        [0.25      , 1.        ],
        [0.17602583, 0.76842093]],

       [[0.        , 0.        ],
        [0.16878791, 0.18519744],
        [0.        , 0.25      ]],

       [[0.16878791, 0.18519744],
        [0.        , 0.        ],
        [0.25      , 0.        ]]])},
                'spts_curved': {'quad': array([False, False, False, False, False, False, False, False]),
                                'tri': array([False, False, False])},
                'spts_nodes': {'quad': array([[22, 31, 34, 24],
       [33, 34, 25, 24],
       [ 6, 21,  5, 17],
       [20, 17, 22, 21],
       [34,  2, 22, 20],
       [ 2,  3, 20, 17],
       [ 2, 34,  1, 33],
       [ 0,  1, 15, 33]]),
                               'tri': array([[25, 15, 33],
       [ 4, 17,  3],
       [17,  4,  5]])}},
        strict_geometry=True)
[Rank 1] SubMesh(etypes=['quad', 'tri'],
        eidxs_base={'quad': array([ 6,  7, 11, 20,  5,  8,  9, 13]),
                    'tri': array([0, 4, 6])},
        eidxs={'quad': array([ 1,  2,  5,  6,  7,  8,  9, 11, 13, 16, 17, 20]),
               'tri': array([0, 4, 6])},
        conn=array([[ 0,  0,  0,  0,  0,  3,  1],
       [ 0,  0,  1,  1,  1, 13,  2],
       [ 0,  0,  2,  1,  1,  7,  3],
       [ 0,  4,  0,  1,  0,  6,  0],
       [ 0,  4,  1,  1,  1,  8,  1],
       [ 0,  4,  2, -1, -1, -1,  1],
       [ 0,  6,  0,  1,  0,  4,  0],
       [ 0,  6,  1, -1, -1, -1,  0],
       [ 0,  6,  2,  1,  1, 11,  2],
       [ 1,  5,  0,  1,  1,  9,  0],
       [ 1,  5,  1,  1,  1,  8,  3],
       [ 1,  5,  2,  1,  1, 20,  3],
       [ 1,  5,  3,  1,  1,  6,  3],
       [ 1,  6,  0,  1,  1,  2,  3],
       [ 1,  6,  1,  0,  1, 14,  0],
       [ 1,  6,  2,  1,  1,  7,  1],
       [ 1,  6,  3,  1,  1,  5,  3],
       [ 1,  7,  0,  1,  1,  9,  1],
       [ 1,  7,  1,  1,  1,  6,  2],
       [ 1,  7,  2,  0,  1, 18,  3],
       [ 1,  7,  3,  1,  0,  0,  2],
       [ 1,  8,  0, -1, -1, -1,  1],
       [ 1,  8,  1,  1,  0,  4,  1],
       [ 1,  8,  2,  1,  1, 20,  0],
       [ 1,  8,  3,  1,  1,  5,  1],
       [ 1,  9,  0,  1,  1,  5,  0],
       [ 1,  9,  1,  1,  1,  7,  0],
       [ 1,  9,  2,  1,  1, 13,  1],
       [ 1,  9,  3, -1, -1, -1,  1],
       [ 1, 11,  0,  1,  1, 17,  3],
       [ 1, 11,  1,  1,  1, 20,  1],
       [ 1, 11,  2,  1,  0,  6,  2],
       [ 1, 11,  3, -1, -1, -1,  0],
       [ 1, 13,  0, -1, -1, -1,  1],
       [ 1, 13,  1,  1,  1,  9,  2],
       [ 1, 13,  2,  1,  0,  0,  1],
       [ 1, 13,  3, -1, -1, -1,  3],
       [ 1, 20,  0,  1,  1,  8,  2],
       [ 1, 20,  1,  1,  1, 11,  1],
       [ 1, 20,  2,  1,  1,  2,  0],
       [ 1, 20,  3,  1,  1,  5,  2],
       [ 1,  2,  0,  1,  1, 20,  2],
       [ 1,  2,  1,  1,  1, 17,  2],
       [ 1,  2,  2,  1,  1,  1,  2],
       [ 1,  2,  3,  1,  1,  6,  0],
       [ 1, 17,  0,  1,  1, 16,  0],
       [ 1, 17,  1,  1,  1,  1,  3],
       [ 1, 17,  2,  1,  1,  2,  1],
       [ 1, 17,  3,  1,  1, 11,  0],
       [ 1,  1,  0,  2,  1,  3,  3],
       [ 1,  1,  1,  0,  1, 12,  1],
       [ 1,  1,  2,  1,  1,  2,  2],
       [ 1,  1,  3,  1,  1, 17,  1],
       [ 1, 16,  0,  1,  1, 17,  0],
       [ 1, 16,  1, -1, -1, -1,  0],
       [ 1, 16,  2,  2,  0,  2,  0],
       [ 1, 16,  3,  2,  1,  3,  0]]),
        arrays={'spts': {'quad': array([[[0.30641017, 0.41891218],
        [0.49592129, 0.49379152],
        [0.21694446, 0.59326755],
        [0.38534186, 0.6857371 ]],

       [[0.17602583, 0.76842093],
        [0.21694446, 0.59326755],
        [0.32888457, 0.85398126],
        [0.38534186, 0.6857371 ]],

       [[0.5       , 0.        ],
        [0.36671894, 0.22386365],
        [0.25      , 0.        ],
        [0.16878791, 0.18519744]],

       [[0.15453763, 0.36210185],
        [0.16878791, 0.18519744],
        [0.30641017, 0.41891218],
        [0.36671894, 0.22386365]],

       [[0.21694446, 0.59326755],
        [0.        , 0.5       ],
        [0.30641017, 0.41891218],
        [0.15453763, 0.36210185]],

       [[0.        , 0.5       ],
        [0.        , 0.25      ],
        [0.15453763, 0.36210185],
        [0.16878791, 0.18519744]],

       [[0.        , 0.5       ],
        [0.21694446, 0.59326755],
        [0.        , 0.75      ],
        [0.17602583, 0.76842093]],

       [[0.        , 1.        ],
        [0.        , 0.75      ],
        [0.25      , 1.        ],
        [0.17602583, 0.76842093]]]),
                         'tri': array([[[0.32888457, 0.85398126],
        [0.25      , 1.        ],
        [0.17602583, 0.76842093]],

       [[0.        , 0.        ],
        [0.16878791, 0.18519744],
        [0.        , 0.25      ]],

       [[0.16878791, 0.18519744],
        [0.        , 0.        ],
        [0.25      , 0.        ]]])},
                'spts_curved': {'quad': array([False, False, False, False, False, False, False, False]),
                                'tri': array([False, False, False])},
                'spts_nodes': {'quad': array([[22, 31, 34, 24],
       [33, 34, 25, 24],
       [ 6, 21,  5, 17],
       [20, 17, 22, 21],
       [34,  2, 22, 20],
       [ 2,  3, 20, 17],
       [ 2, 34,  1, 33],
       [ 0,  1, 15, 33]]),
                               'tri': array([[25, 15, 33],
       [ 4, 17,  3],
       [17,  4,  5]])}},
        strict_geometry=True)
[Rank 1] Base totals  →  elems=30 conn-rows=112
[Rank 1] SubMesh(etypes=['quad', 'tri'],
        eidxs_base={'quad': array([ 6,  7, 11, 20,  5,  8,  9, 13]),
                    'tri': array([0, 4, 6])},
        eidxs={'quad': array([ 6,  7, 11, 20,  5,  8,  9, 13]),
               'tri': array([0, 4, 6])},
        conn=array([[ 0,  0,  0,  0,  0,  3,  1],
       [ 0,  0,  1,  1,  1, 13,  2],
       [ 0,  0,  2,  1,  1,  7,  3],
       [ 0,  4,  0,  1,  0,  6,  0],
       [ 0,  4,  1,  1,  1,  8,  1],
       [ 0,  4,  2, -1, -1, -1,  1],
       [ 0,  6,  0,  1,  0,  4,  0],
       [ 0,  6,  1, -1, -1, -1,  0],
       [ 0,  6,  2,  1,  1, 11,  2],
       [ 1,  5,  0,  1,  1,  9,  0],
       [ 1,  5,  1,  1,  1,  8,  3],
       [ 1,  5,  2,  1,  1, 20,  3],
       [ 1,  5,  3,  1,  1,  6,  3],
       [ 1,  6,  0,  2,  1,  2,  3],
       [ 1,  6,  1,  0,  1, 14,  0],
       [ 1,  6,  2,  1,  1,  7,  1],
       [ 1,  6,  3,  1,  1,  5,  3],
       [ 1,  7,  0,  1,  1,  9,  1],
       [ 1,  7,  1,  1,  1,  6,  2],
       [ 1,  7,  2,  0,  1, 18,  3],
       [ 1,  7,  3,  1,  0,  0,  2],
       [ 1,  8,  0, -1, -1, -1,  1],
       [ 1,  8,  1,  1,  0,  4,  1],
       [ 1,  8,  2,  1,  1, 20,  0],
       [ 1,  8,  3,  1,  1,  5,  1],
       [ 1,  9,  0,  1,  1,  5,  0],
       [ 1,  9,  1,  1,  1,  7,  0],
       [ 1,  9,  2,  1,  1, 13,  1],
       [ 1,  9,  3, -1, -1, -1,  1],
       [ 1, 11,  0,  2,  1, 17,  3],
       [ 1, 11,  1,  1,  1, 20,  1],
       [ 1, 11,  2,  1,  0,  6,  2],
       [ 1, 11,  3, -1, -1, -1,  0],
       [ 1, 13,  0, -1, -1, -1,  1],
       [ 1, 13,  1,  1,  1,  9,  2],
       [ 1, 13,  2,  1,  0,  0,  1],
       [ 1, 13,  3, -1, -1, -1,  3],
       [ 1, 20,  0,  1,  1,  8,  2],
       [ 1, 20,  1,  1,  1, 11,  1],
       [ 1, 20,  2,  2,  1,  2,  0],
       [ 1, 20,  3,  1,  1,  5,  2]]),
        arrays={'spts': {'quad': array([[[0.30641017, 0.41891218],
        [0.49592129, 0.49379152],
        [0.21694446, 0.59326755],
        [0.38534186, 0.6857371 ]],

       [[0.17602583, 0.76842093],
        [0.21694446, 0.59326755],
        [0.32888457, 0.85398126],
        [0.38534186, 0.6857371 ]],

       [[0.5       , 0.        ],
        [0.36671894, 0.22386365],
        [0.25      , 0.        ],
        [0.16878791, 0.18519744]],

       [[0.15453763, 0.36210185],
        [0.16878791, 0.18519744],
        [0.30641017, 0.41891218],
        [0.36671894, 0.22386365]],

       [[0.21694446, 0.59326755],
        [0.        , 0.5       ],
        [0.30641017, 0.41891218],
        [0.15453763, 0.36210185]],

       [[0.        , 0.5       ],
        [0.        , 0.25      ],
        [0.15453763, 0.36210185],
        [0.16878791, 0.18519744]],

       [[0.        , 0.5       ],
        [0.21694446, 0.59326755],
        [0.        , 0.75      ],
        [0.17602583, 0.76842093]],

       [[0.        , 1.        ],
        [0.        , 0.75      ],
        [0.25      , 1.        ],
        [0.17602583, 0.76842093]]]),
                         'tri': array([[[0.32888457, 0.85398126],
        [0.25      , 1.        ],
        [0.17602583, 0.76842093]],

       [[0.        , 0.        ],
        [0.16878791, 0.18519744],
        [0.        , 0.25      ]],

       [[0.16878791, 0.18519744],
        [0.        , 0.        ],
        [0.25      , 0.        ]]])},
                'spts_curved': {'quad': array([False, False, False, False, False, False, False, False]),
                                'tri': array([False, False, False])},
                'spts_nodes': {'quad': array([[22, 31, 34, 24],
       [33, 34, 25, 24],
       [ 6, 21,  5, 17],
       [20, 17, 22, 21],
       [34,  2, 22, 20],
       [ 2,  3, 20, 17],
       [ 2, 34,  1, 33],
       [ 0,  1, 15, 33]]),
                               'tri': array([[25, 15, 33],
       [ 4, 17,  3],
       [17,  4,  5]])}})
[Rank 1] Base totals  →  elems=30 conn-rows=112
[Rank 1] SubMesh(etypes=['quad', 'tri'],
        eidxs_base={'quad': array([ 6,  7, 11, 20,  5,  8,  9, 13]),
                    'tri': array([0, 4, 6])},
        eidxs={'quad': array([ 6,  7, 11, 20,  5,  8,  9, 13]),
               'tri': array([0, 4, 6])},
        conn=array([[ 0,  0,  0,  0,  0,  3,  1],
       [ 0,  0,  1,  1,  1, 13,  2],
       [ 0,  0,  2,  1,  1,  7,  3],
       [ 0,  4,  0,  1,  0,  6,  0],
       [ 0,  4,  1,  1,  1,  8,  1],
       [ 0,  4,  2, -1, -1, -1,  1],
       [ 0,  6,  0,  1,  0,  4,  0],
       [ 0,  6,  1, -1, -1, -1,  0],
       [ 0,  6,  2,  1,  1, 11,  2],
       [ 1,  5,  0,  1,  1,  9,  0],
       [ 1,  5,  1,  1,  1,  8,  3],
       [ 1,  5,  2,  1,  1, 20,  3],
       [ 1,  5,  3,  1,  1,  6,  3],
       [ 1,  6,  0,  2,  1,  2,  3],
       [ 1,  6,  1,  0,  1, 14,  0],
       [ 1,  6,  2,  1,  1,  7,  1],
       [ 1,  6,  3,  1,  1,  5,  3],
       [ 1,  7,  0,  1,  1,  9,  1],
       [ 1,  7,  1,  1,  1,  6,  2],
       [ 1,  7,  2,  0,  1, 18,  3],
       [ 1,  7,  3,  1,  0,  0,  2],
       [ 1,  8,  0, -1, -1, -1,  1],
       [ 1,  8,  1,  1,  0,  4,  1],
       [ 1,  8,  2,  1,  1, 20,  0],
       [ 1,  8,  3,  1,  1,  5,  1],
       [ 1,  9,  0,  1,  1,  5,  0],
       [ 1,  9,  1,  1,  1,  7,  0],
       [ 1,  9,  2,  1,  1, 13,  1],
       [ 1,  9,  3, -1, -1, -1,  1],
       [ 1, 11,  0,  2,  1, 17,  3],
       [ 1, 11,  1,  1,  1, 20,  1],
       [ 1, 11,  2,  1,  0,  6,  2],
       [ 1, 11,  3, -1, -1, -1,  0],
       [ 1, 13,  0, -1, -1, -1,  1],
       [ 1, 13,  1,  1,  1,  9,  2],
       [ 1, 13,  2,  1,  0,  0,  1],
       [ 1, 13,  3, -1, -1, -1,  3],
       [ 1, 20,  0,  1,  1,  8,  2],
       [ 1, 20,  1,  1,  1, 11,  1],
       [ 1, 20,  2,  2,  1,  2,  0],
       [ 1, 20,  3,  1,  1,  5,  2]]),
        arrays={'spts': {'quad': array([[[0.30641017, 0.41891218],
        [0.49592129, 0.49379152],
        [0.21694446, 0.59326755],
        [0.38534186, 0.6857371 ]],

       [[0.17602583, 0.76842093],
        [0.21694446, 0.59326755],
        [0.32888457, 0.85398126],
        [0.38534186, 0.6857371 ]],

       [[0.5       , 0.        ],
        [0.36671894, 0.22386365],
        [0.25      , 0.        ],
        [0.16878791, 0.18519744]],

       [[0.15453763, 0.36210185],
        [0.16878791, 0.18519744],
        [0.30641017, 0.41891218],
        [0.36671894, 0.22386365]],

       [[0.21694446, 0.59326755],
        [0.        , 0.5       ],
        [0.30641017, 0.41891218],
        [0.15453763, 0.36210185]],

       [[0.        , 0.5       ],
        [0.        , 0.25      ],
        [0.15453763, 0.36210185],
        [0.16878791, 0.18519744]],

       [[0.        , 0.5       ],
        [0.21694446, 0.59326755],
        [0.        , 0.75      ],
        [0.17602583, 0.76842093]],

       [[0.        , 1.        ],
        [0.        , 0.75      ],
        [0.25      , 1.        ],
        [0.17602583, 0.76842093]]]),
                         'tri': array([[[0.32888457, 0.85398126],
        [0.25      , 1.        ],
        [0.17602583, 0.76842093]],

       [[0.        , 0.        ],
        [0.16878791, 0.18519744],
        [0.        , 0.25      ]],

       [[0.16878791, 0.18519744],
        [0.        , 0.        ],
        [0.25      , 0.        ]]])},
                'spts_curved': {'quad': array([False, False, False, False, False, False, False, False]),
                                'tri': array([False, False, False])},
                'spts_nodes': {'quad': array([[22, 31, 34, 24],
       [33, 34, 25, 24],
       [ 6, 21,  5, 17],
       [20, 17, 22, 21],
       [34,  2, 22, 20],
       [ 2,  3, 20, 17],
       [ 2, 34,  1, 33],
       [ 0,  1, 15, 33]]),
                               'tri': array([[25, 15, 33],
       [ 4, 17,  3],
       [17,  4,  5]])}})
[Rank 1] SubMesh(etypes=['quad', 'tri'],
        eidxs_base={'quad': array([ 6,  7, 11, 20,  5,  8,  9, 13]),
                    'tri': array([0, 4, 6])},
        eidxs={'quad': array([ 2,  5,  6,  7,  8,  9, 11, 13, 17, 20]),
               'tri': array([0, 4, 6])},
        conn=array([[ 0,  0,  0,  0,  0,  3,  1],
       [ 0,  0,  1,  1,  1, 13,  2],
       [ 0,  0,  2,  1,  1,  7,  3],
       [ 0,  4,  0,  1,  0,  6,  0],
       [ 0,  4,  1,  1,  1,  8,  1],
       [ 0,  4,  2, -1, -1, -1,  1],
       [ 0,  6,  0,  1,  0,  4,  0],
       [ 0,  6,  1, -1, -1, -1,  0],
       [ 0,  6,  2,  1,  1, 11,  2],
       [ 1,  5,  0,  1,  1,  9,  0],
       [ 1,  5,  1,  1,  1,  8,  3],
       [ 1,  5,  2,  1,  1, 20,  3],
       [ 1,  5,  3,  1,  1,  6,  3],
       [ 1,  6,  0,  1,  1,  2,  3],
       [ 1,  6,  1,  0,  1, 14,  0],
       [ 1,  6,  2,  1,  1,  7,  1],
       [ 1,  6,  3,  1,  1,  5,  3],
       [ 1,  7,  0,  1,  1,  9,  1],
       [ 1,  7,  1,  1,  1,  6,  2],
       [ 1,  7,  2,  0,  1, 18,  3],
       [ 1,  7,  3,  1,  0,  0,  2],
       [ 1,  8,  0, -1, -1, -1,  1],
       [ 1,  8,  1,  1,  0,  4,  1],
       [ 1,  8,  2,  1,  1, 20,  0],
       [ 1,  8,  3,  1,  1,  5,  1],
       [ 1,  9,  0,  1,  1,  5,  0],
       [ 1,  9,  1,  1,  1,  7,  0],
       [ 1,  9,  2,  1,  1, 13,  1],
       [ 1,  9,  3, -1, -1, -1,  1],
       [ 1, 11,  0,  1,  1, 17,  3],
       [ 1, 11,  1,  1,  1, 20,  1],
       [ 1, 11,  2,  1,  0,  6,  2],
       [ 1, 11,  3, -1, -1, -1,  0],
       [ 1, 13,  0, -1, -1, -1,  1],
       [ 1, 13,  1,  1,  1,  9,  2],
       [ 1, 13,  2,  1,  0,  0,  1],
       [ 1, 13,  3, -1, -1, -1,  3],
       [ 1, 20,  0,  1,  1,  8,  2],
       [ 1, 20,  1,  1,  1, 11,  1],
       [ 1, 20,  2,  1,  1,  2,  0],
       [ 1, 20,  3,  1,  1,  5,  2],
       [ 1,  2,  0,  1,  1, 20,  2],
       [ 1,  2,  1,  1,  1, 17,  2],
       [ 1,  2,  2,  2,  1,  1,  2],
       [ 1,  2,  3,  1,  1,  6,  0],
       [ 1, 17,  0,  2,  1, 16,  0],
       [ 1, 17,  1,  2,  1,  1,  3],
       [ 1, 17,  2,  1,  1,  2,  1],
       [ 1, 17,  3,  1,  1, 11,  0]]),
        arrays={'spts': {'quad': array([[[0.30641017, 0.41891218],
        [0.49592129, 0.49379152],
        [0.21694446, 0.59326755],
        [0.38534186, 0.6857371 ]],

       [[0.17602583, 0.76842093],
        [0.21694446, 0.59326755],
        [0.32888457, 0.85398126],
        [0.38534186, 0.6857371 ]],

       [[0.5       , 0.        ],
        [0.36671894, 0.22386365],
        [0.25      , 0.        ],
        [0.16878791, 0.18519744]],

       [[0.15453763, 0.36210185],
        [0.16878791, 0.18519744],
        [0.30641017, 0.41891218],
        [0.36671894, 0.22386365]],

       [[0.21694446, 0.59326755],
        [0.        , 0.5       ],
        [0.30641017, 0.41891218],
        [0.15453763, 0.36210185]],

       [[0.        , 0.5       ],
        [0.        , 0.25      ],
        [0.15453763, 0.36210185],
        [0.16878791, 0.18519744]],

       [[0.        , 0.5       ],
        [0.21694446, 0.59326755],
        [0.        , 0.75      ],
        [0.17602583, 0.76842093]],

       [[0.        , 1.        ],
        [0.        , 0.75      ],
        [0.25      , 1.        ],
        [0.17602583, 0.76842093]]]),
                         'tri': array([[[0.32888457, 0.85398126],
        [0.25      , 1.        ],
        [0.17602583, 0.76842093]],

       [[0.        , 0.        ],
        [0.16878791, 0.18519744],
        [0.        , 0.25      ]],

       [[0.16878791, 0.18519744],
        [0.        , 0.        ],
        [0.25      , 0.        ]]])},
                'spts_curved': {'quad': array([False, False, False, False, False, False, False, False]),
                                'tri': array([False, False, False])},
                'spts_nodes': {'quad': array([[22, 31, 34, 24],
       [33, 34, 25, 24],
       [ 6, 21,  5, 17],
       [20, 17, 22, 21],
       [34,  2, 22, 20],
       [ 2,  3, 20, 17],
       [ 2, 34,  1, 33],
       [ 0,  1, 15, 33]]),
                               'tri': array([[25, 15, 33],
       [ 4, 17,  3],
       [17,  4,  5]])}})
[Rank 1] SubMesh(etypes=['quad', 'tri'],
        eidxs_base={'quad': array([ 6,  7, 11, 20,  5,  8,  9, 13]),
                    'tri': array([0, 4, 6])},
        eidxs={'quad': array([ 1,  2,  5,  6,  7,  8,  9, 11, 13, 16, 17, 20]),
               'tri': array([0, 4, 6])},
        conn=array([[ 0,  0,  0,  0,  0,  3,  1],
       [ 0,  0,  1,  1,  1, 13,  2],
       [ 0,  0,  2,  1,  1,  7,  3],
       [ 0,  4,  0,  1,  0,  6,  0],
       [ 0,  4,  1,  1,  1,  8,  1],
       [ 0,  4,  2, -1, -1, -1,  1],
       [ 0,  6,  0,  1,  0,  4,  0],
       [ 0,  6,  1, -1, -1, -1,  0],
       [ 0,  6,  2,  1,  1, 11,  2],
       [ 1,  5,  0,  1,  1,  9,  0],
       [ 1,  5,  1,  1,  1,  8,  3],
       [ 1,  5,  2,  1,  1, 20,  3],
       [ 1,  5,  3,  1,  1,  6,  3],
       [ 1,  6,  0,  1,  1,  2,  3],
       [ 1,  6,  1,  0,  1, 14,  0],
       [ 1,  6,  2,  1,  1,  7,  1],
       [ 1,  6,  3,  1,  1,  5,  3],
       [ 1,  7,  0,  1,  1,  9,  1],
       [ 1,  7,  1,  1,  1,  6,  2],
       [ 1,  7,  2,  0,  1, 18,  3],
       [ 1,  7,  3,  1,  0,  0,  2],
       [ 1,  8,  0, -1, -1, -1,  1],
       [ 1,  8,  1,  1,  0,  4,  1],
       [ 1,  8,  2,  1,  1, 20,  0],
       [ 1,  8,  3,  1,  1,  5,  1],
       [ 1,  9,  0,  1,  1,  5,  0],
       [ 1,  9,  1,  1,  1,  7,  0],
       [ 1,  9,  2,  1,  1, 13,  1],
       [ 1,  9,  3, -1, -1, -1,  1],
       [ 1, 11,  0,  1,  1, 17,  3],
       [ 1, 11,  1,  1,  1, 20,  1],
       [ 1, 11,  2,  1,  0,  6,  2],
       [ 1, 11,  3, -1, -1, -1,  0],
       [ 1, 13,  0, -1, -1, -1,  1],
       [ 1, 13,  1,  1,  1,  9,  2],
       [ 1, 13,  2,  1,  0,  0,  1],
       [ 1, 13,  3, -1, -1, -1,  3],
       [ 1, 20,  0,  1,  1,  8,  2],
       [ 1, 20,  1,  1,  1, 11,  1],
       [ 1, 20,  2,  1,  1,  2,  0],
       [ 1, 20,  3,  1,  1,  5,  2],
       [ 1,  2,  0,  1,  1, 20,  2],
       [ 1,  2,  1,  1,  1, 17,  2],
       [ 1,  2,  2,  1,  1,  1,  2],
       [ 1,  2,  3,  1,  1,  6,  0],
       [ 1, 17,  0,  1,  1, 16,  0],
       [ 1, 17,  1,  1,  1,  1,  3],
       [ 1, 17,  2,  1,  1,  2,  1],
       [ 1, 17,  3,  1,  1, 11,  0],
       [ 1,  1,  0,  2,  1,  3,  3],
       [ 1,  1,  1,  0,  1, 12,  1],
       [ 1,  1,  2,  1,  1,  2,  2],
       [ 1,  1,  3,  1,  1, 17,  1],
       [ 1, 16,  0,  1,  1, 17,  0],
       [ 1, 16,  1, -1, -1, -1,  0],
       [ 1, 16,  2,  2,  0,  2,  0],
       [ 1, 16,  3,  2,  1,  3,  0]]),
        arrays={'spts': {'quad': array([[[0.30641017, 0.41891218],
        [0.49592129, 0.49379152],
        [0.21694446, 0.59326755],
        [0.38534186, 0.6857371 ]],

       [[0.17602583, 0.76842093],
        [0.21694446, 0.59326755],
        [0.32888457, 0.85398126],
        [0.38534186, 0.6857371 ]],

       [[0.5       , 0.        ],
        [0.36671894, 0.22386365],
        [0.25      , 0.        ],
        [0.16878791, 0.18519744]],

       [[0.15453763, 0.36210185],
        [0.16878791, 0.18519744],
        [0.30641017, 0.41891218],
        [0.36671894, 0.22386365]],

       [[0.21694446, 0.59326755],
        [0.        , 0.5       ],
        [0.30641017, 0.41891218],
        [0.15453763, 0.36210185]],

       [[0.        , 0.5       ],
        [0.        , 0.25      ],
        [0.15453763, 0.36210185],
        [0.16878791, 0.18519744]],

       [[0.        , 0.5       ],
        [0.21694446, 0.59326755],
        [0.        , 0.75      ],
        [0.17602583, 0.76842093]],

       [[0.        , 1.        ],
        [0.        , 0.75      ],
        [0.25      , 1.        ],
        [0.17602583, 0.76842093]]]),
                         'tri': array([[[0.32888457, 0.85398126],
        [0.25      , 1.        ],
        [0.17602583, 0.76842093]],

       [[0.        , 0.        ],
        [0.16878791, 0.18519744],
        [0.        , 0.25      ]],

       [[0.16878791, 0.18519744],
        [0.        , 0.        ],
        [0.25      , 0.        ]]])},
                'spts_curved': {'quad': array([False, False, False, False, False, False, False, False]),
                                'tri': array([False, False, False])},
                'spts_nodes': {'quad': array([[22, 31, 34, 24],
       [33, 34, 25, 24],
       [ 6, 21,  5, 17],
       [20, 17, 22, 21],
       [34,  2, 22, 20],
       [ 2,  3, 20, 17],
       [ 2, 34,  1, 33],
       [ 0,  1, 15, 33]]),
                               'tri': array([[25, 15, 33],
       [ 4, 17,  3],
       [17,  4,  5]])}})
[Rank 1] Base totals  →  elems=30 conn-rows=112
[Rank 1] SubMesh(etypes=['quad', 'tri'],
        eidxs_base={'quad': array([ 6,  7, 11, 20,  5,  8,  9, 13]),
                    'tri': array([0, 4, 6])},
        eidxs={'quad': array([ 6,  7, 11, 20,  5,  8,  9, 13]),
               'tri': array([0, 4, 6])},
        conn=array([[ 0,  0,  0,  0,  0,  3,  1],
       [ 0,  0,  1,  1,  1, 13,  2],
       [ 0,  0,  2,  1,  1,  7,  3],
       [ 0,  4,  0,  1,  0,  6,  0],
       [ 0,  4,  1,  1,  1,  8,  1],
       [ 0,  4,  2, -1, -1, -1,  1],
       [ 0,  6,  0,  1,  0,  4,  0],
       [ 0,  6,  1, -1, -1, -1,  0],
       [ 0,  6,  2,  1,  1, 11,  2],
       [ 1,  5,  0,  1,  1,  9,  0],
       [ 1,  5,  1,  1,  1,  8,  3],
       [ 1,  5,  2,  1,  1, 20,  3],
       [ 1,  5,  3,  1,  1,  6,  3],
       [ 1,  6,  0,  2,  1,  2,  3],
       [ 1,  6,  1,  0,  1, 14,  0],
       [ 1,  6,  2,  1,  1,  7,  1],
       [ 1,  6,  3,  1,  1,  5,  3],
       [ 1,  7,  0,  1,  1,  9,  1],
       [ 1,  7,  1,  1,  1,  6,  2],
       [ 1,  7,  2,  0,  1, 18,  3],
       [ 1,  7,  3,  1,  0,  0,  2],
       [ 1,  8,  0, -1, -1, -1,  1],
       [ 1,  8,  1,  1,  0,  4,  1],
       [ 1,  8,  2,  1,  1, 20,  0],
       [ 1,  8,  3,  1,  1,  5,  1],
       [ 1,  9,  0,  1,  1,  5,  0],
       [ 1,  9,  1,  1,  1,  7,  0],
       [ 1,  9,  2,  1,  1, 13,  1],
       [ 1,  9,  3, -1, -1, -1,  1],
       [ 1, 11,  0,  2,  1, 17,  3],
       [ 1, 11,  1,  1,  1, 20,  1],
       [ 1, 11,  2,  1,  0,  6,  2],
       [ 1, 11,  3, -1, -1, -1,  0],
       [ 1, 13,  0, -1, -1, -1,  1],
       [ 1, 13,  1,  1,  1,  9,  2],
       [ 1, 13,  2,  1,  0,  0,  1],
       [ 1, 13,  3, -1, -1, -1,  3],
       [ 1, 20,  0,  1,  1,  8,  2],
       [ 1, 20,  1,  1,  1, 11,  1],
       [ 1, 20,  2,  2,  1,  2,  0],
       [ 1, 20,  3,  1,  1,  5,  2]]),
        arrays={'spts': {'quad': array([[[0.30641017, 0.41891218],
        [0.49592129, 0.49379152],
        [0.21694446, 0.59326755],
        [0.38534186, 0.6857371 ]],

       [[0.17602583, 0.76842093],
        [0.21694446, 0.59326755],
        [0.32888457, 0.85398126],
        [0.38534186, 0.6857371 ]],

       [[0.5       , 0.        ],
        [0.36671894, 0.22386365],
        [0.25      , 0.        ],
        [0.16878791, 0.18519744]],

       [[0.15453763, 0.36210185],
        [0.16878791, 0.18519744],
        [0.30641017, 0.41891218],
        [0.36671894, 0.22386365]],

       [[0.21694446, 0.59326755],
        [0.        , 0.5       ],
        [0.30641017, 0.41891218],
        [0.15453763, 0.36210185]],

       [[0.        , 0.5       ],
        [0.        , 0.25      ],
        [0.15453763, 0.36210185],
        [0.16878791, 0.18519744]],

       [[0.        , 0.5       ],
        [0.21694446, 0.59326755],
        [0.        , 0.75      ],
        [0.17602583, 0.76842093]],

       [[0.        , 1.        ],
        [0.        , 0.75      ],
        [0.25      , 1.        ],
        [0.17602583, 0.76842093]]]),
                         'tri': array([[[0.32888457, 0.85398126],
        [0.25      , 1.        ],
        [0.17602583, 0.76842093]],

       [[0.        , 0.        ],
        [0.16878791, 0.18519744],
        [0.        , 0.25      ]],

       [[0.16878791, 0.18519744],
        [0.        , 0.        ],
        [0.25      , 0.        ]]])},
                'spts_curved': {'quad': array([False, False, False, False, False, False, False, False]),
                                'tri': array([False, False, False])},
                'spts_nodes': {'quad': array([[22, 31, 34, 24],
       [33, 34, 25, 24],
       [ 6, 21,  5, 17],
       [20, 17, 22, 21],
       [34,  2, 22, 20],
       [ 2,  3, 20, 17],
       [ 2, 34,  1, 33],
       [ 0,  1, 15, 33]]),
                               'tri': array([[25, 15, 33],
       [ 4, 17,  3],
       [17,  4,  5]])}})
[Rank 1] SubMesh(etypes=['quad', 'tri'],
        eidxs_base={'quad': array([ 6,  7, 11, 20,  5,  8,  9, 13]),
                    'tri': array([0, 4, 6])},
        eidxs={'quad': array([ 2,  5,  6,  7,  8,  9, 11, 13, 17, 20]),
               'tri': array([0, 4, 6])},
        conn=array([[ 0,  0,  0,  0,  0,  3,  1],
       [ 0,  0,  1,  1,  1, 13,  2],
       [ 0,  0,  2,  1,  1,  7,  3],
       [ 0,  4,  0,  1,  0,  6,  0],
       [ 0,  4,  1,  1,  1,  8,  1],
       [ 0,  4,  2, -1, -1, -1,  1],
       [ 0,  6,  0,  1,  0,  4,  0],
       [ 0,  6,  1, -1, -1, -1,  0],
       [ 0,  6,  2,  1,  1, 11,  2],
       [ 1,  5,  0,  1,  1,  9,  0],
       [ 1,  5,  1,  1,  1,  8,  3],
       [ 1,  5,  2,  1,  1, 20,  3],
       [ 1,  5,  3,  1,  1,  6,  3],
       [ 1,  6,  0,  1,  1,  2,  3],
       [ 1,  6,  1,  0,  1, 14,  0],
       [ 1,  6,  2,  1,  1,  7,  1],
       [ 1,  6,  3,  1,  1,  5,  3],
       [ 1,  7,  0,  1,  1,  9,  1],
       [ 1,  7,  1,  1,  1,  6,  2],
       [ 1,  7,  2,  0,  1, 18,  3],
       [ 1,  7,  3,  1,  0,  0,  2],
       [ 1,  8,  0, -1, -1, -1,  1],
       [ 1,  8,  1,  1,  0,  4,  1],
       [ 1,  8,  2,  1,  1, 20,  0],
       [ 1,  8,  3,  1,  1,  5,  1],
       [ 1,  9,  0,  1,  1,  5,  0],
       [ 1,  9,  1,  1,  1,  7,  0],
       [ 1,  9,  2,  1,  1, 13,  1],
       [ 1,  9,  3, -1, -1, -1,  1],
       [ 1, 11,  0,  1,  1, 17,  3],
       [ 1, 11,  1,  1,  1, 20,  1],
       [ 1, 11,  2,  1,  0,  6,  2],
       [ 1, 11,  3, -1, -1, -1,  0],
       [ 1, 13,  0, -1, -1, -1,  1],
       [ 1, 13,  1,  1,  1,  9,  2],
       [ 1, 13,  2,  1,  0,  0,  1],
       [ 1, 13,  3, -1, -1, -1,  3],
       [ 1, 20,  0,  1,  1,  8,  2],
       [ 1, 20,  1,  1,  1, 11,  1],
       [ 1, 20,  2,  1,  1,  2,  0],
       [ 1, 20,  3,  1,  1,  5,  2],
       [ 1,  2,  0,  1,  1, 20,  2],
       [ 1,  2,  1,  1,  1, 17,  2],
       [ 1,  2,  2,  2,  1,  1,  2],
       [ 1,  2,  3,  1,  1,  6,  0],
       [ 1, 17,  0,  2,  1, 16,  0],
       [ 1, 17,  1,  2,  1,  1,  3],
       [ 1, 17,  2,  1,  1,  2,  1],
       [ 1, 17,  3,  1,  1, 11,  0]]),
        arrays={'spts': {'quad': array([[[0.30641017, 0.41891218],
        [0.49592129, 0.49379152],
        [0.21694446, 0.59326755],
        [0.38534186, 0.6857371 ]],

       [[0.17602583, 0.76842093],
        [0.21694446, 0.59326755],
        [0.32888457, 0.85398126],
        [0.38534186, 0.6857371 ]],

       [[0.5       , 0.        ],
        [0.36671894, 0.22386365],
        [0.25      , 0.        ],
        [0.16878791, 0.18519744]],

       [[0.15453763, 0.36210185],
        [0.16878791, 0.18519744],
        [0.30641017, 0.41891218],
        [0.36671894, 0.22386365]],

       [[0.21694446, 0.59326755],
        [0.        , 0.5       ],
        [0.30641017, 0.41891218],
        [0.15453763, 0.36210185]],

       [[0.        , 0.5       ],
        [0.        , 0.25      ],
        [0.15453763, 0.36210185],
        [0.16878791, 0.18519744]],

       [[0.        , 0.5       ],
        [0.21694446, 0.59326755],
        [0.        , 0.75      ],
        [0.17602583, 0.76842093]],

       [[0.        , 1.        ],
        [0.        , 0.75      ],
        [0.25      , 1.        ],
        [0.17602583, 0.76842093]]]),
                         'tri': array([[[0.32888457, 0.85398126],
        [0.25      , 1.        ],
        [0.17602583, 0.76842093]],

       [[0.        , 0.        ],
        [0.16878791, 0.18519744],
        [0.        , 0.25      ]],

       [[0.16878791, 0.18519744],
        [0.        , 0.        ],
        [0.25      , 0.        ]]])},
                'spts_curved': {'quad': array([False, False, False, False, False, False, False, False]),
                                'tri': array([False, False, False])},
                'spts_nodes': {'quad': array([[22, 31, 34, 24],
       [33, 34, 25, 24],
       [ 6, 21,  5, 17],
       [20, 17, 22, 21],
       [34,  2, 22, 20],
       [ 2,  3, 20, 17],
       [ 2, 34,  1, 33],
       [ 0,  1, 15, 33]]),
                               'tri': array([[25, 15, 33],
       [ 4, 17,  3],
       [17,  4,  5]])}})
[Rank 1] SubMesh(etypes=['quad', 'tri'],
        eidxs_base={'quad': array([ 6,  7, 11, 20,  5,  8,  9, 13]),
                    'tri': array([0, 4, 6])},
        eidxs={'quad': array([ 1,  2,  5,  6,  7,  8,  9, 11, 13, 16, 17, 20]),
               'tri': array([0, 4, 6])},
        conn=array([[ 0,  0,  0,  0,  0,  3,  1],
       [ 0,  0,  1,  1,  1, 13,  2],
       [ 0,  0,  2,  1,  1,  7,  3],
       [ 0,  4,  0,  1,  0,  6,  0],
       [ 0,  4,  1,  1,  1,  8,  1],
       [ 0,  4,  2, -1, -1, -1,  1],
       [ 0,  6,  0,  1,  0,  4,  0],
       [ 0,  6,  1, -1, -1, -1,  0],
       [ 0,  6,  2,  1,  1, 11,  2],
       [ 1,  5,  0,  1,  1,  9,  0],
       [ 1,  5,  1,  1,  1,  8,  3],
       [ 1,  5,  2,  1,  1, 20,  3],
       [ 1,  5,  3,  1,  1,  6,  3],
       [ 1,  6,  0,  1,  1,  2,  3],
       [ 1,  6,  1,  0,  1, 14,  0],
       [ 1,  6,  2,  1,  1,  7,  1],
       [ 1,  6,  3,  1,  1,  5,  3],
       [ 1,  7,  0,  1,  1,  9,  1],
       [ 1,  7,  1,  1,  1,  6,  2],
       [ 1,  7,  2,  0,  1, 18,  3],
       [ 1,  7,  3,  1,  0,  0,  2],
       [ 1,  8,  0, -1, -1, -1,  1],
       [ 1,  8,  1,  1,  0,  4,  1],
       [ 1,  8,  2,  1,  1, 20,  0],
       [ 1,  8,  3,  1,  1,  5,  1],
       [ 1,  9,  0,  1,  1,  5,  0],
       [ 1,  9,  1,  1,  1,  7,  0],
       [ 1,  9,  2,  1,  1, 13,  1],
       [ 1,  9,  3, -1, -1, -1,  1],
       [ 1, 11,  0,  1,  1, 17,  3],
       [ 1, 11,  1,  1,  1, 20,  1],
       [ 1, 11,  2,  1,  0,  6,  2],
       [ 1, 11,  3, -1, -1, -1,  0],
       [ 1, 13,  0, -1, -1, -1,  1],
       [ 1, 13,  1,  1,  1,  9,  2],
       [ 1, 13,  2,  1,  0,  0,  1],
       [ 1, 13,  3, -1, -1, -1,  3],
       [ 1, 20,  0,  1,  1,  8,  2],
       [ 1, 20,  1,  1,  1, 11,  1],
       [ 1, 20,  2,  1,  1,  2,  0],
       [ 1, 20,  3,  1,  1,  5,  2],
       [ 1,  2,  0,  1,  1, 20,  2],
       [ 1,  2,  1,  1,  1, 17,  2],
       [ 1,  2,  2,  1,  1,  1,  2],
       [ 1,  2,  3,  1,  1,  6,  0],
       [ 1, 17,  0,  1,  1, 16,  0],
       [ 1, 17,  1,  1,  1,  1,  3],
       [ 1, 17,  2,  1,  1,  2,  1],
       [ 1, 17,  3,  1,  1, 11,  0],
       [ 1,  1,  0,  2,  1,  3,  3],
       [ 1,  1,  1,  0,  1, 12,  1],
       [ 1,  1,  2,  1,  1,  2,  2],
       [ 1,  1,  3,  1,  1, 17,  1],
       [ 1, 16,  0,  1,  1, 17,  0],
       [ 1, 16,  1, -1, -1, -1,  0],
       [ 1, 16,  2,  2,  0,  2,  0],
       [ 1, 16,  3,  2,  1,  3,  0]]),
        arrays={'spts': {'quad': array([[[0.30641017, 0.41891218],
        [0.49592129, 0.49379152],
        [0.21694446, 0.59326755],
        [0.38534186, 0.6857371 ]],

       [[0.17602583, 0.76842093],
        [0.21694446, 0.59326755],
        [0.32888457, 0.85398126],
        [0.38534186, 0.6857371 ]],

       [[0.5       , 0.        ],
        [0.36671894, 0.22386365],
        [0.25      , 0.        ],
        [0.16878791, 0.18519744]],

       [[0.15453763, 0.36210185],
        [0.16878791, 0.18519744],
        [0.30641017, 0.41891218],
        [0.36671894, 0.22386365]],

       [[0.21694446, 0.59326755],
        [0.        , 0.5       ],
        [0.30641017, 0.41891218],
        [0.15453763, 0.36210185]],

       [[0.        , 0.5       ],
        [0.        , 0.25      ],
        [0.15453763, 0.36210185],
        [0.16878791, 0.18519744]],

       [[0.        , 0.5       ],
        [0.21694446, 0.59326755],
        [0.        , 0.75      ],
        [0.17602583, 0.76842093]],

       [[0.        , 1.        ],
        [0.        , 0.75      ],
        [0.25      , 1.        ],
        [0.17602583, 0.76842093]]]),
                         'tri': array([[[0.32888457, 0.85398126],
        [0.25      , 1.        ],
        [0.17602583, 0.76842093]],

       [[0.        , 0.        ],
        [0.16878791, 0.18519744],
        [0.        , 0.25      ]],

       [[0.16878791, 0.18519744],
        [0.        , 0.        ],
        [0.25      , 0.        ]]])},
                'spts_curved': {'quad': array([False, False, False, False, False, False, False, False]),
                                'tri': array([False, False, False])},
                'spts_nodes': {'quad': array([[22, 31, 34, 24],
       [33, 34, 25, 24],
       [ 6, 21,  5, 17],
       [20, 17, 22, 21],
       [34,  2, 22, 20],
       [ 2,  3, 20, 17],
       [ 2, 34,  1, 33],
       [ 0,  1, 15, 33]]),
                               'tri': array([[25, 15, 33],
       [ 4, 17,  3],
       [17,  4,  5]])}})
[Rank 1] Base totals  →  elems=30 conn-rows=112
[Rank 1] SubMesh(etypes=['quad', 'tri'],
        eidxs_base={'quad': array([ 6,  7, 11, 20,  5,  8,  9, 13]),
                    'tri': array([0, 4, 6])},
        eidxs={'quad': array([ 6,  7, 11, 20,  5,  8,  9, 13]),
               'tri': array([0, 4, 6])},
        conn=array([[ 0,  0,  0,  0,  0,  3,  1],
       [ 0,  0,  1,  1,  1, 13,  2],
       [ 0,  0,  2,  1,  1,  7,  3],
       [ 0,  4,  0,  1,  0,  6,  0],
       [ 0,  4,  1,  1,  1,  8,  1],
       [ 0,  4,  2, -1, -1, -1,  1],
       [ 0,  6,  0,  1,  0,  4,  0],
       [ 0,  6,  1, -1, -1, -1,  0],
       [ 0,  6,  2,  1,  1, 11,  2],
       [ 1,  5,  0,  1,  1,  9,  0],
       [ 1,  5,  1,  1,  1,  8,  3],
       [ 1,  5,  2,  1,  1, 20,  3],
       [ 1,  5,  3,  1,  1,  6,  3],
       [ 1,  6,  0,  2,  1,  2,  3],
       [ 1,  6,  1,  0,  1, 14,  0],
       [ 1,  6,  2,  1,  1,  7,  1],
       [ 1,  6,  3,  1,  1,  5,  3],
       [ 1,  7,  0,  1,  1,  9,  1],
       [ 1,  7,  1,  1,  1,  6,  2],
       [ 1,  7,  2,  0,  1, 18,  3],
       [ 1,  7,  3,  1,  0,  0,  2],
       [ 1,  8,  0, -1, -1, -1,  1],
       [ 1,  8,  1,  1,  0,  4,  1],
       [ 1,  8,  2,  1,  1, 20,  0],
       [ 1,  8,  3,  1,  1,  5,  1],
       [ 1,  9,  0,  1,  1,  5,  0],
       [ 1,  9,  1,  1,  1,  7,  0],
       [ 1,  9,  2,  1,  1, 13,  1],
       [ 1,  9,  3, -1, -1, -1,  1],
       [ 1, 11,  0,  2,  1, 17,  3],
       [ 1, 11,  1,  1,  1, 20,  1],
       [ 1, 11,  2,  1,  0,  6,  2],
       [ 1, 11,  3, -1, -1, -1,  0],
       [ 1, 13,  0, -1, -1, -1,  1],
       [ 1, 13,  1,  1,  1,  9,  2],
       [ 1, 13,  2,  1,  0,  0,  1],
       [ 1, 13,  3, -1, -1, -1,  3],
       [ 1, 20,  0,  1,  1,  8,  2],
       [ 1, 20,  1,  1,  1, 11,  1],
       [ 1, 20,  2,  2,  1,  2,  0],
       [ 1, 20,  3,  1,  1,  5,  2]]),
        arrays={'spts': {'quad': array([[[0.30641017, 0.41891218],
        [0.49592129, 0.49379152],
        [0.21694446, 0.59326755],
        [0.38534186, 0.6857371 ]],

       [[0.17602583, 0.76842093],
        [0.21694446, 0.59326755],
        [0.32888457, 0.85398126],
        [0.38534186, 0.6857371 ]],

       [[0.5       , 0.        ],
        [0.36671894, 0.22386365],
        [0.25      , 0.        ],
        [0.16878791, 0.18519744]],

       [[0.15453763, 0.36210185],
        [0.16878791, 0.18519744],
        [0.30641017, 0.41891218],
        [0.36671894, 0.22386365]],

       [[0.21694446, 0.59326755],
        [0.        , 0.5       ],
        [0.30641017, 0.41891218],
        [0.15453763, 0.36210185]],

       [[0.        , 0.5       ],
        [0.        , 0.25      ],
        [0.15453763, 0.36210185],
        [0.16878791, 0.18519744]],

       [[0.        , 0.5       ],
        [0.21694446, 0.59326755],
        [0.        , 0.75      ],
        [0.17602583, 0.76842093]],

       [[0.        , 1.        ],
        [0.        , 0.75      ],
        [0.25      , 1.        ],
        [0.17602583, 0.76842093]]]),
                         'tri': array([[[0.32888457, 0.85398126],
        [0.25      , 1.        ],
        [0.17602583, 0.76842093]],

       [[0.        , 0.        ],
        [0.16878791, 0.18519744],
        [0.        , 0.25      ]],

       [[0.16878791, 0.18519744],
        [0.        , 0.        ],
        [0.25      , 0.        ]]])},
                'spts_curved': {'quad': array([False, False, False, False, False, False, False, False]),
                                'tri': array([False, False, False])},
                'spts_nodes': {'quad': array([[22, 31, 34, 24],
       [33, 34, 25, 24],
       [ 6, 21,  5, 17],
       [20, 17, 22, 21],
       [34,  2, 22, 20],
       [ 2,  3, 20, 17],
       [ 2, 34,  1, 33],
       [ 0,  1, 15, 33]]),
                               'tri': array([[25, 15, 33],
       [ 4, 17,  3],
       [17,  4,  5]])}})
[Rank 1] SubMesh(etypes=['quad', 'tri'],
        eidxs_base={'quad': array([ 6,  7, 11, 20,  5,  8,  9, 13]),
                    'tri': array([0, 4, 6])},
        eidxs={'quad': array([ 2,  5,  6,  7,  8,  9, 11, 13, 17, 20]),
               'tri': array([0, 4, 6])},
        conn=array([[ 0,  0,  0,  0,  0,  3,  1],
       [ 0,  0,  1,  1,  1, 13,  2],
       [ 0,  0,  2,  1,  1,  7,  3],
       [ 0,  4,  0,  1,  0,  6,  0],
       [ 0,  4,  1,  1,  1,  8,  1],
       [ 0,  4,  2, -1, -1, -1,  1],
       [ 0,  6,  0,  1,  0,  4,  0],
       [ 0,  6,  1, -1, -1, -1,  0],
       [ 0,  6,  2,  1,  1, 11,  2],
       [ 1,  5,  0,  1,  1,  9,  0],
       [ 1,  5,  1,  1,  1,  8,  3],
       [ 1,  5,  2,  1,  1, 20,  3],
       [ 1,  5,  3,  1,  1,  6,  3],
       [ 1,  6,  0,  1,  1,  2,  3],
       [ 1,  6,  1,  0,  1, 14,  0],
       [ 1,  6,  2,  1,  1,  7,  1],
       [ 1,  6,  3,  1,  1,  5,  3],
       [ 1,  7,  0,  1,  1,  9,  1],
       [ 1,  7,  1,  1,  1,  6,  2],
       [ 1,  7,  2,  0,  1, 18,  3],
       [ 1,  7,  3,  1,  0,  0,  2],
       [ 1,  8,  0, -1, -1, -1,  1],
       [ 1,  8,  1,  1,  0,  4,  1],
       [ 1,  8,  2,  1,  1, 20,  0],
       [ 1,  8,  3,  1,  1,  5,  1],
       [ 1,  9,  0,  1,  1,  5,  0],
       [ 1,  9,  1,  1,  1,  7,  0],
       [ 1,  9,  2,  1,  1, 13,  1],
       [ 1,  9,  3, -1, -1, -1,  1],
       [ 1, 11,  0,  1,  1, 17,  3],
       [ 1, 11,  1,  1,  1, 20,  1],
       [ 1, 11,  2,  1,  0,  6,  2],
       [ 1, 11,  3, -1, -1, -1,  0],
       [ 1, 13,  0, -1, -1, -1,  1],
       [ 1, 13,  1,  1,  1,  9,  2],
       [ 1, 13,  2,  1,  0,  0,  1],
       [ 1, 13,  3, -1, -1, -1,  3],
       [ 1, 20,  0,  1,  1,  8,  2],
       [ 1, 20,  1,  1,  1, 11,  1],
       [ 1, 20,  2,  1,  1,  2,  0],
       [ 1, 20,  3,  1,  1,  5,  2],
       [ 1,  2,  0,  1,  1, 20,  2],
       [ 1,  2,  1,  1,  1, 17,  2],
       [ 1,  2,  2,  2,  1,  1,  2],
       [ 1,  2,  3,  1,  1,  6,  0],
       [ 1, 17,  0,  2,  1, 16,  0],
       [ 1, 17,  1,  2,  1,  1,  3],
       [ 1, 17,  2,  1,  1,  2,  1],
       [ 1, 17,  3,  1,  1, 11,  0]]),
        arrays={'spts': {'quad': array([[[0.30641017, 0.41891218],
        [0.49592129, 0.49379152],
        [0.21694446, 0.59326755],
        [0.38534186, 0.6857371 ]],

       [[0.17602583, 0.76842093],
        [0.21694446, 0.59326755],
        [0.32888457, 0.85398126],
        [0.38534186, 0.6857371 ]],

       [[0.5       , 0.        ],
        [0.36671894, 0.22386365],
        [0.25      , 0.        ],
        [0.16878791, 0.18519744]],

       [[0.15453763, 0.36210185],
        [0.16878791, 0.18519744],
        [0.30641017, 0.41891218],
        [0.36671894, 0.22386365]],

       [[0.21694446, 0.59326755],
        [0.        , 0.5       ],
        [0.30641017, 0.41891218],
        [0.15453763, 0.36210185]],

       [[0.        , 0.5       ],
        [0.        , 0.25      ],
        [0.15453763, 0.36210185],
        [0.16878791, 0.18519744]],

       [[0.        , 0.5       ],
        [0.21694446, 0.59326755],
        [0.        , 0.75      ],
        [0.17602583, 0.76842093]],

       [[0.        , 1.        ],
        [0.        , 0.75      ],
        [0.25      , 1.        ],
        [0.17602583, 0.76842093]]]),
                         'tri': array([[[0.32888457, 0.85398126],
        [0.25      , 1.        ],
        [0.17602583, 0.76842093]],

       [[0.        , 0.        ],
        [0.16878791, 0.18519744],
        [0.        , 0.25      ]],

       [[0.16878791, 0.18519744],
        [0.        , 0.        ],
        [0.25      , 0.        ]]])},
                'spts_curved': {'quad': array([False, False, False, False, False, False, False, False]),
                                'tri': array([False, False, False])},
                'spts_nodes': {'quad': array([[22, 31, 34, 24],
       [33, 34, 25, 24],
       [ 6, 21,  5, 17],
       [20, 17, 22, 21],
       [34,  2, 22, 20],
       [ 2,  3, 20, 17],
       [ 2, 34,  1, 33],
       [ 0,  1, 15, 33]]),
                               'tri': array([[25, 15, 33],
       [ 4, 17,  3],
       [17,  4,  5]])}})
[Rank 1] SubMesh(etypes=['quad', 'tri'],
        eidxs_base={'quad': array([ 6,  7, 11, 20,  5,  8,  9, 13]),
                    'tri': array([0, 4, 6])},
        eidxs={'quad': array([ 1,  2,  5,  6,  7,  8,  9, 11, 13, 16, 17, 20]),
               'tri': array([0, 4, 6])},
        conn=array([[ 0,  0,  0,  0,  0,  3,  1],
       [ 0,  0,  1,  1,  1, 13,  2],
       [ 0,  0,  2,  1,  1,  7,  3],
       [ 0,  4,  0,  1,  0,  6,  0],
       [ 0,  4,  1,  1,  1,  8,  1],
       [ 0,  4,  2, -1, -1, -1,  1],
       [ 0,  6,  0,  1,  0,  4,  0],
       [ 0,  6,  1, -1, -1, -1,  0],
       [ 0,  6,  2,  1,  1, 11,  2],
       [ 1,  5,  0,  1,  1,  9,  0],
       [ 1,  5,  1,  1,  1,  8,  3],
       [ 1,  5,  2,  1,  1, 20,  3],
       [ 1,  5,  3,  1,  1,  6,  3],
       [ 1,  6,  0,  1,  1,  2,  3],
       [ 1,  6,  1,  0,  1, 14,  0],
       [ 1,  6,  2,  1,  1,  7,  1],
       [ 1,  6,  3,  1,  1,  5,  3],
       [ 1,  7,  0,  1,  1,  9,  1],
       [ 1,  7,  1,  1,  1,  6,  2],
       [ 1,  7,  2,  0,  1, 18,  3],
       [ 1,  7,  3,  1,  0,  0,  2],
       [ 1,  8,  0, -1, -1, -1,  1],
       [ 1,  8,  1,  1,  0,  4,  1],
       [ 1,  8,  2,  1,  1, 20,  0],
       [ 1,  8,  3,  1,  1,  5,  1],
       [ 1,  9,  0,  1,  1,  5,  0],
       [ 1,  9,  1,  1,  1,  7,  0],
       [ 1,  9,  2,  1,  1, 13,  1],
       [ 1,  9,  3, -1, -1, -1,  1],
       [ 1, 11,  0,  1,  1, 17,  3],
       [ 1, 11,  1,  1,  1, 20,  1],
       [ 1, 11,  2,  1,  0,  6,  2],
       [ 1, 11,  3, -1, -1, -1,  0],
       [ 1, 13,  0, -1, -1, -1,  1],
       [ 1, 13,  1,  1,  1,  9,  2],
       [ 1, 13,  2,  1,  0,  0,  1],
       [ 1, 13,  3, -1, -1, -1,  3],
       [ 1, 20,  0,  1,  1,  8,  2],
       [ 1, 20,  1,  1,  1, 11,  1],
       [ 1, 20,  2,  1,  1,  2,  0],
       [ 1, 20,  3,  1,  1,  5,  2],
       [ 1,  2,  0,  1,  1, 20,  2],
       [ 1,  2,  1,  1,  1, 17,  2],
       [ 1,  2,  2,  1,  1,  1,  2],
       [ 1,  2,  3,  1,  1,  6,  0],
       [ 1, 17,  0,  1,  1, 16,  0],
       [ 1, 17,  1,  1,  1,  1,  3],
       [ 1, 17,  2,  1,  1,  2,  1],
       [ 1, 17,  3,  1,  1, 11,  0],
       [ 1,  1,  0,  2,  1,  3,  3],
       [ 1,  1,  1,  0,  1, 12,  1],
       [ 1,  1,  2,  1,  1,  2,  2],
       [ 1,  1,  3,  1,  1, 17,  1],
       [ 1, 16,  0,  1,  1, 17,  0],
       [ 1, 16,  1, -1, -1, -1,  0],
       [ 1, 16,  2,  2,  0,  2,  0],
       [ 1, 16,  3,  2,  1,  3,  0]]),
        arrays={'spts': {'quad': array([[[0.30641017, 0.41891218],
        [0.49592129, 0.49379152],
        [0.21694446, 0.59326755],
        [0.38534186, 0.6857371 ]],

       [[0.17602583, 0.76842093],
        [0.21694446, 0.59326755],
        [0.32888457, 0.85398126],
        [0.38534186, 0.6857371 ]],

       [[0.5       , 0.        ],
        [0.36671894, 0.22386365],
        [0.25      , 0.        ],
        [0.16878791, 0.18519744]],

       [[0.15453763, 0.36210185],
        [0.16878791, 0.18519744],
        [0.30641017, 0.41891218],
        [0.36671894, 0.22386365]],

       [[0.21694446, 0.59326755],
        [0.        , 0.5       ],
        [0.30641017, 0.41891218],
        [0.15453763, 0.36210185]],

       [[0.        , 0.5       ],
        [0.        , 0.25      ],
        [0.15453763, 0.36210185],
        [0.16878791, 0.18519744]],

       [[0.        , 0.5       ],
        [0.21694446, 0.59326755],
        [0.        , 0.75      ],
        [0.17602583, 0.76842093]],

       [[0.        , 1.        ],
        [0.        , 0.75      ],
        [0.25      , 1.        ],
        [0.17602583, 0.76842093]]]),
                         'tri': array([[[0.32888457, 0.85398126],
        [0.25      , 1.        ],
        [0.17602583, 0.76842093]],

       [[0.        , 0.        ],
        [0.16878791, 0.18519744],
        [0.        , 0.25      ]],

       [[0.16878791, 0.18519744],
        [0.        , 0.        ],
        [0.25      , 0.        ]]])},
                'spts_curved': {'quad': array([False, False, False, False, False, False, False, False]),
                                'tri': array([False, False, False])},
                'spts_nodes': {'quad': array([[22, 31, 34, 24],
       [33, 34, 25, 24],
       [ 6, 21,  5, 17],
       [20, 17, 22, 21],
       [34,  2, 22, 20],
       [ 2,  3, 20, 17],
       [ 2, 34,  1, 33],
       [ 0,  1, 15, 33]]),
                               'tri': array([[25, 15, 33],
       [ 4, 17,  3],
       [17,  4,  5]])}})
[Rank 1] Base totals  →  elems=30 conn-rows=112
[Rank 1] SubMesh(etypes=['quad', 'tri'],
        eidxs_base={'quad': array([ 6,  7, 11, 20,  5,  8,  9, 13]),
                    'tri': array([0, 4, 6])},
        eidxs={'quad': array([ 6,  7, 11, 20,  5,  8,  9, 13]),
               'tri': array([0, 4, 6])},
        conn=array([[ 0,  0,  0,  0,  0,  3,  1],
       [ 0,  0,  1,  1,  1, 13,  2],
       [ 0,  0,  2,  1,  1,  7,  3],
       [ 0,  4,  0,  1,  0,  6,  0],
       [ 0,  4,  1,  1,  1,  8,  1],
       [ 0,  4,  2, -1, -1, -1,  1],
       [ 0,  6,  0,  1,  0,  4,  0],
       [ 0,  6,  1, -1, -1, -1,  0],
       [ 0,  6,  2,  1,  1, 11,  2],
       [ 1,  5,  0,  1,  1,  9,  0],
       [ 1,  5,  1,  1,  1,  8,  3],
       [ 1,  5,  2,  1,  1, 20,  3],
       [ 1,  5,  3,  1,  1,  6,  3],
       [ 1,  6,  0,  2,  1,  2,  3],
       [ 1,  6,  1,  0,  1, 14,  0],
       [ 1,  6,  2,  1,  1,  7,  1],
       [ 1,  6,  3,  1,  1,  5,  3],
       [ 1,  7,  0,  1,  1,  9,  1],
       [ 1,  7,  1,  1,  1,  6,  2],
       [ 1,  7,  2,  0,  1, 18,  3],
       [ 1,  7,  3,  1,  0,  0,  2],
       [ 1,  8,  0, -1, -1, -1,  1],
       [ 1,  8,  1,  1,  0,  4,  1],
       [ 1,  8,  2,  1,  1, 20,  0],
       [ 1,  8,  3,  1,  1,  5,  1],
       [ 1,  9,  0,  1,  1,  5,  0],
       [ 1,  9,  1,  1,  1,  7,  0],
       [ 1,  9,  2,  1,  1, 13,  1],
       [ 1,  9,  3, -1, -1, -1,  1],
       [ 1, 11,  0,  2,  1, 17,  3],
       [ 1, 11,  1,  1,  1, 20,  1],
       [ 1, 11,  2,  1,  0,  6,  2],
       [ 1, 11,  3, -1, -1, -1,  0],
       [ 1, 13,  0, -1, -1, -1,  1],
       [ 1, 13,  1,  1,  1,  9,  2],
       [ 1, 13,  2,  1,  0,  0,  1],
       [ 1, 13,  3, -1, -1, -1,  3],
       [ 1, 20,  0,  1,  1,  8,  2],
       [ 1, 20,  1,  1,  1, 11,  1],
       [ 1, 20,  2,  2,  1,  2,  0],
       [ 1, 20,  3,  1,  1,  5,  2]]),
        arrays={'spts': {'quad': array([[[0.30641017, 0.41891218],
        [0.49592129, 0.49379152],
        [0.21694446, 0.59326755],
        [0.38534186, 0.6857371 ]],

       [[0.17602583, 0.76842093],
        [0.21694446, 0.59326755],
        [0.32888457, 0.85398126],
        [0.38534186, 0.6857371 ]],

       [[0.5       , 0.        ],
        [0.36671894, 0.22386365],
        [0.25      , 0.        ],
        [0.16878791, 0.18519744]],

       [[0.15453763, 0.36210185],
        [0.16878791, 0.18519744],
        [0.30641017, 0.41891218],
        [0.36671894, 0.22386365]],

       [[0.21694446, 0.59326755],
        [0.        , 0.5       ],
        [0.30641017, 0.41891218],
        [0.15453763, 0.36210185]],

       [[0.        , 0.5       ],
        [0.        , 0.25      ],
        [0.15453763, 0.36210185],
        [0.16878791, 0.18519744]],

       [[0.        , 0.5       ],
        [0.21694446, 0.59326755],
        [0.        , 0.75      ],
        [0.17602583, 0.76842093]],

       [[0.        , 1.        ],
        [0.        , 0.75      ],
        [0.25      , 1.        ],
        [0.17602583, 0.76842093]]]),
                         'tri': array([[[0.32888457, 0.85398126],
        [0.25      , 1.        ],
        [0.17602583, 0.76842093]],

       [[0.        , 0.        ],
        [0.16878791, 0.18519744],
        [0.        , 0.25      ]],

       [[0.16878791, 0.18519744],
        [0.        , 0.        ],
        [0.25      , 0.        ]]])},
                'spts_curved': {'quad': array([False, False, False, False, False, False, False, False]),
                                'tri': array([False, False, False])},
                'spts_nodes': {'quad': array([[22, 31, 34, 24],
       [33, 34, 25, 24],
       [ 6, 21,  5, 17],
       [20, 17, 22, 21],
       [34,  2, 22, 20],
       [ 2,  3, 20, 17],
       [ 2, 34,  1, 33],
       [ 0,  1, 15, 33]]),
                               'tri': array([[25, 15, 33],
       [ 4, 17,  3],
       [17,  4,  5]])}})
[Rank 1] SubMesh(etypes=['quad', 'tri'],
        eidxs_base={'quad': array([ 6,  7, 11, 20,  5,  8,  9, 13]),
                    'tri': array([0, 4, 6])},
        eidxs={'quad': array([ 2,  5,  6,  7,  8,  9, 11, 13, 17, 20]),
               'tri': array([0, 4, 6])},
        conn=array([[ 0,  0,  0,  0,  0,  3,  1],
       [ 0,  0,  1,  1,  1, 13,  2],
       [ 0,  0,  2,  1,  1,  7,  3],
       [ 0,  4,  0,  1,  0,  6,  0],
       [ 0,  4,  1,  1,  1,  8,  1],
       [ 0,  4,  2, -1, -1, -1,  1],
       [ 0,  6,  0,  1,  0,  4,  0],
       [ 0,  6,  1, -1, -1, -1,  0],
       [ 0,  6,  2,  1,  1, 11,  2],
       [ 1,  5,  0,  1,  1,  9,  0],
       [ 1,  5,  1,  1,  1,  8,  3],
       [ 1,  5,  2,  1,  1, 20,  3],
       [ 1,  5,  3,  1,  1,  6,  3],
       [ 1,  6,  0,  1,  1,  2,  3],
       [ 1,  6,  1,  0,  1, 14,  0],
       [ 1,  6,  2,  1,  1,  7,  1],
       [ 1,  6,  3,  1,  1,  5,  3],
       [ 1,  7,  0,  1,  1,  9,  1],
       [ 1,  7,  1,  1,  1,  6,  2],
       [ 1,  7,  2,  0,  1, 18,  3],
       [ 1,  7,  3,  1,  0,  0,  2],
       [ 1,  8,  0, -1, -1, -1,  1],
       [ 1,  8,  1,  1,  0,  4,  1],
       [ 1,  8,  2,  1,  1, 20,  0],
       [ 1,  8,  3,  1,  1,  5,  1],
       [ 1,  9,  0,  1,  1,  5,  0],
       [ 1,  9,  1,  1,  1,  7,  0],
       [ 1,  9,  2,  1,  1, 13,  1],
       [ 1,  9,  3, -1, -1, -1,  1],
       [ 1, 11,  0,  1,  1, 17,  3],
       [ 1, 11,  1,  1,  1, 20,  1],
       [ 1, 11,  2,  1,  0,  6,  2],
       [ 1, 11,  3, -1, -1, -1,  0],
       [ 1, 13,  0, -1, -1, -1,  1],
       [ 1, 13,  1,  1,  1,  9,  2],
       [ 1, 13,  2,  1,  0,  0,  1],
       [ 1, 13,  3, -1, -1, -1,  3],
       [ 1, 20,  0,  1,  1,  8,  2],
       [ 1, 20,  1,  1,  1, 11,  1],
       [ 1, 20,  2,  1,  1,  2,  0],
       [ 1, 20,  3,  1,  1,  5,  2],
       [ 1,  2,  0,  1,  1, 20,  2],
       [ 1,  2,  1,  1,  1, 17,  2],
       [ 1,  2,  2,  2,  1,  1,  2],
       [ 1,  2,  3,  1,  1,  6,  0],
       [ 1, 17,  0,  2,  1, 16,  0],
       [ 1, 17,  1,  2,  1,  1,  3],
       [ 1, 17,  2,  1,  1,  2,  1],
       [ 1, 17,  3,  1,  1, 11,  0]]),
        arrays={'spts': {'quad': array([[[0.30641017, 0.41891218],
        [0.49592129, 0.49379152],
        [0.21694446, 0.59326755],
        [0.38534186, 0.6857371 ]],

       [[0.17602583, 0.76842093],
        [0.21694446, 0.59326755],
        [0.32888457, 0.85398126],
        [0.38534186, 0.6857371 ]],

       [[0.5       , 0.        ],
        [0.36671894, 0.22386365],
        [0.25      , 0.        ],
        [0.16878791, 0.18519744]],

       [[0.15453763, 0.36210185],
        [0.16878791, 0.18519744],
        [0.30641017, 0.41891218],
        [0.36671894, 0.22386365]],

       [[0.21694446, 0.59326755],
        [0.        , 0.5       ],
        [0.30641017, 0.41891218],
        [0.15453763, 0.36210185]],

       [[0.        , 0.5       ],
        [0.        , 0.25      ],
        [0.15453763, 0.36210185],
        [0.16878791, 0.18519744]],

       [[0.        , 0.5       ],
        [0.21694446, 0.59326755],
        [0.        , 0.75      ],
        [0.17602583, 0.76842093]],

       [[0.        , 1.        ],
        [0.        , 0.75      ],
        [0.25      , 1.        ],
        [0.17602583, 0.76842093]]]),
                         'tri': array([[[0.32888457, 0.85398126],
        [0.25      , 1.        ],
        [0.17602583, 0.76842093]],

       [[0.        , 0.        ],
        [0.16878791, 0.18519744],
        [0.        , 0.25      ]],

       [[0.16878791, 0.18519744],
        [0.        , 0.        ],
        [0.25      , 0.        ]]])},
                'spts_curved': {'quad': array([False, False, False, False, False, False, False, False]),
                                'tri': array([False, False, False])},
                'spts_nodes': {'quad': array([[22, 31, 34, 24],
       [33, 34, 25, 24],
       [ 6, 21,  5, 17],
       [20, 17, 22, 21],
       [34,  2, 22, 20],
       [ 2,  3, 20, 17],
       [ 2, 34,  1, 33],
       [ 0,  1, 15, 33]]),
                               'tri': array([[25, 15, 33],
       [ 4, 17,  3],
       [17,  4,  5]])}})
[Rank 1] SubMesh(etypes=['quad', 'tri'],
        eidxs_base={'quad': array([ 6,  7, 11, 20,  5,  8,  9, 13]),
                    'tri': array([0, 4, 6])},
        eidxs={'quad': array([ 1,  2,  5,  6,  7,  8,  9, 11, 13, 16, 17, 20]),
               'tri': array([0, 4, 6])},
        conn=array([[ 0,  0,  0,  0,  0,  3,  1],
       [ 0,  0,  1,  1,  1, 13,  2],
       [ 0,  0,  2,  1,  1,  7,  3],
       [ 0,  4,  0,  1,  0,  6,  0],
       [ 0,  4,  1,  1,  1,  8,  1],
       [ 0,  4,  2, -1, -1, -1,  1],
       [ 0,  6,  0,  1,  0,  4,  0],
       [ 0,  6,  1, -1, -1, -1,  0],
       [ 0,  6,  2,  1,  1, 11,  2],
       [ 1,  5,  0,  1,  1,  9,  0],
       [ 1,  5,  1,  1,  1,  8,  3],
       [ 1,  5,  2,  1,  1, 20,  3],
       [ 1,  5,  3,  1,  1,  6,  3],
       [ 1,  6,  0,  1,  1,  2,  3],
       [ 1,  6,  1,  0,  1, 14,  0],
       [ 1,  6,  2,  1,  1,  7,  1],
       [ 1,  6,  3,  1,  1,  5,  3],
       [ 1,  7,  0,  1,  1,  9,  1],
       [ 1,  7,  1,  1,  1,  6,  2],
       [ 1,  7,  2,  0,  1, 18,  3],
       [ 1,  7,  3,  1,  0,  0,  2],
       [ 1,  8,  0, -1, -1, -1,  1],
       [ 1,  8,  1,  1,  0,  4,  1],
       [ 1,  8,  2,  1,  1, 20,  0],
       [ 1,  8,  3,  1,  1,  5,  1],
       [ 1,  9,  0,  1,  1,  5,  0],
       [ 1,  9,  1,  1,  1,  7,  0],
       [ 1,  9,  2,  1,  1, 13,  1],
       [ 1,  9,  3, -1, -1, -1,  1],
       [ 1, 11,  0,  1,  1, 17,  3],
       [ 1, 11,  1,  1,  1, 20,  1],
       [ 1, 11,  2,  1,  0,  6,  2],
       [ 1, 11,  3, -1, -1, -1,  0],
       [ 1, 13,  0, -1, -1, -1,  1],
       [ 1, 13,  1,  1,  1,  9,  2],
       [ 1, 13,  2,  1,  0,  0,  1],
       [ 1, 13,  3, -1, -1, -1,  3],
       [ 1, 20,  0,  1,  1,  8,  2],
       [ 1, 20,  1,  1,  1, 11,  1],
       [ 1, 20,  2,  1,  1,  2,  0],
       [ 1, 20,  3,  1,  1,  5,  2],
       [ 1,  2,  0,  1,  1, 20,  2],
       [ 1,  2,  1,  1,  1, 17,  2],
       [ 1,  2,  2,  1,  1,  1,  2],
       [ 1,  2,  3,  1,  1,  6,  0],
       [ 1, 17,  0,  1,  1, 16,  0],
       [ 1, 17,  1,  1,  1,  1,  3],
       [ 1, 17,  2,  1,  1,  2,  1],
       [ 1, 17,  3,  1,  1, 11,  0],
       [ 1,  1,  0,  2,  1,  3,  3],
       [ 1,  1,  1,  0,  1, 12,  1],
       [ 1,  1,  2,  1,  1,  2,  2],
       [ 1,  1,  3,  1,  1, 17,  1],
       [ 1, 16,  0,  1,  1, 17,  0],
       [ 1, 16,  1, -1, -1, -1,  0],
       [ 1, 16,  2,  2,  0,  2,  0],
       [ 1, 16,  3,  2,  1,  3,  0]]),
        arrays={'spts': {'quad': array([[[0.30641017, 0.41891218],
        [0.49592129, 0.49379152],
        [0.21694446, 0.59326755],
        [0.38534186, 0.6857371 ]],

       [[0.17602583, 0.76842093],
        [0.21694446, 0.59326755],
        [0.32888457, 0.85398126],
        [0.38534186, 0.6857371 ]],

       [[0.5       , 0.        ],
        [0.36671894, 0.22386365],
        [0.25      , 0.        ],
        [0.16878791, 0.18519744]],

       [[0.15453763, 0.36210185],
        [0.16878791, 0.18519744],
        [0.30641017, 0.41891218],
        [0.36671894, 0.22386365]],

       [[0.21694446, 0.59326755],
        [0.        , 0.5       ],
        [0.30641017, 0.41891218],
        [0.15453763, 0.36210185]],

       [[0.        , 0.5       ],
        [0.        , 0.25      ],
        [0.15453763, 0.36210185],
        [0.16878791, 0.18519744]],

       [[0.        , 0.5       ],
        [0.21694446, 0.59326755],
        [0.        , 0.75      ],
        [0.17602583, 0.76842093]],

       [[0.        , 1.        ],
        [0.        , 0.75      ],
        [0.25      , 1.        ],
        [0.17602583, 0.76842093]]]),
                         'tri': array([[[0.32888457, 0.85398126],
        [0.25      , 1.        ],
        [0.17602583, 0.76842093]],

       [[0.        , 0.        ],
        [0.16878791, 0.18519744],
        [0.        , 0.25      ]],

       [[0.16878791, 0.18519744],
        [0.        , 0.        ],
        [0.25      , 0.        ]]])},
                'spts_curved': {'quad': array([False, False, False, False, False, False, False, False]),
                                'tri': array([False, False, False])},
                'spts_nodes': {'quad': array([[22, 31, 34, 24],
       [33, 34, 25, 24],
       [ 6, 21,  5, 17],
       [20, 17, 22, 21],
       [34,  2, 22, 20],
       [ 2,  3, 20, 17],
       [ 2, 34,  1, 33],
       [ 0,  1, 15, 33]]),
                               'tri': array([[25, 15, 33],
       [ 4, 17,  3],
       [17,  4,  5]])}})
[Rank 1] Base totals  →  elems=30 conn-rows=112
[Rank 1] SubMesh(etypes=['quad', 'tri'],
        eidxs_base={'quad': array([ 6,  7, 11, 20,  5,  8,  9, 13]),
                    'tri': array([0, 4, 6])},
        eidxs={'quad': array([ 6,  7, 11, 20,  5,  8,  9, 13]),
               'tri': array([0, 4, 6])},
        conn=array([[ 0,  0,  0,  0,  0,  3,  1],
       [ 0,  0,  1,  1,  1, 13,  2],
       [ 0,  0,  2,  1,  1,  7,  3],
       [ 0,  4,  0,  1,  0,  6,  0],
       [ 0,  4,  1,  1,  1,  8,  1],
       [ 0,  4,  2, -1, -1, -1,  1],
       [ 0,  6,  0,  1,  0,  4,  0],
       [ 0,  6,  1, -1, -1, -1,  0],
       [ 0,  6,  2,  1,  1, 11,  2],
       [ 1,  5,  0,  1,  1,  9,  0],
       [ 1,  5,  1,  1,  1,  8,  3],
       [ 1,  5,  2,  1,  1, 20,  3],
       [ 1,  5,  3,  1,  1,  6,  3],
       [ 1,  6,  0,  2,  1,  2,  3],
       [ 1,  6,  1,  0,  1, 14,  0],
       [ 1,  6,  2,  1,  1,  7,  1],
       [ 1,  6,  3,  1,  1,  5,  3],
       [ 1,  7,  0,  1,  1,  9,  1],
       [ 1,  7,  1,  1,  1,  6,  2],
       [ 1,  7,  2,  0,  1, 18,  3],
       [ 1,  7,  3,  1,  0,  0,  2],
       [ 1,  8,  0, -1, -1, -1,  1],
       [ 1,  8,  1,  1,  0,  4,  1],
       [ 1,  8,  2,  1,  1, 20,  0],
       [ 1,  8,  3,  1,  1,  5,  1],
       [ 1,  9,  0,  1,  1,  5,  0],
       [ 1,  9,  1,  1,  1,  7,  0],
       [ 1,  9,  2,  1,  1, 13,  1],
       [ 1,  9,  3, -1, -1, -1,  1],
       [ 1, 11,  0,  2,  1, 17,  3],
       [ 1, 11,  1,  1,  1, 20,  1],
       [ 1, 11,  2,  1,  0,  6,  2],
       [ 1, 11,  3, -1, -1, -1,  0],
       [ 1, 13,  0, -1, -1, -1,  1],
       [ 1, 13,  1,  1,  1,  9,  2],
       [ 1, 13,  2,  1,  0,  0,  1],
       [ 1, 13,  3, -1, -1, -1,  3],
       [ 1, 20,  0,  1,  1,  8,  2],
       [ 1, 20,  1,  1,  1, 11,  1],
       [ 1, 20,  2,  2,  1,  2,  0],
       [ 1, 20,  3,  1,  1,  5,  2]]),
        arrays={'spts': {'quad': array([[[0.30641017, 0.41891218],
        [0.49592129, 0.49379152],
        [0.21694446, 0.59326755],
        [0.38534186, 0.6857371 ]],

       [[0.17602583, 0.76842093],
        [0.21694446, 0.59326755],
        [0.32888457, 0.85398126],
        [0.38534186, 0.6857371 ]],

       [[0.5       , 0.        ],
        [0.36671894, 0.22386365],
        [0.25      , 0.        ],
        [0.16878791, 0.18519744]],

       [[0.15453763, 0.36210185],
        [0.16878791, 0.18519744],
        [0.30641017, 0.41891218],
        [0.36671894, 0.22386365]],

       [[0.21694446, 0.59326755],
        [0.        , 0.5       ],
        [0.30641017, 0.41891218],
        [0.15453763, 0.36210185]],

       [[0.        , 0.5       ],
        [0.        , 0.25      ],
        [0.15453763, 0.36210185],
        [0.16878791, 0.18519744]],

       [[0.        , 0.5       ],
        [0.21694446, 0.59326755],
        [0.        , 0.75      ],
        [0.17602583, 0.76842093]],

       [[0.        , 1.        ],
        [0.        , 0.75      ],
        [0.25      , 1.        ],
        [0.17602583, 0.76842093]]]),
                         'tri': array([[[0.32888457, 0.85398126],
        [0.25      , 1.        ],
        [0.17602583, 0.76842093]],

       [[0.        , 0.        ],
        [0.16878791, 0.18519744],
        [0.        , 0.25      ]],

       [[0.16878791, 0.18519744],
        [0.        , 0.        ],
        [0.25      , 0.        ]]])},
                'spts_curved': {'quad': array([False, False, False, False, False, False, False, False]),
                                'tri': array([False, False, False])},
                'spts_nodes': {'quad': array([[22, 31, 34, 24],
       [33, 34, 25, 24],
       [ 6, 21,  5, 17],
       [20, 17, 22, 21],
       [34,  2, 22, 20],
       [ 2,  3, 20, 17],
       [ 2, 34,  1, 33],
       [ 0,  1, 15, 33]]),
                               'tri': array([[25, 15, 33],
       [ 4, 17,  3],
       [17,  4,  5]])}})
[Rank 1] SubMesh(etypes=['quad', 'tri'],
        eidxs_base={'quad': array([ 6,  7, 11, 20,  5,  8,  9, 13]),
                    'tri': array([0, 4, 6])},
        eidxs={'quad': array([ 2,  5,  6,  7,  8,  9, 11, 13, 17, 20]),
               'tri': array([0, 4, 6])},
        conn=array([[ 0,  0,  0,  0,  0,  3,  1],
       [ 0,  0,  1,  1,  1, 13,  2],
       [ 0,  0,  2,  1,  1,  7,  3],
       [ 0,  4,  0,  1,  0,  6,  0],
       [ 0,  4,  1,  1,  1,  8,  1],
       [ 0,  4,  2, -1, -1, -1,  1],
       [ 0,  6,  0,  1,  0,  4,  0],
       [ 0,  6,  1, -1, -1, -1,  0],
       [ 0,  6,  2,  1,  1, 11,  2],
       [ 1,  5,  0,  1,  1,  9,  0],
       [ 1,  5,  1,  1,  1,  8,  3],
       [ 1,  5,  2,  1,  1, 20,  3],
       [ 1,  5,  3,  1,  1,  6,  3],
       [ 1,  6,  0,  1,  1,  2,  3],
       [ 1,  6,  1,  0,  1, 14,  0],
       [ 1,  6,  2,  1,  1,  7,  1],
       [ 1,  6,  3,  1,  1,  5,  3],
       [ 1,  7,  0,  1,  1,  9,  1],
       [ 1,  7,  1,  1,  1,  6,  2],
       [ 1,  7,  2,  0,  1, 18,  3],
       [ 1,  7,  3,  1,  0,  0,  2],
       [ 1,  8,  0, -1, -1, -1,  1],
       [ 1,  8,  1,  1,  0,  4,  1],
       [ 1,  8,  2,  1,  1, 20,  0],
       [ 1,  8,  3,  1,  1,  5,  1],
       [ 1,  9,  0,  1,  1,  5,  0],
       [ 1,  9,  1,  1,  1,  7,  0],
       [ 1,  9,  2,  1,  1, 13,  1],
       [ 1,  9,  3, -1, -1, -1,  1],
       [ 1, 11,  0,  1,  1, 17,  3],
       [ 1, 11,  1,  1,  1, 20,  1],
       [ 1, 11,  2,  1,  0,  6,  2],
       [ 1, 11,  3, -1, -1, -1,  0],
       [ 1, 13,  0, -1, -1, -1,  1],
       [ 1, 13,  1,  1,  1,  9,  2],
       [ 1, 13,  2,  1,  0,  0,  1],
       [ 1, 13,  3, -1, -1, -1,  3],
       [ 1, 20,  0,  1,  1,  8,  2],
       [ 1, 20,  1,  1,  1, 11,  1],
       [ 1, 20,  2,  1,  1,  2,  0],
       [ 1, 20,  3,  1,  1,  5,  2],
       [ 1,  2,  0,  1,  1, 20,  2],
       [ 1,  2,  1,  1,  1, 17,  2],
       [ 1,  2,  2,  2,  1,  1,  2],
       [ 1,  2,  3,  1,  1,  6,  0],
       [ 1, 17,  0,  2,  1, 16,  0],
       [ 1, 17,  1,  2,  1,  1,  3],
       [ 1, 17,  2,  1,  1,  2,  1],
       [ 1, 17,  3,  1,  1, 11,  0]]),
        arrays={'spts': {'quad': array([[[0.30641017, 0.41891218],
        [0.49592129, 0.49379152],
        [0.21694446, 0.59326755],
        [0.38534186, 0.6857371 ]],

       [[0.17602583, 0.76842093],
        [0.21694446, 0.59326755],
        [0.32888457, 0.85398126],
        [0.38534186, 0.6857371 ]],

       [[0.5       , 0.        ],
        [0.36671894, 0.22386365],
        [0.25      , 0.        ],
        [0.16878791, 0.18519744]],

       [[0.15453763, 0.36210185],
        [0.16878791, 0.18519744],
        [0.30641017, 0.41891218],
        [0.36671894, 0.22386365]],

       [[0.21694446, 0.59326755],
        [0.        , 0.5       ],
        [0.30641017, 0.41891218],
        [0.15453763, 0.36210185]],

       [[0.        , 0.5       ],
        [0.        , 0.25      ],
        [0.15453763, 0.36210185],
        [0.16878791, 0.18519744]],

       [[0.        , 0.5       ],
        [0.21694446, 0.59326755],
        [0.        , 0.75      ],
        [0.17602583, 0.76842093]],

       [[0.        , 1.        ],
        [0.        , 0.75      ],
        [0.25      , 1.        ],
        [0.17602583, 0.76842093]]]),
                         'tri': array([[[0.32888457, 0.85398126],
        [0.25      , 1.        ],
        [0.17602583, 0.76842093]],

       [[0.        , 0.        ],
        [0.16878791, 0.18519744],
        [0.        , 0.25      ]],

       [[0.16878791, 0.18519744],
        [0.        , 0.        ],
        [0.25      , 0.        ]]])},
                'spts_curved': {'quad': array([False, False, False, False, False, False, False, False]),
                                'tri': array([False, False, False])},
                'spts_nodes': {'quad': array([[22, 31, 34, 24],
       [33, 34, 25, 24],
       [ 6, 21,  5, 17],
       [20, 17, 22, 21],
       [34,  2, 22, 20],
       [ 2,  3, 20, 17],
       [ 2, 34,  1, 33],
       [ 0,  1, 15, 33]]),
                               'tri': array([[25, 15, 33],
       [ 4, 17,  3],
       [17,  4,  5]])}})
[Rank 1] SubMesh(etypes=['quad', 'tri'],
        eidxs_base={'quad': array([ 6,  7, 11, 20,  5,  8,  9, 13]),
                    'tri': array([0, 4, 6])},
        eidxs={'quad': array([ 1,  2,  5,  6,  7,  8,  9, 11, 13, 16, 17, 20]),
               'tri': array([0, 4, 6])},
        conn=array([[ 0,  0,  0,  0,  0,  3,  1],
       [ 0,  0,  1,  1,  1, 13,  2],
       [ 0,  0,  2,  1,  1,  7,  3],
       [ 0,  4,  0,  1,  0,  6,  0],
       [ 0,  4,  1,  1,  1,  8,  1],
       [ 0,  4,  2, -1, -1, -1,  1],
       [ 0,  6,  0,  1,  0,  4,  0],
       [ 0,  6,  1, -1, -1, -1,  0],
       [ 0,  6,  2,  1,  1, 11,  2],
       [ 1,  5,  0,  1,  1,  9,  0],
       [ 1,  5,  1,  1,  1,  8,  3],
       [ 1,  5,  2,  1,  1, 20,  3],
       [ 1,  5,  3,  1,  1,  6,  3],
       [ 1,  6,  0,  1,  1,  2,  3],
       [ 1,  6,  1,  0,  1, 14,  0],
       [ 1,  6,  2,  1,  1,  7,  1],
       [ 1,  6,  3,  1,  1,  5,  3],
       [ 1,  7,  0,  1,  1,  9,  1],
       [ 1,  7,  1,  1,  1,  6,  2],
       [ 1,  7,  2,  0,  1, 18,  3],
       [ 1,  7,  3,  1,  0,  0,  2],
       [ 1,  8,  0, -1, -1, -1,  1],
       [ 1,  8,  1,  1,  0,  4,  1],
       [ 1,  8,  2,  1,  1, 20,  0],
       [ 1,  8,  3,  1,  1,  5,  1],
       [ 1,  9,  0,  1,  1,  5,  0],
       [ 1,  9,  1,  1,  1,  7,  0],
       [ 1,  9,  2,  1,  1, 13,  1],
       [ 1,  9,  3, -1, -1, -1,  1],
       [ 1, 11,  0,  1,  1, 17,  3],
       [ 1, 11,  1,  1,  1, 20,  1],
       [ 1, 11,  2,  1,  0,  6,  2],
       [ 1, 11,  3, -1, -1, -1,  0],
       [ 1, 13,  0, -1, -1, -1,  1],
       [ 1, 13,  1,  1,  1,  9,  2],
       [ 1, 13,  2,  1,  0,  0,  1],
       [ 1, 13,  3, -1, -1, -1,  3],
       [ 1, 20,  0,  1,  1,  8,  2],
       [ 1, 20,  1,  1,  1, 11,  1],
       [ 1, 20,  2,  1,  1,  2,  0],
       [ 1, 20,  3,  1,  1,  5,  2],
       [ 1,  2,  0,  1,  1, 20,  2],
       [ 1,  2,  1,  1,  1, 17,  2],
       [ 1,  2,  2,  1,  1,  1,  2],
       [ 1,  2,  3,  1,  1,  6,  0],
       [ 1, 17,  0,  1,  1, 16,  0],
       [ 1, 17,  1,  1,  1,  1,  3],
       [ 1, 17,  2,  1,  1,  2,  1],
       [ 1, 17,  3,  1,  1, 11,  0],
       [ 1,  1,  0,  2,  1,  3,  3],
       [ 1,  1,  1,  0,  1, 12,  1],
       [ 1,  1,  2,  1,  1,  2,  2],
       [ 1,  1,  3,  1,  1, 17,  1],
       [ 1, 16,  0,  1,  1, 17,  0],
       [ 1, 16,  1, -1, -1, -1,  0],
       [ 1, 16,  2,  2,  0,  2,  0],
       [ 1, 16,  3,  2,  1,  3,  0]]),
        arrays={'spts': {'quad': array([[[0.30641017, 0.41891218],
        [0.49592129, 0.49379152],
        [0.21694446, 0.59326755],
        [0.38534186, 0.6857371 ]],

       [[0.17602583, 0.76842093],
        [0.21694446, 0.59326755],
        [0.32888457, 0.85398126],
        [0.38534186, 0.6857371 ]],

       [[0.5       , 0.        ],
        [0.36671894, 0.22386365],
        [0.25      , 0.        ],
        [0.16878791, 0.18519744]],

       [[0.15453763, 0.36210185],
        [0.16878791, 0.18519744],
        [0.30641017, 0.41891218],
        [0.36671894, 0.22386365]],

       [[0.21694446, 0.59326755],
        [0.        , 0.5       ],
        [0.30641017, 0.41891218],
        [0.15453763, 0.36210185]],

       [[0.        , 0.5       ],
        [0.        , 0.25      ],
        [0.15453763, 0.36210185],
        [0.16878791, 0.18519744]],

       [[0.        , 0.5       ],
        [0.21694446, 0.59326755],
        [0.        , 0.75      ],
        [0.17602583, 0.76842093]],

       [[0.        , 1.        ],
        [0.        , 0.75      ],
        [0.25      , 1.        ],
        [0.17602583, 0.76842093]]]),
                         'tri': array([[[0.32888457, 0.85398126],
        [0.25      , 1.        ],
        [0.17602583, 0.76842093]],

       [[0.        , 0.        ],
        [0.16878791, 0.18519744],
        [0.        , 0.25      ]],

       [[0.16878791, 0.18519744],
        [0.        , 0.        ],
        [0.25      , 0.        ]]])},
                'spts_curved': {'quad': array([False, False, False, False, False, False, False, False]),
                                'tri': array([False, False, False])},
                'spts_nodes': {'quad': array([[22, 31, 34, 24],
       [33, 34, 25, 24],
       [ 6, 21,  5, 17],
       [20, 17, 22, 21],
       [34,  2, 22, 20],
       [ 2,  3, 20, 17],
       [ 2, 34,  1, 33],
       [ 0,  1, 15, 33]]),
                               'tri': array([[25, 15, 33],
       [ 4, 17,  3],
       [17,  4,  5]])}})
[Rank 1] Base totals  →  elems=30 conn-rows=112
[Rank 1] SubMesh(etypes=['quad', 'tri'],
        eidxs_base={'quad': array([ 6,  7, 11, 20,  5,  8,  9, 13]),
                    'tri': array([0, 4, 6])},
        eidxs={'quad': array([ 6,  7, 11, 20,  5,  8,  9, 13]),
               'tri': array([0, 4, 6])},
        con={},
        conn=array([[ 0,  0,  0,  0,  0,  3,  1],
       [ 0,  0,  1,  1,  1, 13,  2],
       [ 0,  0,  2,  1,  1,  7,  3],
       [ 0,  4,  0,  1,  0,  6,  0],
       [ 0,  4,  1,  1,  1,  8,  1],
       [ 0,  4,  2, -1, -1, -1,  1],
       [ 0,  6,  0,  1,  0,  4,  0],
       [ 0,  6,  1, -1, -1, -1,  0],
       [ 0,  6,  2,  1,  1, 11,  2],
       [ 1,  5,  0,  1,  1,  9,  0],
       [ 1,  5,  1,  1,  1,  8,  3],
       [ 1,  5,  2,  1,  1, 20,  3],
       [ 1,  5,  3,  1,  1,  6,  3],
       [ 1,  6,  0,  2,  1,  2,  3],
       [ 1,  6,  1,  0,  1, 14,  0],
       [ 1,  6,  2,  1,  1,  7,  1],
       [ 1,  6,  3,  1,  1,  5,  3],
       [ 1,  7,  0,  1,  1,  9,  1],
       [ 1,  7,  1,  1,  1,  6,  2],
       [ 1,  7,  2,  0,  1, 18,  3],
       [ 1,  7,  3,  1,  0,  0,  2],
       [ 1,  8,  0, -1, -1, -1,  1],
       [ 1,  8,  1,  1,  0,  4,  1],
       [ 1,  8,  2,  1,  1, 20,  0],
       [ 1,  8,  3,  1,  1,  5,  1],
       [ 1,  9,  0,  1,  1,  5,  0],
       [ 1,  9,  1,  1,  1,  7,  0],
       [ 1,  9,  2,  1,  1, 13,  1],
       [ 1,  9,  3, -1, -1, -1,  1],
       [ 1, 11,  0,  2,  1, 17,  3],
       [ 1, 11,  1,  1,  1, 20,  1],
       [ 1, 11,  2,  1,  0,  6,  2],
       [ 1, 11,  3, -1, -1, -1,  0],
       [ 1, 13,  0, -1, -1, -1,  1],
       [ 1, 13,  1,  1,  1,  9,  2],
       [ 1, 13,  2,  1,  0,  0,  1],
       [ 1, 13,  3, -1, -1, -1,  3],
       [ 1, 20,  0,  1,  1,  8,  2],
       [ 1, 20,  1,  1,  1, 11,  1],
       [ 1, 20,  2,  2,  1,  2,  0],
       [ 1, 20,  3,  1,  1,  5,  2]]),
        arrays={'spts': {'quad': array([[[0.30641017, 0.41891218],
        [0.49592129, 0.49379152],
        [0.21694446, 0.59326755],
        [0.38534186, 0.6857371 ]],

       [[0.17602583, 0.76842093],
        [0.21694446, 0.59326755],
        [0.32888457, 0.85398126],
        [0.38534186, 0.6857371 ]],

       [[0.5       , 0.        ],
        [0.36671894, 0.22386365],
        [0.25      , 0.        ],
        [0.16878791, 0.18519744]],

       [[0.15453763, 0.36210185],
        [0.16878791, 0.18519744],
        [0.30641017, 0.41891218],
        [0.36671894, 0.22386365]],

       [[0.21694446, 0.59326755],
        [0.        , 0.5       ],
        [0.30641017, 0.41891218],
        [0.15453763, 0.36210185]],

       [[0.        , 0.5       ],
        [0.        , 0.25      ],
        [0.15453763, 0.36210185],
        [0.16878791, 0.18519744]],

       [[0.        , 0.5       ],
        [0.21694446, 0.59326755],
        [0.        , 0.75      ],
        [0.17602583, 0.76842093]],

       [[0.        , 1.        ],
        [0.        , 0.75      ],
        [0.25      , 1.        ],
        [0.17602583, 0.76842093]]]),
                         'tri': array([[[0.32888457, 0.85398126],
        [0.25      , 1.        ],
        [0.17602583, 0.76842093]],

       [[0.        , 0.        ],
        [0.16878791, 0.18519744],
        [0.        , 0.25      ]],

       [[0.16878791, 0.18519744],
        [0.        , 0.        ],
        [0.25      , 0.        ]]])},
                'spts_curved': {'quad': array([False, False, False, False, False, False, False, False]),
                                'tri': array([False, False, False])},
                'spts_nodes': {'quad': array([[22, 31, 34, 24],
       [33, 34, 25, 24],
       [ 6, 21,  5, 17],
       [20, 17, 22, 21],
       [34,  2, 22, 20],
       [ 2,  3, 20, 17],
       [ 2, 34,  1, 33],
       [ 0,  1, 15, 33]]),
                               'tri': array([[25, 15, 33],
       [ 4, 17,  3],
       [17,  4,  5]])}})
[Rank 1] SubMesh(etypes=['quad', 'tri'],
        eidxs_base={'quad': array([ 6,  7, 11, 20,  5,  8,  9, 13]),
                    'tri': array([0, 4, 6])},
        eidxs={'quad': array([ 2,  5,  6,  7,  8,  9, 11, 13, 17, 20]),
               'tri': array([0, 4, 6])},
        con={},
        conn=array([[ 0,  0,  0,  0,  0,  3,  1],
       [ 0,  0,  1,  1,  1, 13,  2],
       [ 0,  0,  2,  1,  1,  7,  3],
       [ 0,  4,  0,  1,  0,  6,  0],
       [ 0,  4,  1,  1,  1,  8,  1],
       [ 0,  4,  2, -1, -1, -1,  1],
       [ 0,  6,  0,  1,  0,  4,  0],
       [ 0,  6,  1, -1, -1, -1,  0],
       [ 0,  6,  2,  1,  1, 11,  2],
       [ 1,  5,  0,  1,  1,  9,  0],
       [ 1,  5,  1,  1,  1,  8,  3],
       [ 1,  5,  2,  1,  1, 20,  3],
       [ 1,  5,  3,  1,  1,  6,  3],
       [ 1,  6,  0,  1,  1,  2,  3],
       [ 1,  6,  1,  0,  1, 14,  0],
       [ 1,  6,  2,  1,  1,  7,  1],
       [ 1,  6,  3,  1,  1,  5,  3],
       [ 1,  7,  0,  1,  1,  9,  1],
       [ 1,  7,  1,  1,  1,  6,  2],
       [ 1,  7,  2,  0,  1, 18,  3],
       [ 1,  7,  3,  1,  0,  0,  2],
       [ 1,  8,  0, -1, -1, -1,  1],
       [ 1,  8,  1,  1,  0,  4,  1],
       [ 1,  8,  2,  1,  1, 20,  0],
       [ 1,  8,  3,  1,  1,  5,  1],
       [ 1,  9,  0,  1,  1,  5,  0],
       [ 1,  9,  1,  1,  1,  7,  0],
       [ 1,  9,  2,  1,  1, 13,  1],
       [ 1,  9,  3, -1, -1, -1,  1],
       [ 1, 11,  0,  1,  1, 17,  3],
       [ 1, 11,  1,  1,  1, 20,  1],
       [ 1, 11,  2,  1,  0,  6,  2],
       [ 1, 11,  3, -1, -1, -1,  0],
       [ 1, 13,  0, -1, -1, -1,  1],
       [ 1, 13,  1,  1,  1,  9,  2],
       [ 1, 13,  2,  1,  0,  0,  1],
       [ 1, 13,  3, -1, -1, -1,  3],
       [ 1, 20,  0,  1,  1,  8,  2],
       [ 1, 20,  1,  1,  1, 11,  1],
       [ 1, 20,  2,  1,  1,  2,  0],
       [ 1, 20,  3,  1,  1,  5,  2],
       [ 1,  2,  0,  1,  1, 20,  2],
       [ 1,  2,  1,  1,  1, 17,  2],
       [ 1,  2,  2,  2,  1,  1,  2],
       [ 1,  2,  3,  1,  1,  6,  0],
       [ 1, 17,  0,  2,  1, 16,  0],
       [ 1, 17,  1,  2,  1,  1,  3],
       [ 1, 17,  2,  1,  1,  2,  1],
       [ 1, 17,  3,  1,  1, 11,  0]]),
        arrays={'spts': {'quad': array([[[0.30641017, 0.41891218],
        [0.49592129, 0.49379152],
        [0.21694446, 0.59326755],
        [0.38534186, 0.6857371 ]],

       [[0.17602583, 0.76842093],
        [0.21694446, 0.59326755],
        [0.32888457, 0.85398126],
        [0.38534186, 0.6857371 ]],

       [[0.5       , 0.        ],
        [0.36671894, 0.22386365],
        [0.25      , 0.        ],
        [0.16878791, 0.18519744]],

       [[0.15453763, 0.36210185],
        [0.16878791, 0.18519744],
        [0.30641017, 0.41891218],
        [0.36671894, 0.22386365]],

       [[0.21694446, 0.59326755],
        [0.        , 0.5       ],
        [0.30641017, 0.41891218],
        [0.15453763, 0.36210185]],

       [[0.        , 0.5       ],
        [0.        , 0.25      ],
        [0.15453763, 0.36210185],
        [0.16878791, 0.18519744]],

       [[0.        , 0.5       ],
        [0.21694446, 0.59326755],
        [0.        , 0.75      ],
        [0.17602583, 0.76842093]],

       [[0.        , 1.        ],
        [0.        , 0.75      ],
        [0.25      , 1.        ],
        [0.17602583, 0.76842093]]]),
                         'tri': array([[[0.32888457, 0.85398126],
        [0.25      , 1.        ],
        [0.17602583, 0.76842093]],

       [[0.        , 0.        ],
        [0.16878791, 0.18519744],
        [0.        , 0.25      ]],

       [[0.16878791, 0.18519744],
        [0.        , 0.        ],
        [0.25      , 0.        ]]])},
                'spts_curved': {'quad': array([False, False, False, False, False, False, False, False]),
                                'tri': array([False, False, False])},
                'spts_nodes': {'quad': array([[22, 31, 34, 24],
       [33, 34, 25, 24],
       [ 6, 21,  5, 17],
       [20, 17, 22, 21],
       [34,  2, 22, 20],
       [ 2,  3, 20, 17],
       [ 2, 34,  1, 33],
       [ 0,  1, 15, 33]]),
                               'tri': array([[25, 15, 33],
       [ 4, 17,  3],
       [17,  4,  5]])}})
[Rank 1] SubMesh(etypes=['quad', 'tri'],
        eidxs_base={'quad': array([ 6,  7, 11, 20,  5,  8,  9, 13]),
                    'tri': array([0, 4, 6])},
        eidxs={'quad': array([ 1,  2,  5,  6,  7,  8,  9, 11, 13, 16, 17, 20]),
               'tri': array([0, 4, 6])},
        con={},
        conn=array([[ 0,  0,  0,  0,  0,  3,  1],
       [ 0,  0,  1,  1,  1, 13,  2],
       [ 0,  0,  2,  1,  1,  7,  3],
       [ 0,  4,  0,  1,  0,  6,  0],
       [ 0,  4,  1,  1,  1,  8,  1],
       [ 0,  4,  2, -1, -1, -1,  1],
       [ 0,  6,  0,  1,  0,  4,  0],
       [ 0,  6,  1, -1, -1, -1,  0],
       [ 0,  6,  2,  1,  1, 11,  2],
       [ 1,  5,  0,  1,  1,  9,  0],
       [ 1,  5,  1,  1,  1,  8,  3],
       [ 1,  5,  2,  1,  1, 20,  3],
       [ 1,  5,  3,  1,  1,  6,  3],
       [ 1,  6,  0,  1,  1,  2,  3],
       [ 1,  6,  1,  0,  1, 14,  0],
       [ 1,  6,  2,  1,  1,  7,  1],
       [ 1,  6,  3,  1,  1,  5,  3],
       [ 1,  7,  0,  1,  1,  9,  1],
       [ 1,  7,  1,  1,  1,  6,  2],
       [ 1,  7,  2,  0,  1, 18,  3],
       [ 1,  7,  3,  1,  0,  0,  2],
       [ 1,  8,  0, -1, -1, -1,  1],
       [ 1,  8,  1,  1,  0,  4,  1],
       [ 1,  8,  2,  1,  1, 20,  0],
       [ 1,  8,  3,  1,  1,  5,  1],
       [ 1,  9,  0,  1,  1,  5,  0],
       [ 1,  9,  1,  1,  1,  7,  0],
       [ 1,  9,  2,  1,  1, 13,  1],
       [ 1,  9,  3, -1, -1, -1,  1],
       [ 1, 11,  0,  1,  1, 17,  3],
       [ 1, 11,  1,  1,  1, 20,  1],
       [ 1, 11,  2,  1,  0,  6,  2],
       [ 1, 11,  3, -1, -1, -1,  0],
       [ 1, 13,  0, -1, -1, -1,  1],
       [ 1, 13,  1,  1,  1,  9,  2],
       [ 1, 13,  2,  1,  0,  0,  1],
       [ 1, 13,  3, -1, -1, -1,  3],
       [ 1, 20,  0,  1,  1,  8,  2],
       [ 1, 20,  1,  1,  1, 11,  1],
       [ 1, 20,  2,  1,  1,  2,  0],
       [ 1, 20,  3,  1,  1,  5,  2],
       [ 1,  2,  0,  1,  1, 20,  2],
       [ 1,  2,  1,  1,  1, 17,  2],
       [ 1,  2,  2,  1,  1,  1,  2],
       [ 1,  2,  3,  1,  1,  6,  0],
       [ 1, 17,  0,  1,  1, 16,  0],
       [ 1, 17,  1,  1,  1,  1,  3],
       [ 1, 17,  2,  1,  1,  2,  1],
       [ 1, 17,  3,  1,  1, 11,  0],
       [ 1,  1,  0,  2,  1,  3,  3],
       [ 1,  1,  1,  0,  1, 12,  1],
       [ 1,  1,  2,  1,  1,  2,  2],
       [ 1,  1,  3,  1,  1, 17,  1],
       [ 1, 16,  0,  1,  1, 17,  0],
       [ 1, 16,  1, -1, -1, -1,  0],
       [ 1, 16,  2,  2,  0,  2,  0],
       [ 1, 16,  3,  2,  1,  3,  0]]),
        arrays={'spts': {'quad': array([[[0.30641017, 0.41891218],
        [0.49592129, 0.49379152],
        [0.21694446, 0.59326755],
        [0.38534186, 0.6857371 ]],

       [[0.17602583, 0.76842093],
        [0.21694446, 0.59326755],
        [0.32888457, 0.85398126],
        [0.38534186, 0.6857371 ]],

       [[0.5       , 0.        ],
        [0.36671894, 0.22386365],
        [0.25      , 0.        ],
        [0.16878791, 0.18519744]],

       [[0.15453763, 0.36210185],
        [0.16878791, 0.18519744],
        [0.30641017, 0.41891218],
        [0.36671894, 0.22386365]],

       [[0.21694446, 0.59326755],
        [0.        , 0.5       ],
        [0.30641017, 0.41891218],
        [0.15453763, 0.36210185]],

       [[0.        , 0.5       ],
        [0.        , 0.25      ],
        [0.15453763, 0.36210185],
        [0.16878791, 0.18519744]],

       [[0.        , 0.5       ],
        [0.21694446, 0.59326755],
        [0.        , 0.75      ],
        [0.17602583, 0.76842093]],

       [[0.        , 1.        ],
        [0.        , 0.75      ],
        [0.25      , 1.        ],
        [0.17602583, 0.76842093]]]),
                         'tri': array([[[0.32888457, 0.85398126],
        [0.25      , 1.        ],
        [0.17602583, 0.76842093]],

       [[0.        , 0.        ],
        [0.16878791, 0.18519744],
        [0.        , 0.25      ]],

       [[0.16878791, 0.18519744],
        [0.        , 0.        ],
        [0.25      , 0.        ]]])},
                'spts_curved': {'quad': array([False, False, False, False, False, False, False, False]),
                                'tri': array([False, False, False])},
                'spts_nodes': {'quad': array([[22, 31, 34, 24],
       [33, 34, 25, 24],
       [ 6, 21,  5, 17],
       [20, 17, 22, 21],
       [34,  2, 22, 20],
       [ 2,  3, 20, 17],
       [ 2, 34,  1, 33],
       [ 0,  1, 15, 33]]),
                               'tri': array([[25, 15, 33],
       [ 4, 17,  3],
       [17,  4,  5]])}})
[Rank 1] Base totals  →  elems=30 conn-rows=112
[Rank 1] Base totals  →  elems=30 conn-rows=112
[Rank 1] SubMesh(etypes=['quad', 'tri'],
        eidxs_base={'quad': array([ 6,  7, 11, 20,  5,  8,  9, 13]),
                    'tri': array([0, 4, 6])},
        eidxs={'quad': array([ 1,  2,  5,  6,  7,  8,  9, 11, 13, 16, 17, 20]),
               'tri': array([0, 4, 6])},
        con={},
        conn=array([[ 0,  0,  0,  0,  0,  3,  1],
       [ 0,  0,  1,  1,  1, 13,  2],
       [ 0,  0,  2,  1,  1,  7,  3],
       [ 0,  4,  0,  1,  0,  6,  0],
       [ 0,  4,  1,  1,  1,  8,  1],
       [ 0,  4,  2, -1, -1, -1,  1],
       [ 0,  6,  0,  1,  0,  4,  0],
       [ 0,  6,  1, -1, -1, -1,  0],
       [ 0,  6,  2,  1,  1, 11,  2],
       [ 1,  5,  0,  1,  1,  9,  0],
       [ 1,  5,  1,  1,  1,  8,  3],
       [ 1,  5,  2,  1,  1, 20,  3],
       [ 1,  5,  3,  1,  1,  6,  3],
       [ 1,  6,  0,  1,  1,  2,  3],
       [ 1,  6,  1,  0,  1, 14,  0],
       [ 1,  6,  2,  1,  1,  7,  1],
       [ 1,  6,  3,  1,  1,  5,  3],
       [ 1,  7,  0,  1,  1,  9,  1],
       [ 1,  7,  1,  1,  1,  6,  2],
       [ 1,  7,  2,  0,  1, 18,  3],
       [ 1,  7,  3,  1,  0,  0,  2],
       [ 1,  8,  0, -1, -1, -1,  1],
       [ 1,  8,  1,  1,  0,  4,  1],
       [ 1,  8,  2,  1,  1, 20,  0],
       [ 1,  8,  3,  1,  1,  5,  1],
       [ 1,  9,  0,  1,  1,  5,  0],
       [ 1,  9,  1,  1,  1,  7,  0],
       [ 1,  9,  2,  1,  1, 13,  1],
       [ 1,  9,  3, -1, -1, -1,  1],
       [ 1, 11,  0,  1,  1, 17,  3],
       [ 1, 11,  1,  1,  1, 20,  1],
       [ 1, 11,  2,  1,  0,  6,  2],
       [ 1, 11,  3, -1, -1, -1,  0],
       [ 1, 13,  0, -1, -1, -1,  1],
       [ 1, 13,  1,  1,  1,  9,  2],
       [ 1, 13,  2,  1,  0,  0,  1],
       [ 1, 13,  3, -1, -1, -1,  3],
       [ 1, 20,  0,  1,  1,  8,  2],
       [ 1, 20,  1,  1,  1, 11,  1],
       [ 1, 20,  2,  1,  1,  2,  0],
       [ 1, 20,  3,  1,  1,  5,  2],
       [ 1,  2,  0,  1,  1, 20,  2],
       [ 1,  2,  1,  1,  1, 17,  2],
       [ 1,  2,  2,  1,  1,  1,  2],
       [ 1,  2,  3,  1,  1,  6,  0],
       [ 1, 17,  0,  1,  1, 16,  0],
       [ 1, 17,  1,  1,  1,  1,  3],
       [ 1, 17,  2,  1,  1,  2,  1],
       [ 1, 17,  3,  1,  1, 11,  0],
       [ 1,  1,  0,  2,  1,  3,  3],
       [ 1,  1,  1,  0,  1, 12,  1],
       [ 1,  1,  2,  1,  1,  2,  2],
       [ 1,  1,  3,  1,  1, 17,  1],
       [ 1, 16,  0,  1,  1, 17,  0],
       [ 1, 16,  1, -1, -1, -1,  0],
       [ 1, 16,  2,  2,  0,  2,  0],
       [ 1, 16,  3,  2,  1,  3,  0]]),
        arrays={'spts': {'quad': array([[[0.30641017, 0.41891218],
        [0.49592129, 0.49379152],
        [0.21694446, 0.59326755],
        [0.38534186, 0.6857371 ]],

       [[0.17602583, 0.76842093],
        [0.21694446, 0.59326755],
        [0.32888457, 0.85398126],
        [0.38534186, 0.6857371 ]],

       [[0.5       , 0.        ],
        [0.36671894, 0.22386365],
        [0.25      , 0.        ],
        [0.16878791, 0.18519744]],

       [[0.15453763, 0.36210185],
        [0.16878791, 0.18519744],
        [0.30641017, 0.41891218],
        [0.36671894, 0.22386365]],

       [[0.21694446, 0.59326755],
        [0.        , 0.5       ],
        [0.30641017, 0.41891218],
        [0.15453763, 0.36210185]],

       [[0.        , 0.5       ],
        [0.        , 0.25      ],
        [0.15453763, 0.36210185],
        [0.16878791, 0.18519744]],

       [[0.        , 0.5       ],
        [0.21694446, 0.59326755],
        [0.        , 0.75      ],
        [0.17602583, 0.76842093]],

       [[0.        , 1.        ],
        [0.        , 0.75      ],
        [0.25      , 1.        ],
        [0.17602583, 0.76842093]]]),
                         'tri': array([[[0.32888457, 0.85398126],
        [0.25      , 1.        ],
        [0.17602583, 0.76842093]],

       [[0.        , 0.        ],
        [0.16878791, 0.18519744],
        [0.        , 0.25      ]],

       [[0.16878791, 0.18519744],
        [0.        , 0.        ],
        [0.25      , 0.        ]]])},
                'spts_curved': {'quad': array([False, False, False, False, False, False, False, False]),
                                'tri': array([False, False, False])},
                'spts_nodes': {'quad': array([[22, 31, 34, 24],
       [33, 34, 25, 24],
       [ 6, 21,  5, 17],
       [20, 17, 22, 21],
       [34,  2, 22, 20],
       [ 2,  3, 20, 17],
       [ 2, 34,  1, 33],
       [ 0,  1, 15, 33]]),
                               'tri': array([[25, 15, 33],
       [ 4, 17,  3],
       [17,  4,  5]])}})
[Rank 1] Base totals  →  elems=30 conn-rows=112
[Rank 1] SubMesh(etypes=['quad', 'tri'],
        eidxs_base={'quad': array([ 6,  7, 11, 20,  5,  8,  9, 13]),
                    'tri': array([0, 4, 6])},
        eidxs={'quad': array([ 1,  2,  5,  6,  7,  8,  9, 11, 13, 16, 17, 20]),
               'tri': array([0, 4, 6])},
        con={'quad': array([[[ 2,  1,  2,  3],
        [ 0,  1, 14,  0],
        [ 1,  1,  7,  1],
        [ 1,  1,  5,  3]],

       [[ 1,  1,  9,  1],
        [ 1,  1,  6,  2],
        [ 0,  1, 18,  3],
        [ 1,  0,  0,  2]],

       [[ 2,  1, 17,  3],
        [ 1,  1, 20,  1],
        [ 1,  0,  6,  2],
        [-1, -1, -1,  0]],

       [[ 1,  1,  8,  2],
        [ 1,  1, 11,  1],
        [ 2,  1,  2,  0],
        [ 1,  1,  5,  2]],

       [[ 1,  1,  9,  0],
        [ 1,  1,  8,  3],
        [ 1,  1, 20,  3],
        [ 1,  1,  6,  3]],

       [[-1, -1, -1,  1],
        [ 1,  0,  4,  1],
        [ 1,  1, 20,  0],
        [ 1,  1,  5,  1]],

       [[ 1,  1,  5,  0],
        [ 1,  1,  7,  0],
        [ 1,  1, 13,  1],
        [-1, -1, -1,  1]],

       [[-1, -1, -1,  1],
        [ 1,  1,  9,  2],
        [ 1,  0,  0,  1],
        [-1, -1, -1,  3]]]),
             'tri': array([[[ 0,  0,  3,  1],
        [ 1,  1, 13,  2],
        [ 1,  1,  7,  3]],

       [[ 1,  0,  6,  0],
        [ 1,  1,  8,  1],
        [-1, -1, -1,  1]],

       [[ 1,  0,  4,  0],
        [-1, -1, -1,  0],
        [ 1,  1, 11,  2]]])},
        conn=array([[ 0,  0,  0,  0,  0,  3,  1],
       [ 0,  0,  1,  1,  1, 13,  2],
       [ 0,  0,  2,  1,  1,  7,  3],
       [ 0,  4,  0,  1,  0,  6,  0],
       [ 0,  4,  1,  1,  1,  8,  1],
       [ 0,  4,  2, -1, -1, -1,  1],
       [ 0,  6,  0,  1,  0,  4,  0],
       [ 0,  6,  1, -1, -1, -1,  0],
       [ 0,  6,  2,  1,  1, 11,  2],
       [ 1,  5,  0,  1,  1,  9,  0],
       [ 1,  5,  1,  1,  1,  8,  3],
       [ 1,  5,  2,  1,  1, 20,  3],
       [ 1,  5,  3,  1,  1,  6,  3],
       [ 1,  6,  0,  1,  1,  2,  3],
       [ 1,  6,  1,  0,  1, 14,  0],
       [ 1,  6,  2,  1,  1,  7,  1],
       [ 1,  6,  3,  1,  1,  5,  3],
       [ 1,  7,  0,  1,  1,  9,  1],
       [ 1,  7,  1,  1,  1,  6,  2],
       [ 1,  7,  2,  0,  1, 18,  3],
       [ 1,  7,  3,  1,  0,  0,  2],
       [ 1,  8,  0, -1, -1, -1,  1],
       [ 1,  8,  1,  1,  0,  4,  1],
       [ 1,  8,  2,  1,  1, 20,  0],
       [ 1,  8,  3,  1,  1,  5,  1],
       [ 1,  9,  0,  1,  1,  5,  0],
       [ 1,  9,  1,  1,  1,  7,  0],
       [ 1,  9,  2,  1,  1, 13,  1],
       [ 1,  9,  3, -1, -1, -1,  1],
       [ 1, 11,  0,  1,  1, 17,  3],
       [ 1, 11,  1,  1,  1, 20,  1],
       [ 1, 11,  2,  1,  0,  6,  2],
       [ 1, 11,  3, -1, -1, -1,  0],
       [ 1, 13,  0, -1, -1, -1,  1],
       [ 1, 13,  1,  1,  1,  9,  2],
       [ 1, 13,  2,  1,  0,  0,  1],
       [ 1, 13,  3, -1, -1, -1,  3],
       [ 1, 20,  0,  1,  1,  8,  2],
       [ 1, 20,  1,  1,  1, 11,  1],
       [ 1, 20,  2,  1,  1,  2,  0],
       [ 1, 20,  3,  1,  1,  5,  2],
       [ 1,  2,  0,  1,  1, 20,  2],
       [ 1,  2,  1,  1,  1, 17,  2],
       [ 1,  2,  2,  1,  1,  1,  2],
       [ 1,  2,  3,  1,  1,  6,  0],
       [ 1, 17,  0,  1,  1, 16,  0],
       [ 1, 17,  1,  1,  1,  1,  3],
       [ 1, 17,  2,  1,  1,  2,  1],
       [ 1, 17,  3,  1,  1, 11,  0],
       [ 1,  1,  0,  2,  1,  3,  3],
       [ 1,  1,  1,  0,  1, 12,  1],
       [ 1,  1,  2,  1,  1,  2,  2],
       [ 1,  1,  3,  1,  1, 17,  1],
       [ 1, 16,  0,  1,  1, 17,  0],
       [ 1, 16,  1, -1, -1, -1,  0],
       [ 1, 16,  2,  2,  0,  2,  0],
       [ 1, 16,  3,  2,  1,  3,  0]]),
        arrays={'spts': {'quad': array([[[0.30641017, 0.41891218],
        [0.49592129, 0.49379152],
        [0.21694446, 0.59326755],
        [0.38534186, 0.6857371 ]],

       [[0.17602583, 0.76842093],
        [0.21694446, 0.59326755],
        [0.32888457, 0.85398126],
        [0.38534186, 0.6857371 ]],

       [[0.5       , 0.        ],
        [0.36671894, 0.22386365],
        [0.25      , 0.        ],
        [0.16878791, 0.18519744]],

       [[0.15453763, 0.36210185],
        [0.16878791, 0.18519744],
        [0.30641017, 0.41891218],
        [0.36671894, 0.22386365]],

       [[0.21694446, 0.59326755],
        [0.        , 0.5       ],
        [0.30641017, 0.41891218],
        [0.15453763, 0.36210185]],

       [[0.        , 0.5       ],
        [0.        , 0.25      ],
        [0.15453763, 0.36210185],
        [0.16878791, 0.18519744]],

       [[0.        , 0.5       ],
        [0.21694446, 0.59326755],
        [0.        , 0.75      ],
        [0.17602583, 0.76842093]],

       [[0.        , 1.        ],
        [0.        , 0.75      ],
        [0.25      , 1.        ],
        [0.17602583, 0.76842093]]]),
                         'tri': array([[[0.32888457, 0.85398126],
        [0.25      , 1.        ],
        [0.17602583, 0.76842093]],

       [[0.        , 0.        ],
        [0.16878791, 0.18519744],
        [0.        , 0.25      ]],

       [[0.16878791, 0.18519744],
        [0.        , 0.        ],
        [0.25      , 0.        ]]])},
                'spts_curved': {'quad': array([False, False, False, False, False, False, False, False]),
                                'tri': array([False, False, False])},
                'spts_nodes': {'quad': array([[22, 31, 34, 24],
       [33, 34, 25, 24],
       [ 6, 21,  5, 17],
       [20, 17, 22, 21],
       [34,  2, 22, 20],
       [ 2,  3, 20, 17],
       [ 2, 34,  1, 33],
       [ 0,  1, 15, 33]]),
                               'tri': array([[25, 15, 33],
       [ 4, 17,  3],
       [17,  4,  5]])}})
[Rank 1] Base totals  →  elems=30 conn-rows=112
[Rank 1] SubMesh(etypes=['quad', 'tri'],
        eidxs_base={'quad': array([ 6,  7, 11, 20,  5,  8,  9, 13]),
                    'tri': array([0, 4, 6])},
        eidxs={'quad': array([ 1,  2,  5,  6,  7,  8,  9, 11, 13, 16, 17, 20]),
               'tri': array([0, 4, 6])},
        con={'quad': array([[[ 2,  1,  2,  3],
        [ 0,  1, 14,  0],
        [ 1,  1,  7,  1],
        [ 1,  1,  5,  3]],

       [[ 1,  1,  9,  1],
        [ 1,  1,  6,  2],
        [ 0,  1, 18,  3],
        [ 1,  0,  0,  2]],

       [[ 2,  1, 17,  3],
        [ 1,  1, 20,  1],
        [ 1,  0,  6,  2],
        [-1, -1, -1,  0]],

       [[ 1,  1,  8,  2],
        [ 1,  1, 11,  1],
        [ 2,  1,  2,  0],
        [ 1,  1,  5,  2]],

       [[ 1,  1,  9,  0],
        [ 1,  1,  8,  3],
        [ 1,  1, 20,  3],
        [ 1,  1,  6,  3]],

       [[-1, -1, -1,  1],
        [ 1,  0,  4,  1],
        [ 1,  1, 20,  0],
        [ 1,  1,  5,  1]],

       [[ 1,  1,  5,  0],
        [ 1,  1,  7,  0],
        [ 1,  1, 13,  1],
        [-1, -1, -1,  1]],

       [[-1, -1, -1,  1],
        [ 1,  1,  9,  2],
        [ 1,  0,  0,  1],
        [-1, -1, -1,  3]]]),
             'tri': array([[[ 0,  0,  3,  1],
        [ 1,  1, 13,  2],
        [ 1,  1,  7,  3]],

       [[ 1,  0,  6,  0],
        [ 1,  1,  8,  1],
        [-1, -1, -1,  1]],

       [[ 1,  0,  4,  0],
        [-1, -1, -1,  0],
        [ 1,  1, 11,  2]]])},
        conn=array([[ 0,  0,  0,  0,  0,  3,  1],
       [ 0,  0,  1,  1,  1, 13,  2],
       [ 0,  0,  2,  1,  1,  7,  3],
       [ 0,  4,  0,  1,  0,  6,  0],
       [ 0,  4,  1,  1,  1,  8,  1],
       [ 0,  4,  2, -1, -1, -1,  1],
       [ 0,  6,  0,  1,  0,  4,  0],
       [ 0,  6,  1, -1, -1, -1,  0],
       [ 0,  6,  2,  1,  1, 11,  2],
       [ 1,  5,  0,  1,  1,  9,  0],
       [ 1,  5,  1,  1,  1,  8,  3],
       [ 1,  5,  2,  1,  1, 20,  3],
       [ 1,  5,  3,  1,  1,  6,  3],
       [ 1,  6,  0,  1,  1,  2,  3],
       [ 1,  6,  1,  0,  1, 14,  0],
       [ 1,  6,  2,  1,  1,  7,  1],
       [ 1,  6,  3,  1,  1,  5,  3],
       [ 1,  7,  0,  1,  1,  9,  1],
       [ 1,  7,  1,  1,  1,  6,  2],
       [ 1,  7,  2,  0,  1, 18,  3],
       [ 1,  7,  3,  1,  0,  0,  2],
       [ 1,  8,  0, -1, -1, -1,  1],
       [ 1,  8,  1,  1,  0,  4,  1],
       [ 1,  8,  2,  1,  1, 20,  0],
       [ 1,  8,  3,  1,  1,  5,  1],
       [ 1,  9,  0,  1,  1,  5,  0],
       [ 1,  9,  1,  1,  1,  7,  0],
       [ 1,  9,  2,  1,  1, 13,  1],
       [ 1,  9,  3, -1, -1, -1,  1],
       [ 1, 11,  0,  1,  1, 17,  3],
       [ 1, 11,  1,  1,  1, 20,  1],
       [ 1, 11,  2,  1,  0,  6,  2],
       [ 1, 11,  3, -1, -1, -1,  0],
       [ 1, 13,  0, -1, -1, -1,  1],
       [ 1, 13,  1,  1,  1,  9,  2],
       [ 1, 13,  2,  1,  0,  0,  1],
       [ 1, 13,  3, -1, -1, -1,  3],
       [ 1, 20,  0,  1,  1,  8,  2],
       [ 1, 20,  1,  1,  1, 11,  1],
       [ 1, 20,  2,  1,  1,  2,  0],
       [ 1, 20,  3,  1,  1,  5,  2],
       [ 1,  2,  0,  1,  1, 20,  2],
       [ 1,  2,  1,  1,  1, 17,  2],
       [ 1,  2,  2,  1,  1,  1,  2],
       [ 1,  2,  3,  1,  1,  6,  0],
       [ 1, 17,  0,  1,  1, 16,  0],
       [ 1, 17,  1,  1,  1,  1,  3],
       [ 1, 17,  2,  1,  1,  2,  1],
       [ 1, 17,  3,  1,  1, 11,  0],
       [ 1,  1,  0,  2,  1,  3,  3],
       [ 1,  1,  1,  0,  1, 12,  1],
       [ 1,  1,  2,  1,  1,  2,  2],
       [ 1,  1,  3,  1,  1, 17,  1],
       [ 1, 16,  0,  1,  1, 17,  0],
       [ 1, 16,  1, -1, -1, -1,  0],
       [ 1, 16,  2,  2,  0,  2,  0],
       [ 1, 16,  3,  2,  1,  3,  0]]),
        arrays={'spts': {'quad': array([[[0.30641017, 0.41891218],
        [0.49592129, 0.49379152],
        [0.21694446, 0.59326755],
        [0.38534186, 0.6857371 ]],

       [[0.17602583, 0.76842093],
        [0.21694446, 0.59326755],
        [0.32888457, 0.85398126],
        [0.38534186, 0.6857371 ]],

       [[0.5       , 0.        ],
        [0.36671894, 0.22386365],
        [0.25      , 0.        ],
        [0.16878791, 0.18519744]],

       [[0.15453763, 0.36210185],
        [0.16878791, 0.18519744],
        [0.30641017, 0.41891218],
        [0.36671894, 0.22386365]],

       [[0.21694446, 0.59326755],
        [0.        , 0.5       ],
        [0.30641017, 0.41891218],
        [0.15453763, 0.36210185]],

       [[0.        , 0.5       ],
        [0.        , 0.25      ],
        [0.15453763, 0.36210185],
        [0.16878791, 0.18519744]],

       [[0.        , 0.5       ],
        [0.21694446, 0.59326755],
        [0.        , 0.75      ],
        [0.17602583, 0.76842093]],

       [[0.        , 1.        ],
        [0.        , 0.75      ],
        [0.25      , 1.        ],
        [0.17602583, 0.76842093]]]),
                         'tri': array([[[0.32888457, 0.85398126],
        [0.25      , 1.        ],
        [0.17602583, 0.76842093]],

       [[0.        , 0.        ],
        [0.16878791, 0.18519744],
        [0.        , 0.25      ]],

       [[0.16878791, 0.18519744],
        [0.        , 0.        ],
        [0.25      , 0.        ]]])},
                'spts_curved': {'quad': array([False, False, False, False, False, False, False, False]),
                                'tri': array([False, False, False])},
                'spts_nodes': {'quad': array([[22, 31, 34, 24],
       [33, 34, 25, 24],
       [ 6, 21,  5, 17],
       [20, 17, 22, 21],
       [34,  2, 22, 20],
       [ 2,  3, 20, 17],
       [ 2, 34,  1, 33],
       [ 0,  1, 15, 33]]),
                               'tri': array([[25, 15, 33],
       [ 4, 17,  3],
       [17,  4,  5]])}})
[Rank 1] Base totals  →  elems=30 conn-rows=112
[Rank 1] SubMesh(etypes=['quad', 'tri'],
        eidxs_base={'quad': array([ 6,  7, 11, 20,  5,  8,  9, 13]),
                    'tri': array([0, 4, 6])},
        eidxs={'quad': array([ 6,  7, 11, 20,  5,  8,  9, 13]),
               'tri': array([0, 4, 6])},
        con={'quad': array([[[ 2,  1,  2,  3],
        [ 0,  1, 14,  0],
        [ 1,  1,  7,  1],
        [ 1,  1,  5,  3]],

       [[ 1,  1,  9,  1],
        [ 1,  1,  6,  2],
        [ 0,  1, 18,  3],
        [ 1,  0,  0,  2]],

       [[ 2,  1, 17,  3],
        [ 1,  1, 20,  1],
        [ 1,  0,  6,  2],
        [-1, -1, -1,  0]],

       [[ 1,  1,  8,  2],
        [ 1,  1, 11,  1],
        [ 2,  1,  2,  0],
        [ 1,  1,  5,  2]],

       [[ 1,  1,  9,  0],
        [ 1,  1,  8,  3],
        [ 1,  1, 20,  3],
        [ 1,  1,  6,  3]],

       [[-1, -1, -1,  1],
        [ 1,  0,  4,  1],
        [ 1,  1, 20,  0],
        [ 1,  1,  5,  1]],

       [[ 1,  1,  5,  0],
        [ 1,  1,  7,  0],
        [ 1,  1, 13,  1],
        [-1, -1, -1,  1]],

       [[-1, -1, -1,  1],
        [ 1,  1,  9,  2],
        [ 1,  0,  0,  1],
        [-1, -1, -1,  3]]]),
             'tri': array([[[ 0,  0,  3,  1],
        [ 1,  1, 13,  2],
        [ 1,  1,  7,  3]],

       [[ 1,  0,  6,  0],
        [ 1,  1,  8,  1],
        [-1, -1, -1,  1]],

       [[ 1,  0,  4,  0],
        [-1, -1, -1,  0],
        [ 1,  1, 11,  2]]])},
        conn=array([[ 0,  0,  0,  0,  0,  3,  1],
       [ 0,  0,  1,  1,  1, 13,  2],
       [ 0,  0,  2,  1,  1,  7,  3],
       [ 0,  4,  0,  1,  0,  6,  0],
       [ 0,  4,  1,  1,  1,  8,  1],
       [ 0,  4,  2, -1, -1, -1,  1],
       [ 0,  6,  0,  1,  0,  4,  0],
       [ 0,  6,  1, -1, -1, -1,  0],
       [ 0,  6,  2,  1,  1, 11,  2],
       [ 1,  5,  0,  1,  1,  9,  0],
       [ 1,  5,  1,  1,  1,  8,  3],
       [ 1,  5,  2,  1,  1, 20,  3],
       [ 1,  5,  3,  1,  1,  6,  3],
       [ 1,  6,  0,  2,  1,  2,  3],
       [ 1,  6,  1,  0,  1, 14,  0],
       [ 1,  6,  2,  1,  1,  7,  1],
       [ 1,  6,  3,  1,  1,  5,  3],
       [ 1,  7,  0,  1,  1,  9,  1],
       [ 1,  7,  1,  1,  1,  6,  2],
       [ 1,  7,  2,  0,  1, 18,  3],
       [ 1,  7,  3,  1,  0,  0,  2],
       [ 1,  8,  0, -1, -1, -1,  1],
       [ 1,  8,  1,  1,  0,  4,  1],
       [ 1,  8,  2,  1,  1, 20,  0],
       [ 1,  8,  3,  1,  1,  5,  1],
       [ 1,  9,  0,  1,  1,  5,  0],
       [ 1,  9,  1,  1,  1,  7,  0],
       [ 1,  9,  2,  1,  1, 13,  1],
       [ 1,  9,  3, -1, -1, -1,  1],
       [ 1, 11,  0,  2,  1, 17,  3],
       [ 1, 11,  1,  1,  1, 20,  1],
       [ 1, 11,  2,  1,  0,  6,  2],
       [ 1, 11,  3, -1, -1, -1,  0],
       [ 1, 13,  0, -1, -1, -1,  1],
       [ 1, 13,  1,  1,  1,  9,  2],
       [ 1, 13,  2,  1,  0,  0,  1],
       [ 1, 13,  3, -1, -1, -1,  3],
       [ 1, 20,  0,  1,  1,  8,  2],
       [ 1, 20,  1,  1,  1, 11,  1],
       [ 1, 20,  2,  2,  1,  2,  0],
       [ 1, 20,  3,  1,  1,  5,  2]]),
        arrays={'spts': {'quad': array([[[0.30641017, 0.41891218],
        [0.49592129, 0.49379152],
        [0.21694446, 0.59326755],
        [0.38534186, 0.6857371 ]],

       [[0.17602583, 0.76842093],
        [0.21694446, 0.59326755],
        [0.32888457, 0.85398126],
        [0.38534186, 0.6857371 ]],

       [[0.5       , 0.        ],
        [0.36671894, 0.22386365],
        [0.25      , 0.        ],
        [0.16878791, 0.18519744]],

       [[0.15453763, 0.36210185],
        [0.16878791, 0.18519744],
        [0.30641017, 0.41891218],
        [0.36671894, 0.22386365]],

       [[0.21694446, 0.59326755],
        [0.        , 0.5       ],
        [0.30641017, 0.41891218],
        [0.15453763, 0.36210185]],

       [[0.        , 0.5       ],
        [0.        , 0.25      ],
        [0.15453763, 0.36210185],
        [0.16878791, 0.18519744]],

       [[0.        , 0.5       ],
        [0.21694446, 0.59326755],
        [0.        , 0.75      ],
        [0.17602583, 0.76842093]],

       [[0.        , 1.        ],
        [0.        , 0.75      ],
        [0.25      , 1.        ],
        [0.17602583, 0.76842093]]]),
                         'tri': array([[[0.32888457, 0.85398126],
        [0.25      , 1.        ],
        [0.17602583, 0.76842093]],

       [[0.        , 0.        ],
        [0.16878791, 0.18519744],
        [0.        , 0.25      ]],

       [[0.16878791, 0.18519744],
        [0.        , 0.        ],
        [0.25      , 0.        ]]])},
                'spts_curved': {'quad': array([False, False, False, False, False, False, False, False]),
                                'tri': array([False, False, False])},
                'spts_nodes': {'quad': array([[22, 31, 34, 24],
       [33, 34, 25, 24],
       [ 6, 21,  5, 17],
       [20, 17, 22, 21],
       [34,  2, 22, 20],
       [ 2,  3, 20, 17],
       [ 2, 34,  1, 33],
       [ 0,  1, 15, 33]]),
                               'tri': array([[25, 15, 33],
       [ 4, 17,  3],
       [17,  4,  5]])}})
[Rank 1] Base totals  →  elems=30 conn-rows=112
[Rank 1] SubMesh(etypes=['quad', 'tri'],
        eidxs_base={'quad': array([ 6,  7, 11, 20,  5,  8,  9, 13]),
                    'tri': array([0, 4, 6])},
        eidxs={'quad': array([ 6,  7, 11, 20,  5,  8,  9, 13]),
               'tri': array([0, 4, 6])},
        con={'quad': array([[[ 2,  1,  2,  3],
        [ 0,  1, 14,  0],
        [ 1,  1,  7,  1],
        [ 1,  1,  5,  3]],

       [[ 1,  1,  9,  1],
        [ 1,  1,  6,  2],
        [ 0,  1, 18,  3],
        [ 1,  0,  0,  2]],

       [[ 2,  1, 17,  3],
        [ 1,  1, 20,  1],
        [ 1,  0,  6,  2],
        [-1, -1, -1,  0]],

       [[ 1,  1,  8,  2],
        [ 1,  1, 11,  1],
        [ 2,  1,  2,  0],
        [ 1,  1,  5,  2]],

       [[ 1,  1,  9,  0],
        [ 1,  1,  8,  3],
        [ 1,  1, 20,  3],
        [ 1,  1,  6,  3]],

       [[-1, -1, -1,  1],
        [ 1,  0,  4,  1],
        [ 1,  1, 20,  0],
        [ 1,  1,  5,  1]],

       [[ 1,  1,  5,  0],
        [ 1,  1,  7,  0],
        [ 1,  1, 13,  1],
        [-1, -1, -1,  1]],

       [[-1, -1, -1,  1],
        [ 1,  1,  9,  2],
        [ 1,  0,  0,  1],
        [-1, -1, -1,  3]]]),
             'tri': array([[[ 0,  0,  3,  1],
        [ 1,  1, 13,  2],
        [ 1,  1,  7,  3]],

       [[ 1,  0,  6,  0],
        [ 1,  1,  8,  1],
        [-1, -1, -1,  1]],

       [[ 1,  0,  4,  0],
        [-1, -1, -1,  0],
        [ 1,  1, 11,  2]]])},
        conn=array([[ 0,  0,  0,  0,  0,  3,  1],
       [ 0,  0,  1,  1,  1, 13,  2],
       [ 0,  0,  2,  1,  1,  7,  3],
       [ 0,  4,  0,  1,  0,  6,  0],
       [ 0,  4,  1,  1,  1,  8,  1],
       [ 0,  4,  2, -1, -1, -1,  1],
       [ 0,  6,  0,  1,  0,  4,  0],
       [ 0,  6,  1, -1, -1, -1,  0],
       [ 0,  6,  2,  1,  1, 11,  2],
       [ 1,  5,  0,  1,  1,  9,  0],
       [ 1,  5,  1,  1,  1,  8,  3],
       [ 1,  5,  2,  1,  1, 20,  3],
       [ 1,  5,  3,  1,  1,  6,  3],
       [ 1,  6,  0,  2,  1,  2,  3],
       [ 1,  6,  1,  0,  1, 14,  0],
       [ 1,  6,  2,  1,  1,  7,  1],
       [ 1,  6,  3,  1,  1,  5,  3],
       [ 1,  7,  0,  1,  1,  9,  1],
       [ 1,  7,  1,  1,  1,  6,  2],
       [ 1,  7,  2,  0,  1, 18,  3],
       [ 1,  7,  3,  1,  0,  0,  2],
       [ 1,  8,  0, -1, -1, -1,  1],
       [ 1,  8,  1,  1,  0,  4,  1],
       [ 1,  8,  2,  1,  1, 20,  0],
       [ 1,  8,  3,  1,  1,  5,  1],
       [ 1,  9,  0,  1,  1,  5,  0],
       [ 1,  9,  1,  1,  1,  7,  0],
       [ 1,  9,  2,  1,  1, 13,  1],
       [ 1,  9,  3, -1, -1, -1,  1],
       [ 1, 11,  0,  2,  1, 17,  3],
       [ 1, 11,  1,  1,  1, 20,  1],
       [ 1, 11,  2,  1,  0,  6,  2],
       [ 1, 11,  3, -1, -1, -1,  0],
       [ 1, 13,  0, -1, -1, -1,  1],
       [ 1, 13,  1,  1,  1,  9,  2],
       [ 1, 13,  2,  1,  0,  0,  1],
       [ 1, 13,  3, -1, -1, -1,  3],
       [ 1, 20,  0,  1,  1,  8,  2],
       [ 1, 20,  1,  1,  1, 11,  1],
       [ 1, 20,  2,  2,  1,  2,  0],
       [ 1, 20,  3,  1,  1,  5,  2]]),
        arrays={'spts': {'quad': array([[[0.30641017, 0.41891218],
        [0.49592129, 0.49379152],
        [0.21694446, 0.59326755],
        [0.38534186, 0.6857371 ]],

       [[0.17602583, 0.76842093],
        [0.21694446, 0.59326755],
        [0.32888457, 0.85398126],
        [0.38534186, 0.6857371 ]],

       [[0.5       , 0.        ],
        [0.36671894, 0.22386365],
        [0.25      , 0.        ],
        [0.16878791, 0.18519744]],

       [[0.15453763, 0.36210185],
        [0.16878791, 0.18519744],
        [0.30641017, 0.41891218],
        [0.36671894, 0.22386365]],

       [[0.21694446, 0.59326755],
        [0.        , 0.5       ],
        [0.30641017, 0.41891218],
        [0.15453763, 0.36210185]],

       [[0.        , 0.5       ],
        [0.        , 0.25      ],
        [0.15453763, 0.36210185],
        [0.16878791, 0.18519744]],

       [[0.        , 0.5       ],
        [0.21694446, 0.59326755],
        [0.        , 0.75      ],
        [0.17602583, 0.76842093]],

       [[0.        , 1.        ],
        [0.        , 0.75      ],
        [0.25      , 1.        ],
        [0.17602583, 0.76842093]]]),
                         'tri': array([[[0.32888457, 0.85398126],
        [0.25      , 1.        ],
        [0.17602583, 0.76842093]],

       [[0.        , 0.        ],
        [0.16878791, 0.18519744],
        [0.        , 0.25      ]],

       [[0.16878791, 0.18519744],
        [0.        , 0.        ],
        [0.25      , 0.        ]]])},
                'spts_curved': {'quad': array([False, False, False, False, False, False, False, False]),
                                'tri': array([False, False, False])},
                'spts_nodes': {'quad': array([[22, 31, 34, 24],
       [33, 34, 25, 24],
       [ 6, 21,  5, 17],
       [20, 17, 22, 21],
       [34,  2, 22, 20],
       [ 2,  3, 20, 17],
       [ 2, 34,  1, 33],
       [ 0,  1, 15, 33]]),
                               'tri': array([[25, 15, 33],
       [ 4, 17,  3],
       [17,  4,  5]])}})
[Rank 1] Base totals  →  elems=30 conn-rows=112
[Rank 1] SubMesh(etypes=['quad', 'tri'],
        eidxs_base={'quad': array([ 6,  7, 11, 20,  5,  8,  9, 13]),
                    'tri': array([0, 4, 6])},
        eidxs={'quad': array([ 6,  7, 11, 20,  5,  8,  9, 13]),
               'tri': array([0, 4, 6])},
        con={'quad': array([[[ 2,  1,  2,  3],
        [ 0,  1, 14,  0],
        [ 1,  1,  7,  1],
        [ 1,  1,  5,  3]],

       [[ 1,  1,  9,  1],
        [ 1,  1,  6,  2],
        [ 0,  1, 18,  3],
        [ 1,  0,  0,  2]],

       [[ 2,  1, 17,  3],
        [ 1,  1, 20,  1],
        [ 1,  0,  6,  2],
        [-1, -1, -1,  0]],

       [[ 1,  1,  8,  2],
        [ 1,  1, 11,  1],
        [ 2,  1,  2,  0],
        [ 1,  1,  5,  2]],

       [[ 1,  1,  9,  0],
        [ 1,  1,  8,  3],
        [ 1,  1, 20,  3],
        [ 1,  1,  6,  3]],

       [[-1, -1, -1,  1],
        [ 1,  0,  4,  1],
        [ 1,  1, 20,  0],
        [ 1,  1,  5,  1]],

       [[ 1,  1,  5,  0],
        [ 1,  1,  7,  0],
        [ 1,  1, 13,  1],
        [-1, -1, -1,  1]],

       [[-1, -1, -1,  1],
        [ 1,  1,  9,  2],
        [ 1,  0,  0,  1],
        [-1, -1, -1,  3]]]),
             'tri': array([[[ 0,  0,  3,  1],
        [ 1,  1, 13,  2],
        [ 1,  1,  7,  3]],

       [[ 1,  0,  6,  0],
        [ 1,  1,  8,  1],
        [-1, -1, -1,  1]],

       [[ 1,  0,  4,  0],
        [-1, -1, -1,  0],
        [ 1,  1, 11,  2]]])},
        conn=array([[ 0,  0,  0,  0,  0,  3,  1],
       [ 0,  0,  1,  1,  1, 13,  2],
       [ 0,  0,  2,  1,  1,  7,  3],
       [ 0,  4,  0,  1,  0,  6,  0],
       [ 0,  4,  1,  1,  1,  8,  1],
       [ 0,  4,  2, -1, -1, -1,  1],
       [ 0,  6,  0,  1,  0,  4,  0],
       [ 0,  6,  1, -1, -1, -1,  0],
       [ 0,  6,  2,  1,  1, 11,  2],
       [ 1,  5,  0,  1,  1,  9,  0],
       [ 1,  5,  1,  1,  1,  8,  3],
       [ 1,  5,  2,  1,  1, 20,  3],
       [ 1,  5,  3,  1,  1,  6,  3],
       [ 1,  6,  0,  2,  1,  2,  3],
       [ 1,  6,  1,  0,  1, 14,  0],
       [ 1,  6,  2,  1,  1,  7,  1],
       [ 1,  6,  3,  1,  1,  5,  3],
       [ 1,  7,  0,  1,  1,  9,  1],
       [ 1,  7,  1,  1,  1,  6,  2],
       [ 1,  7,  2,  0,  1, 18,  3],
       [ 1,  7,  3,  1,  0,  0,  2],
       [ 1,  8,  0, -1, -1, -1,  1],
       [ 1,  8,  1,  1,  0,  4,  1],
       [ 1,  8,  2,  1,  1, 20,  0],
       [ 1,  8,  3,  1,  1,  5,  1],
       [ 1,  9,  0,  1,  1,  5,  0],
       [ 1,  9,  1,  1,  1,  7,  0],
       [ 1,  9,  2,  1,  1, 13,  1],
       [ 1,  9,  3, -1, -1, -1,  1],
       [ 1, 11,  0,  2,  1, 17,  3],
       [ 1, 11,  1,  1,  1, 20,  1],
       [ 1, 11,  2,  1,  0,  6,  2],
       [ 1, 11,  3, -1, -1, -1,  0],
       [ 1, 13,  0, -1, -1, -1,  1],
       [ 1, 13,  1,  1,  1,  9,  2],
       [ 1, 13,  2,  1,  0,  0,  1],
       [ 1, 13,  3, -1, -1, -1,  3],
       [ 1, 20,  0,  1,  1,  8,  2],
       [ 1, 20,  1,  1,  1, 11,  1],
       [ 1, 20,  2,  2,  1,  2,  0],
       [ 1, 20,  3,  1,  1,  5,  2]]),
        arrays={'spts': {'quad': array([[[0.30641017, 0.41891218],
        [0.49592129, 0.49379152],
        [0.21694446, 0.59326755],
        [0.38534186, 0.6857371 ]],

       [[0.17602583, 0.76842093],
        [0.21694446, 0.59326755],
        [0.32888457, 0.85398126],
        [0.38534186, 0.6857371 ]],

       [[0.5       , 0.        ],
        [0.36671894, 0.22386365],
        [0.25      , 0.        ],
        [0.16878791, 0.18519744]],

       [[0.15453763, 0.36210185],
        [0.16878791, 0.18519744],
        [0.30641017, 0.41891218],
        [0.36671894, 0.22386365]],

       [[0.21694446, 0.59326755],
        [0.        , 0.5       ],
        [0.30641017, 0.41891218],
        [0.15453763, 0.36210185]],

       [[0.        , 0.5       ],
        [0.        , 0.25      ],
        [0.15453763, 0.36210185],
        [0.16878791, 0.18519744]],

       [[0.        , 0.5       ],
        [0.21694446, 0.59326755],
        [0.        , 0.75      ],
        [0.17602583, 0.76842093]],

       [[0.        , 1.        ],
        [0.        , 0.75      ],
        [0.25      , 1.        ],
        [0.17602583, 0.76842093]]]),
                         'tri': array([[[0.32888457, 0.85398126],
        [0.25      , 1.        ],
        [0.17602583, 0.76842093]],

       [[0.        , 0.        ],
        [0.16878791, 0.18519744],
        [0.        , 0.25      ]],

       [[0.16878791, 0.18519744],
        [0.        , 0.        ],
        [0.25      , 0.        ]]])},
                'spts_curved': {'quad': array([False, False, False, False, False, False, False, False]),
                                'tri': array([False, False, False])},
                'spts_nodes': {'quad': array([[22, 31, 34, 24],
       [33, 34, 25, 24],
       [ 6, 21,  5, 17],
       [20, 17, 22, 21],
       [34,  2, 22, 20],
       [ 2,  3, 20, 17],
       [ 2, 34,  1, 33],
       [ 0,  1, 15, 33]]),
                               'tri': array([[25, 15, 33],
       [ 4, 17,  3],
       [17,  4,  5]])}})
[Rank 1] Base totals  →  elems=30 conn-rows=112
[Rank 1] SubMesh(etypes=['quad', 'tri'],
        eidxs_base={'quad': array([ 6,  7, 11, 20,  5,  8,  9, 13]),
                    'tri': array([0, 4, 6])},
        eidxs={'quad': array([ 6,  7, 11, 20,  5,  8,  9, 13]),
               'tri': array([0, 4, 6])},
        con={'quad': array([[[ 2,  1,  2,  3],
        [ 0,  1, 14,  0],
        [ 1,  1,  7,  1],
        [ 1,  1,  5,  3]],

       [[ 1,  1,  9,  1],
        [ 1,  1,  6,  2],
        [ 0,  1, 18,  3],
        [ 1,  0,  0,  2]],

       [[ 2,  1, 17,  3],
        [ 1,  1, 20,  1],
        [ 1,  0,  6,  2],
        [-1, -1, -1,  0]],

       [[ 1,  1,  8,  2],
        [ 1,  1, 11,  1],
        [ 2,  1,  2,  0],
        [ 1,  1,  5,  2]],

       [[ 1,  1,  9,  0],
        [ 1,  1,  8,  3],
        [ 1,  1, 20,  3],
        [ 1,  1,  6,  3]],

       [[-1, -1, -1,  1],
        [ 1,  0,  4,  1],
        [ 1,  1, 20,  0],
        [ 1,  1,  5,  1]],

       [[ 1,  1,  5,  0],
        [ 1,  1,  7,  0],
        [ 1,  1, 13,  1],
        [-1, -1, -1,  1]],

       [[-1, -1, -1,  1],
        [ 1,  1,  9,  2],
        [ 1,  0,  0,  1],
        [-1, -1, -1,  3]]]),
             'tri': array([[[ 0,  0,  3,  1],
        [ 1,  1, 13,  2],
        [ 1,  1,  7,  3]],

       [[ 1,  0,  6,  0],
        [ 1,  1,  8,  1],
        [-1, -1, -1,  1]],

       [[ 1,  0,  4,  0],
        [-1, -1, -1,  0],
        [ 1,  1, 11,  2]]])},
        conn=array([[ 0,  0,  0,  0,  0,  3,  1],
       [ 0,  0,  1,  1,  1, 13,  2],
       [ 0,  0,  2,  1,  1,  7,  3],
       [ 0,  4,  0,  1,  0,  6,  0],
       [ 0,  4,  1,  1,  1,  8,  1],
       [ 0,  4,  2, -1, -1, -1,  1],
       [ 0,  6,  0,  1,  0,  4,  0],
       [ 0,  6,  1, -1, -1, -1,  0],
       [ 0,  6,  2,  1,  1, 11,  2],
       [ 1,  5,  0,  1,  1,  9,  0],
       [ 1,  5,  1,  1,  1,  8,  3],
       [ 1,  5,  2,  1,  1, 20,  3],
       [ 1,  5,  3,  1,  1,  6,  3],
       [ 1,  6,  0,  2,  1,  2,  3],
       [ 1,  6,  1,  0,  1, 14,  0],
       [ 1,  6,  2,  1,  1,  7,  1],
       [ 1,  6,  3,  1,  1,  5,  3],
       [ 1,  7,  0,  1,  1,  9,  1],
       [ 1,  7,  1,  1,  1,  6,  2],
       [ 1,  7,  2,  0,  1, 18,  3],
       [ 1,  7,  3,  1,  0,  0,  2],
       [ 1,  8,  0, -1, -1, -1,  1],
       [ 1,  8,  1,  1,  0,  4,  1],
       [ 1,  8,  2,  1,  1, 20,  0],
       [ 1,  8,  3,  1,  1,  5,  1],
       [ 1,  9,  0,  1,  1,  5,  0],
       [ 1,  9,  1,  1,  1,  7,  0],
       [ 1,  9,  2,  1,  1, 13,  1],
       [ 1,  9,  3, -1, -1, -1,  1],
       [ 1, 11,  0,  2,  1, 17,  3],
       [ 1, 11,  1,  1,  1, 20,  1],
       [ 1, 11,  2,  1,  0,  6,  2],
       [ 1, 11,  3, -1, -1, -1,  0],
       [ 1, 13,  0, -1, -1, -1,  1],
       [ 1, 13,  1,  1,  1,  9,  2],
       [ 1, 13,  2,  1,  0,  0,  1],
       [ 1, 13,  3, -1, -1, -1,  3],
       [ 1, 20,  0,  1,  1,  8,  2],
       [ 1, 20,  1,  1,  1, 11,  1],
       [ 1, 20,  2,  2,  1,  2,  0],
       [ 1, 20,  3,  1,  1,  5,  2]]),
        arrays={'spts': {'quad': array([[[0.30641017, 0.41891218],
        [0.49592129, 0.49379152],
        [0.21694446, 0.59326755],
        [0.38534186, 0.6857371 ]],

       [[0.17602583, 0.76842093],
        [0.21694446, 0.59326755],
        [0.32888457, 0.85398126],
        [0.38534186, 0.6857371 ]],

       [[0.5       , 0.        ],
        [0.36671894, 0.22386365],
        [0.25      , 0.        ],
        [0.16878791, 0.18519744]],

       [[0.15453763, 0.36210185],
        [0.16878791, 0.18519744],
        [0.30641017, 0.41891218],
        [0.36671894, 0.22386365]],

       [[0.21694446, 0.59326755],
        [0.        , 0.5       ],
        [0.30641017, 0.41891218],
        [0.15453763, 0.36210185]],

       [[0.        , 0.5       ],
        [0.        , 0.25      ],
        [0.15453763, 0.36210185],
        [0.16878791, 0.18519744]],

       [[0.        , 0.5       ],
        [0.21694446, 0.59326755],
        [0.        , 0.75      ],
        [0.17602583, 0.76842093]],

       [[0.        , 1.        ],
        [0.        , 0.75      ],
        [0.25      , 1.        ],
        [0.17602583, 0.76842093]]]),
                         'tri': array([[[0.32888457, 0.85398126],
        [0.25      , 1.        ],
        [0.17602583, 0.76842093]],

       [[0.        , 0.        ],
        [0.16878791, 0.18519744],
        [0.        , 0.25      ]],

       [[0.16878791, 0.18519744],
        [0.        , 0.        ],
        [0.25      , 0.        ]]])},
                'spts_curved': {'quad': array([False, False, False, False, False, False, False, False]),
                                'tri': array([False, False, False])},
                'spts_nodes': {'quad': array([[22, 31, 34, 24],
       [33, 34, 25, 24],
       [ 6, 21,  5, 17],
       [20, 17, 22, 21],
       [34,  2, 22, 20],
       [ 2,  3, 20, 17],
       [ 2, 34,  1, 33],
       [ 0,  1, 15, 33]]),
                               'tri': array([[25, 15, 33],
       [ 4, 17,  3],
       [17,  4,  5]])}})
[Rank 1] Base totals  →  elems=30 conn-rows=112
[Rank 1] Base totals  →  elems=30 conn-rows=112
[Rank 1] Base totals  →  elems=30 conn-rows=112
[Rank 1] Base totals  →  elems=30 conn-rows=112
[Rank 1] Base totals  →  elems=30 conn-rows=112
[Rank 1] Base totals  →  elems=30 conn-rows=112
[Rank 1] Base totals  →  elems=30 conn-rows=112
[Rank 1] Base totals  →  elems=30 conn-rows=112
[Rank 1] Base totals  →  elems=30 conn-rows=112
[Rank 1] Base totals  →  elems=30 conn-rows=112
[Rank 1] Base totals  →  elems=30 conn-rows=112
[Rank 1] Base totals  →  elems=30 conn-rows=112
[Rank 1] Base totals  →  elems=30 conn-rows=112
[Rank 1] Base totals  →  elems=30 conn-rows=112
[Rank 1] SubMesh(etypes=['quad', 'tri'],
        eidxs_base={'quad': array([ 6,  7, 11, 20,  5,  8,  9, 13]),
                    'tri': array([0, 4, 6])},
        eidxs={'quad': array([ 6,  7, 11, 20,  5,  8,  9, 13]),
               'tri': array([0, 4, 6])},
        con={'quad': array([[[ 2,  1,  2,  3],
        [ 0,  1, 14,  0],
        [ 1,  1,  7,  1],
        [ 1,  1,  5,  3]],

       [[ 1,  1,  9,  1],
        [ 1,  1,  6,  2],
        [ 0,  1, 18,  3],
        [ 1,  0,  0,  2]],

       [[ 2,  1, 17,  3],
        [ 1,  1, 20,  1],
        [ 1,  0,  6,  2],
        [-1, -1, -1,  0]],

       [[ 1,  1,  8,  2],
        [ 1,  1, 11,  1],
        [ 2,  1,  2,  0],
        [ 1,  1,  5,  2]],

       [[ 1,  1,  9,  0],
        [ 1,  1,  8,  3],
        [ 1,  1, 20,  3],
        [ 1,  1,  6,  3]],

       [[-1, -1, -1,  1],
        [ 1,  0,  4,  1],
        [ 1,  1, 20,  0],
        [ 1,  1,  5,  1]],

       [[ 1,  1,  5,  0],
        [ 1,  1,  7,  0],
        [ 1,  1, 13,  1],
        [-1, -1, -1,  1]],

       [[-1, -1, -1,  1],
        [ 1,  1,  9,  2],
        [ 1,  0,  0,  1],
        [-1, -1, -1,  3]]]),
             'tri': array([[[ 0,  0,  3,  1],
        [ 1,  1, 13,  2],
        [ 1,  1,  7,  3]],

       [[ 1,  0,  6,  0],
        [ 1,  1,  8,  1],
        [-1, -1, -1,  1]],

       [[ 1,  0,  4,  0],
        [-1, -1, -1,  0],
        [ 1,  1, 11,  2]]])},
        conn=array([[ 0,  0,  0,  0,  0,  3,  1],
       [ 0,  0,  1,  1,  1, 13,  2],
       [ 0,  0,  2,  1,  1,  7,  3],
       [ 0,  4,  0,  1,  0,  6,  0],
       [ 0,  4,  1,  1,  1,  8,  1],
       [ 0,  4,  2, -1, -1, -1,  1],
       [ 0,  6,  0,  1,  0,  4,  0],
       [ 0,  6,  1, -1, -1, -1,  0],
       [ 0,  6,  2,  1,  1, 11,  2],
       [ 1,  5,  0,  1,  1,  9,  0],
       [ 1,  5,  1,  1,  1,  8,  3],
       [ 1,  5,  2,  1,  1, 20,  3],
       [ 1,  5,  3,  1,  1,  6,  3],
       [ 1,  6,  0,  2,  1,  2,  3],
       [ 1,  6,  1,  0,  1, 14,  0],
       [ 1,  6,  2,  1,  1,  7,  1],
       [ 1,  6,  3,  1,  1,  5,  3],
       [ 1,  7,  0,  1,  1,  9,  1],
       [ 1,  7,  1,  1,  1,  6,  2],
       [ 1,  7,  2,  0,  1, 18,  3],
       [ 1,  7,  3,  1,  0,  0,  2],
       [ 1,  8,  0, -1, -1, -1,  1],
       [ 1,  8,  1,  1,  0,  4,  1],
       [ 1,  8,  2,  1,  1, 20,  0],
       [ 1,  8,  3,  1,  1,  5,  1],
       [ 1,  9,  0,  1,  1,  5,  0],
       [ 1,  9,  1,  1,  1,  7,  0],
       [ 1,  9,  2,  1,  1, 13,  1],
       [ 1,  9,  3, -1, -1, -1,  1],
       [ 1, 11,  0,  2,  1, 17,  3],
       [ 1, 11,  1,  1,  1, 20,  1],
       [ 1, 11,  2,  1,  0,  6,  2],
       [ 1, 11,  3, -1, -1, -1,  0],
       [ 1, 13,  0, -1, -1, -1,  1],
       [ 1, 13,  1,  1,  1,  9,  2],
       [ 1, 13,  2,  1,  0,  0,  1],
       [ 1, 13,  3, -1, -1, -1,  3],
       [ 1, 20,  0,  1,  1,  8,  2],
       [ 1, 20,  1,  1,  1, 11,  1],
       [ 1, 20,  2,  2,  1,  2,  0],
       [ 1, 20,  3,  1,  1,  5,  2]]),
        arrays={'spts': {'quad': array([[[0.30641017, 0.41891218],
        [0.49592129, 0.49379152],
        [0.21694446, 0.59326755],
        [0.38534186, 0.6857371 ]],

       [[0.17602583, 0.76842093],
        [0.21694446, 0.59326755],
        [0.32888457, 0.85398126],
        [0.38534186, 0.6857371 ]],

       [[0.5       , 0.        ],
        [0.36671894, 0.22386365],
        [0.25      , 0.        ],
        [0.16878791, 0.18519744]],

       [[0.15453763, 0.36210185],
        [0.16878791, 0.18519744],
        [0.30641017, 0.41891218],
        [0.36671894, 0.22386365]],

       [[0.21694446, 0.59326755],
        [0.        , 0.5       ],
        [0.30641017, 0.41891218],
        [0.15453763, 0.36210185]],

       [[0.        , 0.5       ],
        [0.        , 0.25      ],
        [0.15453763, 0.36210185],
        [0.16878791, 0.18519744]],

       [[0.        , 0.5       ],
        [0.21694446, 0.59326755],
        [0.        , 0.75      ],
        [0.17602583, 0.76842093]],

       [[0.        , 1.        ],
        [0.        , 0.75      ],
        [0.25      , 1.        ],
        [0.17602583, 0.76842093]]]),
                         'tri': array([[[0.32888457, 0.85398126],
        [0.25      , 1.        ],
        [0.17602583, 0.76842093]],

       [[0.        , 0.        ],
        [0.16878791, 0.18519744],
        [0.        , 0.25      ]],

       [[0.16878791, 0.18519744],
        [0.        , 0.        ],
        [0.25      , 0.        ]]])},
                'spts_curved': {'quad': array([False, False, False, False, False, False, False, False]),
                                'tri': array([False, False, False])},
                'spts_nodes': {'quad': array([[22, 31, 34, 24],
       [33, 34, 25, 24],
       [ 6, 21,  5, 17],
       [20, 17, 22, 21],
       [34,  2, 22, 20],
       [ 2,  3, 20, 17],
       [ 2, 34,  1, 33],
       [ 0,  1, 15, 33]]),
                               'tri': array([[25, 15, 33],
       [ 4, 17,  3],
       [17,  4,  5]])}})
[Rank 1] Base totals  →  elems=30 conn-rows=112
[Rank 1] SubMesh(etypes=['quad', 'tri'],
        eidxs_base={'quad': array([ 6,  7, 11, 20,  5,  8,  9, 13]),
                    'tri': array([0, 4, 6])},
        eidxs={'quad': array([ 6,  7, 11, 20,  5,  8,  9, 13]),
               'tri': array([0, 4, 6])},
        con={'quad': array([[[ 2,  1,  2,  3],
        [ 0,  1, 14,  0],
        [ 1,  1,  7,  1],
        [ 1,  1,  5,  3]],

       [[ 1,  1,  9,  1],
        [ 1,  1,  6,  2],
        [ 0,  1, 18,  3],
        [ 1,  0,  0,  2]],

       [[ 2,  1, 17,  3],
        [ 1,  1, 20,  1],
        [ 1,  0,  6,  2],
        [-1, -1, -1,  0]],

       [[ 1,  1,  8,  2],
        [ 1,  1, 11,  1],
        [ 2,  1,  2,  0],
        [ 1,  1,  5,  2]],

       [[ 1,  1,  9,  0],
        [ 1,  1,  8,  3],
        [ 1,  1, 20,  3],
        [ 1,  1,  6,  3]],

       [[-1, -1, -1,  1],
        [ 1,  0,  4,  1],
        [ 1,  1, 20,  0],
        [ 1,  1,  5,  1]],

       [[ 1,  1,  5,  0],
        [ 1,  1,  7,  0],
        [ 1,  1, 13,  1],
        [-1, -1, -1,  1]],

       [[-1, -1, -1,  1],
        [ 1,  1,  9,  2],
        [ 1,  0,  0,  1],
        [-1, -1, -1,  3]]]),
             'tri': array([[[ 0,  0,  3,  1],
        [ 1,  1, 13,  2],
        [ 1,  1,  7,  3]],

       [[ 1,  0,  6,  0],
        [ 1,  1,  8,  1],
        [-1, -1, -1,  1]],

       [[ 1,  0,  4,  0],
        [-1, -1, -1,  0],
        [ 1,  1, 11,  2]]])},
        conn=array([[ 0,  0,  0,  0,  0,  3,  1],
       [ 0,  0,  1,  1,  1, 13,  2],
       [ 0,  0,  2,  1,  1,  7,  3],
       [ 0,  4,  0,  1,  0,  6,  0],
       [ 0,  4,  1,  1,  1,  8,  1],
       [ 0,  4,  2, -1, -1, -1,  1],
       [ 0,  6,  0,  1,  0,  4,  0],
       [ 0,  6,  1, -1, -1, -1,  0],
       [ 0,  6,  2,  1,  1, 11,  2],
       [ 1,  5,  0,  1,  1,  9,  0],
       [ 1,  5,  1,  1,  1,  8,  3],
       [ 1,  5,  2,  1,  1, 20,  3],
       [ 1,  5,  3,  1,  1,  6,  3],
       [ 1,  6,  0,  2,  1,  2,  3],
       [ 1,  6,  1,  0,  1, 14,  0],
       [ 1,  6,  2,  1,  1,  7,  1],
       [ 1,  6,  3,  1,  1,  5,  3],
       [ 1,  7,  0,  1,  1,  9,  1],
       [ 1,  7,  1,  1,  1,  6,  2],
       [ 1,  7,  2,  0,  1, 18,  3],
       [ 1,  7,  3,  1,  0,  0,  2],
       [ 1,  8,  0, -1, -1, -1,  1],
       [ 1,  8,  1,  1,  0,  4,  1],
       [ 1,  8,  2,  1,  1, 20,  0],
       [ 1,  8,  3,  1,  1,  5,  1],
       [ 1,  9,  0,  1,  1,  5,  0],
       [ 1,  9,  1,  1,  1,  7,  0],
       [ 1,  9,  2,  1,  1, 13,  1],
       [ 1,  9,  3, -1, -1, -1,  1],
       [ 1, 11,  0,  2,  1, 17,  3],
       [ 1, 11,  1,  1,  1, 20,  1],
       [ 1, 11,  2,  1,  0,  6,  2],
       [ 1, 11,  3, -1, -1, -1,  0],
       [ 1, 13,  0, -1, -1, -1,  1],
       [ 1, 13,  1,  1,  1,  9,  2],
       [ 1, 13,  2,  1,  0,  0,  1],
       [ 1, 13,  3, -1, -1, -1,  3],
       [ 1, 20,  0,  1,  1,  8,  2],
       [ 1, 20,  1,  1,  1, 11,  1],
       [ 1, 20,  2,  2,  1,  2,  0],
       [ 1, 20,  3,  1,  1,  5,  2]]),
        arrays={'spts': {'quad': array([[[0.30641017, 0.41891218],
        [0.49592129, 0.49379152],
        [0.21694446, 0.59326755],
        [0.38534186, 0.6857371 ]],

       [[0.17602583, 0.76842093],
        [0.21694446, 0.59326755],
        [0.32888457, 0.85398126],
        [0.38534186, 0.6857371 ]],

       [[0.5       , 0.        ],
        [0.36671894, 0.22386365],
        [0.25      , 0.        ],
        [0.16878791, 0.18519744]],

       [[0.15453763, 0.36210185],
        [0.16878791, 0.18519744],
        [0.30641017, 0.41891218],
        [0.36671894, 0.22386365]],

       [[0.21694446, 0.59326755],
        [0.        , 0.5       ],
        [0.30641017, 0.41891218],
        [0.15453763, 0.36210185]],

       [[0.        , 0.5       ],
        [0.        , 0.25      ],
        [0.15453763, 0.36210185],
        [0.16878791, 0.18519744]],

       [[0.        , 0.5       ],
        [0.21694446, 0.59326755],
        [0.        , 0.75      ],
        [0.17602583, 0.76842093]],

       [[0.        , 1.        ],
        [0.        , 0.75      ],
        [0.25      , 1.        ],
        [0.17602583, 0.76842093]]]),
                         'tri': array([[[0.32888457, 0.85398126],
        [0.25      , 1.        ],
        [0.17602583, 0.76842093]],

       [[0.        , 0.        ],
        [0.16878791, 0.18519744],
        [0.        , 0.25      ]],

       [[0.16878791, 0.18519744],
        [0.        , 0.        ],
        [0.25      , 0.        ]]])},
                'spts_curved': {'quad': array([False, False, False, False, False, False, False, False]),
                                'tri': array([False, False, False])},
                'spts_nodes': {'quad': array([[22, 31, 34, 24],
       [33, 34, 25, 24],
       [ 6, 21,  5, 17],
       [20, 17, 22, 21],
       [34,  2, 22, 20],
       [ 2,  3, 20, 17],
       [ 2, 34,  1, 33],
       [ 0,  1, 15, 33]]),
                               'tri': array([[25, 15, 33],
       [ 4, 17,  3],
       [17,  4,  5]])}})
[Rank 1] Base totals  →  elems=30 conn-rows=112
[Rank 1] SubMesh(etypes=['quad', 'tri'],
        eidxs_base={'quad': array([ 6,  7, 11, 20,  5,  8,  9, 13]),
                    'tri': array([0, 4, 6])},
        eidxs={'quad': array([ 6,  7, 11, 20,  5,  8,  9, 13]),
               'tri': array([0, 4, 6])},
        con={'quad': array([[[ 2,  1,  2,  3],
        [ 0,  1, 14,  0],
        [ 1,  1,  7,  1],
        [ 1,  1,  5,  3]],

       [[ 1,  1,  9,  1],
        [ 1,  1,  6,  2],
        [ 0,  1, 18,  3],
        [ 1,  0,  0,  2]],

       [[ 2,  1, 17,  3],
        [ 1,  1, 20,  1],
        [ 1,  0,  6,  2],
        [-1, -1, -1,  0]],

       [[ 1,  1,  8,  2],
        [ 1,  1, 11,  1],
        [ 2,  1,  2,  0],
        [ 1,  1,  5,  2]],

       [[ 1,  1,  9,  0],
        [ 1,  1,  8,  3],
        [ 1,  1, 20,  3],
        [ 1,  1,  6,  3]],

       [[-1, -1, -1,  1],
        [ 1,  0,  4,  1],
        [ 1,  1, 20,  0],
        [ 1,  1,  5,  1]],

       [[ 1,  1,  5,  0],
        [ 1,  1,  7,  0],
        [ 1,  1, 13,  1],
        [-1, -1, -1,  1]],

       [[-1, -1, -1,  1],
        [ 1,  1,  9,  2],
        [ 1,  0,  0,  1],
        [-1, -1, -1,  3]]]),
             'tri': array([[[ 0,  0,  3,  1],
        [ 1,  1, 13,  2],
        [ 1,  1,  7,  3]],

       [[ 1,  0,  6,  0],
        [ 1,  1,  8,  1],
        [-1, -1, -1,  1]],

       [[ 1,  0,  4,  0],
        [-1, -1, -1,  0],
        [ 1,  1, 11,  2]]])},
        conn=array([[ 0,  0,  0,  0,  0,  3,  1],
       [ 0,  0,  1,  1,  1, 13,  2],
       [ 0,  0,  2,  1,  1,  7,  3],
       [ 0,  4,  0,  1,  0,  6,  0],
       [ 0,  4,  1,  1,  1,  8,  1],
       [ 0,  4,  2, -1, -1, -1,  1],
       [ 0,  6,  0,  1,  0,  4,  0],
       [ 0,  6,  1, -1, -1, -1,  0],
       [ 0,  6,  2,  1,  1, 11,  2],
       [ 1,  5,  0,  1,  1,  9,  0],
       [ 1,  5,  1,  1,  1,  8,  3],
       [ 1,  5,  2,  1,  1, 20,  3],
       [ 1,  5,  3,  1,  1,  6,  3],
       [ 1,  6,  0,  2,  1,  2,  3],
       [ 1,  6,  1,  0,  1, 14,  0],
       [ 1,  6,  2,  1,  1,  7,  1],
       [ 1,  6,  3,  1,  1,  5,  3],
       [ 1,  7,  0,  1,  1,  9,  1],
       [ 1,  7,  1,  1,  1,  6,  2],
       [ 1,  7,  2,  0,  1, 18,  3],
       [ 1,  7,  3,  1,  0,  0,  2],
       [ 1,  8,  0, -1, -1, -1,  1],
       [ 1,  8,  1,  1,  0,  4,  1],
       [ 1,  8,  2,  1,  1, 20,  0],
       [ 1,  8,  3,  1,  1,  5,  1],
       [ 1,  9,  0,  1,  1,  5,  0],
       [ 1,  9,  1,  1,  1,  7,  0],
       [ 1,  9,  2,  1,  1, 13,  1],
       [ 1,  9,  3, -1, -1, -1,  1],
       [ 1, 11,  0,  2,  1, 17,  3],
       [ 1, 11,  1,  1,  1, 20,  1],
       [ 1, 11,  2,  1,  0,  6,  2],
       [ 1, 11,  3, -1, -1, -1,  0],
       [ 1, 13,  0, -1, -1, -1,  1],
       [ 1, 13,  1,  1,  1,  9,  2],
       [ 1, 13,  2,  1,  0,  0,  1],
       [ 1, 13,  3, -1, -1, -1,  3],
       [ 1, 20,  0,  1,  1,  8,  2],
       [ 1, 20,  1,  1,  1, 11,  1],
       [ 1, 20,  2,  2,  1,  2,  0],
       [ 1, 20,  3,  1,  1,  5,  2]]))
[Rank 1] Base totals  →  elems=30 conn-rows=112
[Rank 1] SubMesh(etypes=['quad', 'tri'],
        eidxs_base={'quad': array([ 6,  7, 11, 20,  5,  8,  9, 13]),
                    'tri': array([0, 4, 6])},
        eidxs={'quad': array([ 6,  7, 11, 20,  5,  8,  9, 13]),
               'tri': array([0, 4, 6])},
        con={'quad': array([[[ 2,  1,  2,  3],
        [ 0,  1, 14,  0],
        [ 1,  1,  7,  1],
        [ 1,  1,  5,  3]],

       [[ 1,  1,  9,  1],
        [ 1,  1,  6,  2],
        [ 0,  1, 18,  3],
        [ 1,  0,  0,  2]],

       [[ 2,  1, 17,  3],
        [ 1,  1, 20,  1],
        [ 1,  0,  6,  2],
        [-1, -1, -1,  0]],

       [[ 1,  1,  8,  2],
        [ 1,  1, 11,  1],
        [ 2,  1,  2,  0],
        [ 1,  1,  5,  2]],

       [[ 1,  1,  9,  0],
        [ 1,  1,  8,  3],
        [ 1,  1, 20,  3],
        [ 1,  1,  6,  3]],

       [[-1, -1, -1,  1],
        [ 1,  0,  4,  1],
        [ 1,  1, 20,  0],
        [ 1,  1,  5,  1]],

       [[ 1,  1,  5,  0],
        [ 1,  1,  7,  0],
        [ 1,  1, 13,  1],
        [-1, -1, -1,  1]],

       [[-1, -1, -1,  1],
        [ 1,  1,  9,  2],
        [ 1,  0,  0,  1],
        [-1, -1, -1,  3]]]),
             'tri': array([[[ 0,  0,  3,  1],
        [ 1,  1, 13,  2],
        [ 1,  1,  7,  3]],

       [[ 1,  0,  6,  0],
        [ 1,  1,  8,  1],
        [-1, -1, -1,  1]],

       [[ 1,  0,  4,  0],
        [-1, -1, -1,  0],
        [ 1,  1, 11,  2]]])},
        conn=array([[ 0,  0,  0,  0,  0,  3,  1],
       [ 0,  0,  1,  1,  1, 13,  2],
       [ 0,  0,  2,  1,  1,  7,  3],
       [ 0,  4,  0,  1,  0,  6,  0],
       [ 0,  4,  1,  1,  1,  8,  1],
       [ 0,  4,  2, -1, -1, -1,  1],
       [ 0,  6,  0,  1,  0,  4,  0],
       [ 0,  6,  1, -1, -1, -1,  0],
       [ 0,  6,  2,  1,  1, 11,  2],
       [ 1,  5,  0,  1,  1,  9,  0],
       [ 1,  5,  1,  1,  1,  8,  3],
       [ 1,  5,  2,  1,  1, 20,  3],
       [ 1,  5,  3,  1,  1,  6,  3],
       [ 1,  6,  0,  2,  1,  2,  3],
       [ 1,  6,  1,  0,  1, 14,  0],
       [ 1,  6,  2,  1,  1,  7,  1],
       [ 1,  6,  3,  1,  1,  5,  3],
       [ 1,  7,  0,  1,  1,  9,  1],
       [ 1,  7,  1,  1,  1,  6,  2],
       [ 1,  7,  2,  0,  1, 18,  3],
       [ 1,  7,  3,  1,  0,  0,  2],
       [ 1,  8,  0, -1, -1, -1,  1],
       [ 1,  8,  1,  1,  0,  4,  1],
       [ 1,  8,  2,  1,  1, 20,  0],
       [ 1,  8,  3,  1,  1,  5,  1],
       [ 1,  9,  0,  1,  1,  5,  0],
       [ 1,  9,  1,  1,  1,  7,  0],
       [ 1,  9,  2,  1,  1, 13,  1],
       [ 1,  9,  3, -1, -1, -1,  1],
       [ 1, 11,  0,  2,  1, 17,  3],
       [ 1, 11,  1,  1,  1, 20,  1],
       [ 1, 11,  2,  1,  0,  6,  2],
       [ 1, 11,  3, -1, -1, -1,  0],
       [ 1, 13,  0, -1, -1, -1,  1],
       [ 1, 13,  1,  1,  1,  9,  2],
       [ 1, 13,  2,  1,  0,  0,  1],
       [ 1, 13,  3, -1, -1, -1,  3],
       [ 1, 20,  0,  1,  1,  8,  2],
       [ 1, 20,  1,  1,  1, 11,  1],
       [ 1, 20,  2,  2,  1,  2,  0],
       [ 1, 20,  3,  1,  1,  5,  2]]),
        arrays={})
[Rank 1] Base totals  →  elems=30 conn-rows=112
[Rank 1] SubMesh(etypes=['quad', 'tri'],
        eidxs_base={'quad': array([ 6,  7, 11, 20,  5,  8,  9, 13]),
                    'tri': array([0, 4, 6])},
        eidxs={'quad': array([ 6,  7, 11, 20,  5,  8,  9, 13]),
               'tri': array([0, 4, 6])},
        con={'quad': array([[[ 2,  1,  2,  3],
        [ 0,  1, 14,  0],
        [ 1,  1,  7,  1],
        [ 1,  1,  5,  3]],

       [[ 1,  1,  9,  1],
        [ 1,  1,  6,  2],
        [ 0,  1, 18,  3],
        [ 1,  0,  0,  2]],

       [[ 2,  1, 17,  3],
        [ 1,  1, 20,  1],
        [ 1,  0,  6,  2],
        [-1, -1, -1,  0]],

       [[ 1,  1,  8,  2],
        [ 1,  1, 11,  1],
        [ 2,  1,  2,  0],
        [ 1,  1,  5,  2]],

       [[ 1,  1,  9,  0],
        [ 1,  1,  8,  3],
        [ 1,  1, 20,  3],
        [ 1,  1,  6,  3]],

       [[-1, -1, -1,  1],
        [ 1,  0,  4,  1],
        [ 1,  1, 20,  0],
        [ 1,  1,  5,  1]],

       [[ 1,  1,  5,  0],
        [ 1,  1,  7,  0],
        [ 1,  1, 13,  1],
        [-1, -1, -1,  1]],

       [[-1, -1, -1,  1],
        [ 1,  1,  9,  2],
        [ 1,  0,  0,  1],
        [-1, -1, -1,  3]]]),
             'tri': array([[[ 0,  0,  3,  1],
        [ 1,  1, 13,  2],
        [ 1,  1,  7,  3]],

       [[ 1,  0,  6,  0],
        [ 1,  1,  8,  1],
        [-1, -1, -1,  1]],

       [[ 1,  0,  4,  0],
        [-1, -1, -1,  0],
        [ 1,  1, 11,  2]]])},
        conn=array([[ 0,  0,  0,  0,  0,  3,  1],
       [ 0,  0,  1,  1,  1, 13,  2],
       [ 0,  0,  2,  1,  1,  7,  3],
       [ 0,  4,  0,  1,  0,  6,  0],
       [ 0,  4,  1,  1,  1,  8,  1],
       [ 0,  4,  2, -1, -1, -1,  1],
       [ 0,  6,  0,  1,  0,  4,  0],
       [ 0,  6,  1, -1, -1, -1,  0],
       [ 0,  6,  2,  1,  1, 11,  2],
       [ 1,  5,  0,  1,  1,  9,  0],
       [ 1,  5,  1,  1,  1,  8,  3],
       [ 1,  5,  2,  1,  1, 20,  3],
       [ 1,  5,  3,  1,  1,  6,  3],
       [ 1,  6,  0,  2,  1,  2,  3],
       [ 1,  6,  1,  0,  1, 14,  0],
       [ 1,  6,  2,  1,  1,  7,  1],
       [ 1,  6,  3,  1,  1,  5,  3],
       [ 1,  7,  0,  1,  1,  9,  1],
       [ 1,  7,  1,  1,  1,  6,  2],
       [ 1,  7,  2,  0,  1, 18,  3],
       [ 1,  7,  3,  1,  0,  0,  2],
       [ 1,  8,  0, -1, -1, -1,  1],
       [ 1,  8,  1,  1,  0,  4,  1],
       [ 1,  8,  2,  1,  1, 20,  0],
       [ 1,  8,  3,  1,  1,  5,  1],
       [ 1,  9,  0,  1,  1,  5,  0],
       [ 1,  9,  1,  1,  1,  7,  0],
       [ 1,  9,  2,  1,  1, 13,  1],
       [ 1,  9,  3, -1, -1, -1,  1],
       [ 1, 11,  0,  2,  1, 17,  3],
       [ 1, 11,  1,  1,  1, 20,  1],
       [ 1, 11,  2,  1,  0,  6,  2],
       [ 1, 11,  3, -1, -1, -1,  0],
       [ 1, 13,  0, -1, -1, -1,  1],
       [ 1, 13,  1,  1,  1,  9,  2],
       [ 1, 13,  2,  1,  0,  0,  1],
       [ 1, 13,  3, -1, -1, -1,  3],
       [ 1, 20,  0,  1,  1,  8,  2],
       [ 1, 20,  1,  1,  1, 11,  1],
       [ 1, 20,  2,  2,  1,  2,  0],
       [ 1, 20,  3,  1,  1,  5,  2]]),
        arrays={})
[Rank 1] Base totals  →  elems=30 conn-rows=112
[Rank 1] SubMesh(etypes=['quad', 'tri'],
        eidxs_base={'quad': array([ 6,  7, 11, 20,  5,  8,  9, 13]),
                    'tri': array([0, 4, 6])},
        eidxs={'quad': array([ 6,  7, 11, 20,  5,  8,  9, 13]),
               'tri': array([0, 4, 6])},
        con={'quad': array([[[ 2,  1,  2,  3],
        [ 0,  1, 14,  0],
        [ 1,  1,  7,  1],
        [ 1,  1,  5,  3]],

       [[ 1,  1,  9,  1],
        [ 1,  1,  6,  2],
        [ 0,  1, 18,  3],
        [ 1,  0,  0,  2]],

       [[ 2,  1, 17,  3],
        [ 1,  1, 20,  1],
        [ 1,  0,  6,  2],
        [-1, -1, -1,  0]],

       [[ 1,  1,  8,  2],
        [ 1,  1, 11,  1],
        [ 2,  1,  2,  0],
        [ 1,  1,  5,  2]],

       [[ 1,  1,  9,  0],
        [ 1,  1,  8,  3],
        [ 1,  1, 20,  3],
        [ 1,  1,  6,  3]],

       [[-1, -1, -1,  1],
        [ 1,  0,  4,  1],
        [ 1,  1, 20,  0],
        [ 1,  1,  5,  1]],

       [[ 1,  1,  5,  0],
        [ 1,  1,  7,  0],
        [ 1,  1, 13,  1],
        [-1, -1, -1,  1]],

       [[-1, -1, -1,  1],
        [ 1,  1,  9,  2],
        [ 1,  0,  0,  1],
        [-1, -1, -1,  3]]]),
             'tri': array([[[ 0,  0,  3,  1],
        [ 1,  1, 13,  2],
        [ 1,  1,  7,  3]],

       [[ 1,  0,  6,  0],
        [ 1,  1,  8,  1],
        [-1, -1, -1,  1]],

       [[ 1,  0,  4,  0],
        [-1, -1, -1,  0],
        [ 1,  1, 11,  2]]])},
        conn=array([[ 0,  0,  0,  0,  0,  3,  1],
       [ 0,  0,  1,  1,  1, 13,  2],
       [ 0,  0,  2,  1,  1,  7,  3],
       [ 0,  4,  0,  1,  0,  6,  0],
       [ 0,  4,  1,  1,  1,  8,  1],
       [ 0,  4,  2, -1, -1, -1,  1],
       [ 0,  6,  0,  1,  0,  4,  0],
       [ 0,  6,  1, -1, -1, -1,  0],
       [ 0,  6,  2,  1,  1, 11,  2],
       [ 1,  5,  0,  1,  1,  9,  0],
       [ 1,  5,  1,  1,  1,  8,  3],
       [ 1,  5,  2,  1,  1, 20,  3],
       [ 1,  5,  3,  1,  1,  6,  3],
       [ 1,  6,  0,  2,  1,  2,  3],
       [ 1,  6,  1,  0,  1, 14,  0],
       [ 1,  6,  2,  1,  1,  7,  1],
       [ 1,  6,  3,  1,  1,  5,  3],
       [ 1,  7,  0,  1,  1,  9,  1],
       [ 1,  7,  1,  1,  1,  6,  2],
       [ 1,  7,  2,  0,  1, 18,  3],
       [ 1,  7,  3,  1,  0,  0,  2],
       [ 1,  8,  0, -1, -1, -1,  1],
       [ 1,  8,  1,  1,  0,  4,  1],
       [ 1,  8,  2,  1,  1, 20,  0],
       [ 1,  8,  3,  1,  1,  5,  1],
       [ 1,  9,  0,  1,  1,  5,  0],
       [ 1,  9,  1,  1,  1,  7,  0],
       [ 1,  9,  2,  1,  1, 13,  1],
       [ 1,  9,  3, -1, -1, -1,  1],
       [ 1, 11,  0,  2,  1, 17,  3],
       [ 1, 11,  1,  1,  1, 20,  1],
       [ 1, 11,  2,  1,  0,  6,  2],
       [ 1, 11,  3, -1, -1, -1,  0],
       [ 1, 13,  0, -1, -1, -1,  1],
       [ 1, 13,  1,  1,  1,  9,  2],
       [ 1, 13,  2,  1,  0,  0,  1],
       [ 1, 13,  3, -1, -1, -1,  3],
       [ 1, 20,  0,  1,  1,  8,  2],
       [ 1, 20,  1,  1,  1, 11,  1],
       [ 1, 20,  2,  2,  1,  2,  0],
       [ 1, 20,  3,  1,  1,  5,  2]]),
        arrays={})
[Rank 1] Base totals  →  elems=30 conn-rows=112
[Rank 1] SubMesh(etypes=['quad', 'tri'],
        eidxs_base={'quad': array([ 6,  7, 11, 20,  5,  8,  9, 13]),
                    'tri': array([0, 4, 6])},
        eidxs={'quad': array([ 6,  7, 11, 20,  5,  8,  9, 13]),
               'tri': array([0, 4, 6])},
        con={'quad': array([[[ 2,  1,  2,  3],
        [ 0,  1, 14,  0],
        [ 1,  1,  7,  1],
        [ 1,  1,  5,  3]],

       [[ 1,  1,  9,  1],
        [ 1,  1,  6,  2],
        [ 0,  1, 18,  3],
        [ 1,  0,  0,  2]],

       [[ 2,  1, 17,  3],
        [ 1,  1, 20,  1],
        [ 1,  0,  6,  2],
        [-1, -1, -1,  0]],

       [[ 1,  1,  8,  2],
        [ 1,  1, 11,  1],
        [ 2,  1,  2,  0],
        [ 1,  1,  5,  2]],

       [[ 1,  1,  9,  0],
        [ 1,  1,  8,  3],
        [ 1,  1, 20,  3],
        [ 1,  1,  6,  3]],

       [[-1, -1, -1,  1],
        [ 1,  0,  4,  1],
        [ 1,  1, 20,  0],
        [ 1,  1,  5,  1]],

       [[ 1,  1,  5,  0],
        [ 1,  1,  7,  0],
        [ 1,  1, 13,  1],
        [-1, -1, -1,  1]],

       [[-1, -1, -1,  1],
        [ 1,  1,  9,  2],
        [ 1,  0,  0,  1],
        [-1, -1, -1,  3]]]),
             'tri': array([[[ 0,  0,  3,  1],
        [ 1,  1, 13,  2],
        [ 1,  1,  7,  3]],

       [[ 1,  0,  6,  0],
        [ 1,  1,  8,  1],
        [-1, -1, -1,  1]],

       [[ 1,  0,  4,  0],
        [-1, -1, -1,  0],
        [ 1,  1, 11,  2]]])},
        conn=array([[ 0,  0,  0,  0,  0,  3,  1],
       [ 0,  0,  1,  1,  1, 13,  2],
       [ 0,  0,  2,  1,  1,  7,  3],
       [ 0,  4,  0,  1,  0,  6,  0],
       [ 0,  4,  1,  1,  1,  8,  1],
       [ 0,  4,  2, -1, -1, -1,  1],
       [ 0,  6,  0,  1,  0,  4,  0],
       [ 0,  6,  1, -1, -1, -1,  0],
       [ 0,  6,  2,  1,  1, 11,  2],
       [ 1,  5,  0,  1,  1,  9,  0],
       [ 1,  5,  1,  1,  1,  8,  3],
       [ 1,  5,  2,  1,  1, 20,  3],
       [ 1,  5,  3,  1,  1,  6,  3],
       [ 1,  6,  0,  2,  1,  2,  3],
       [ 1,  6,  1,  0,  1, 14,  0],
       [ 1,  6,  2,  1,  1,  7,  1],
       [ 1,  6,  3,  1,  1,  5,  3],
       [ 1,  7,  0,  1,  1,  9,  1],
       [ 1,  7,  1,  1,  1,  6,  2],
       [ 1,  7,  2,  0,  1, 18,  3],
       [ 1,  7,  3,  1,  0,  0,  2],
       [ 1,  8,  0, -1, -1, -1,  1],
       [ 1,  8,  1,  1,  0,  4,  1],
       [ 1,  8,  2,  1,  1, 20,  0],
       [ 1,  8,  3,  1,  1,  5,  1],
       [ 1,  9,  0,  1,  1,  5,  0],
       [ 1,  9,  1,  1,  1,  7,  0],
       [ 1,  9,  2,  1,  1, 13,  1],
       [ 1,  9,  3, -1, -1, -1,  1],
       [ 1, 11,  0,  2,  1, 17,  3],
       [ 1, 11,  1,  1,  1, 20,  1],
       [ 1, 11,  2,  1,  0,  6,  2],
       [ 1, 11,  3, -1, -1, -1,  0],
       [ 1, 13,  0, -1, -1, -1,  1],
       [ 1, 13,  1,  1,  1,  9,  2],
       [ 1, 13,  2,  1,  0,  0,  1],
       [ 1, 13,  3, -1, -1, -1,  3],
       [ 1, 20,  0,  1,  1,  8,  2],
       [ 1, 20,  1,  1,  1, 11,  1],
       [ 1, 20,  2,  2,  1,  2,  0],
       [ 1, 20,  3,  1,  1,  5,  2]]),
        arrays={})
[Rank 1] Base totals  →  elems=30 conn-rows=112
[Rank 1] SubMesh(etypes=['quad', 'tri'],
        eidxs_base={'quad': array([ 6,  7, 11, 20,  5,  8,  9, 13]),
                    'tri': array([0, 4, 6])},
        eidxs={'quad': array([ 6,  7, 11, 20,  5,  8,  9, 13]),
               'tri': array([0, 4, 6])},
        con={'quad': array([[[ 2,  1,  2,  3],
        [ 0,  1, 14,  0],
        [ 1,  1,  7,  1],
        [ 1,  1,  5,  3]],

       [[ 1,  1,  9,  1],
        [ 1,  1,  6,  2],
        [ 0,  1, 18,  3],
        [ 1,  0,  0,  2]],

       [[ 2,  1, 17,  3],
        [ 1,  1, 20,  1],
        [ 1,  0,  6,  2],
        [-1, -1, -1,  0]],

       [[ 1,  1,  8,  2],
        [ 1,  1, 11,  1],
        [ 2,  1,  2,  0],
        [ 1,  1,  5,  2]],

       [[ 1,  1,  9,  0],
        [ 1,  1,  8,  3],
        [ 1,  1, 20,  3],
        [ 1,  1,  6,  3]],

       [[-1, -1, -1,  1],
        [ 1,  0,  4,  1],
        [ 1,  1, 20,  0],
        [ 1,  1,  5,  1]],

       [[ 1,  1,  5,  0],
        [ 1,  1,  7,  0],
        [ 1,  1, 13,  1],
        [-1, -1, -1,  1]],

       [[-1, -1, -1,  1],
        [ 1,  1,  9,  2],
        [ 1,  0,  0,  1],
        [-1, -1, -1,  3]]]),
             'tri': array([[[ 0,  0,  3,  1],
        [ 1,  1, 13,  2],
        [ 1,  1,  7,  3]],

       [[ 1,  0,  6,  0],
        [ 1,  1,  8,  1],
        [-1, -1, -1,  1]],

       [[ 1,  0,  4,  0],
        [-1, -1, -1,  0],
        [ 1,  1, 11,  2]]])},
        conn=array([[ 0,  0,  0,  0,  0,  3,  1],
       [ 0,  0,  1,  1,  1, 13,  2],
       [ 0,  0,  2,  1,  1,  7,  3],
       [ 0,  4,  0,  1,  0,  6,  0],
       [ 0,  4,  1,  1,  1,  8,  1],
       [ 0,  4,  2, -1, -1, -1,  1],
       [ 0,  6,  0,  1,  0,  4,  0],
       [ 0,  6,  1, -1, -1, -1,  0],
       [ 0,  6,  2,  1,  1, 11,  2],
       [ 1,  5,  0,  1,  1,  9,  0],
       [ 1,  5,  1,  1,  1,  8,  3],
       [ 1,  5,  2,  1,  1, 20,  3],
       [ 1,  5,  3,  1,  1,  6,  3],
       [ 1,  6,  0,  2,  1,  2,  3],
       [ 1,  6,  1,  0,  1, 14,  0],
       [ 1,  6,  2,  1,  1,  7,  1],
       [ 1,  6,  3,  1,  1,  5,  3],
       [ 1,  7,  0,  1,  1,  9,  1],
       [ 1,  7,  1,  1,  1,  6,  2],
       [ 1,  7,  2,  0,  1, 18,  3],
       [ 1,  7,  3,  1,  0,  0,  2],
       [ 1,  8,  0, -1, -1, -1,  1],
       [ 1,  8,  1,  1,  0,  4,  1],
       [ 1,  8,  2,  1,  1, 20,  0],
       [ 1,  8,  3,  1,  1,  5,  1],
       [ 1,  9,  0,  1,  1,  5,  0],
       [ 1,  9,  1,  1,  1,  7,  0],
       [ 1,  9,  2,  1,  1, 13,  1],
       [ 1,  9,  3, -1, -1, -1,  1],
       [ 1, 11,  0,  2,  1, 17,  3],
       [ 1, 11,  1,  1,  1, 20,  1],
       [ 1, 11,  2,  1,  0,  6,  2],
       [ 1, 11,  3, -1, -1, -1,  0],
       [ 1, 13,  0, -1, -1, -1,  1],
       [ 1, 13,  1,  1,  1,  9,  2],
       [ 1, 13,  2,  1,  0,  0,  1],
       [ 1, 13,  3, -1, -1, -1,  3],
       [ 1, 20,  0,  1,  1,  8,  2],
       [ 1, 20,  1,  1,  1, 11,  1],
       [ 1, 20,  2,  2,  1,  2,  0],
       [ 1, 20,  3,  1,  1,  5,  2]]),
        arrays={})
[Rank 1] Base totals  →  elems=30 conn-rows=112
[Rank 1] SubMesh(etypes=['quad', 'tri'],
        eidxs_base={'quad': array([ 6,  7, 11, 20,  5,  8,  9, 13]),
                    'tri': array([0, 4, 6])},
        eidxs={'quad': array([ 6,  7, 11, 20,  5,  8,  9, 13]),
               'tri': array([0, 4, 6])},
        con={'quad': array([[[ 2,  1,  2,  3],
        [ 0,  1, 14,  0],
        [ 1,  1,  7,  1],
        [ 1,  1,  5,  3]],

       [[ 1,  1,  9,  1],
        [ 1,  1,  6,  2],
        [ 0,  1, 18,  3],
        [ 1,  0,  0,  2]],

       [[ 2,  1, 17,  3],
        [ 1,  1, 20,  1],
        [ 1,  0,  6,  2],
        [-1, -1, -1,  0]],

       [[ 1,  1,  8,  2],
        [ 1,  1, 11,  1],
        [ 2,  1,  2,  0],
        [ 1,  1,  5,  2]],

       [[ 1,  1,  9,  0],
        [ 1,  1,  8,  3],
        [ 1,  1, 20,  3],
        [ 1,  1,  6,  3]],

       [[-1, -1, -1,  1],
        [ 1,  0,  4,  1],
        [ 1,  1, 20,  0],
        [ 1,  1,  5,  1]],

       [[ 1,  1,  5,  0],
        [ 1,  1,  7,  0],
        [ 1,  1, 13,  1],
        [-1, -1, -1,  1]],

       [[-1, -1, -1,  1],
        [ 1,  1,  9,  2],
        [ 1,  0,  0,  1],
        [-1, -1, -1,  3]]]),
             'tri': array([[[ 0,  0,  3,  1],
        [ 1,  1, 13,  2],
        [ 1,  1,  7,  3]],

       [[ 1,  0,  6,  0],
        [ 1,  1,  8,  1],
        [-1, -1, -1,  1]],

       [[ 1,  0,  4,  0],
        [-1, -1, -1,  0],
        [ 1,  1, 11,  2]]])},
        conn=array([[ 0,  0,  0,  0,  0,  3,  1],
       [ 0,  0,  1,  1,  1, 13,  2],
       [ 0,  0,  2,  1,  1,  7,  3],
       [ 0,  4,  0,  1,  0,  6,  0],
       [ 0,  4,  1,  1,  1,  8,  1],
       [ 0,  4,  2, -1, -1, -1,  1],
       [ 0,  6,  0,  1,  0,  4,  0],
       [ 0,  6,  1, -1, -1, -1,  0],
       [ 0,  6,  2,  1,  1, 11,  2],
       [ 1,  5,  0,  1,  1,  9,  0],
       [ 1,  5,  1,  1,  1,  8,  3],
       [ 1,  5,  2,  1,  1, 20,  3],
       [ 1,  5,  3,  1,  1,  6,  3],
       [ 1,  6,  0,  2,  1,  2,  3],
       [ 1,  6,  1,  0,  1, 14,  0],
       [ 1,  6,  2,  1,  1,  7,  1],
       [ 1,  6,  3,  1,  1,  5,  3],
       [ 1,  7,  0,  1,  1,  9,  1],
       [ 1,  7,  1,  1,  1,  6,  2],
       [ 1,  7,  2,  0,  1, 18,  3],
       [ 1,  7,  3,  1,  0,  0,  2],
       [ 1,  8,  0, -1, -1, -1,  1],
       [ 1,  8,  1,  1,  0,  4,  1],
       [ 1,  8,  2,  1,  1, 20,  0],
       [ 1,  8,  3,  1,  1,  5,  1],
       [ 1,  9,  0,  1,  1,  5,  0],
       [ 1,  9,  1,  1,  1,  7,  0],
       [ 1,  9,  2,  1,  1, 13,  1],
       [ 1,  9,  3, -1, -1, -1,  1],
       [ 1, 11,  0,  2,  1, 17,  3],
       [ 1, 11,  1,  1,  1, 20,  1],
       [ 1, 11,  2,  1,  0,  6,  2],
       [ 1, 11,  3, -1, -1, -1,  0],
       [ 1, 13,  0, -1, -1, -1,  1],
       [ 1, 13,  1,  1,  1,  9,  2],
       [ 1, 13,  2,  1,  0,  0,  1],
       [ 1, 13,  3, -1, -1, -1,  3],
       [ 1, 20,  0,  1,  1,  8,  2],
       [ 1, 20,  1,  1,  1, 11,  1],
       [ 1, 20,  2,  2,  1,  2,  0],
       [ 1, 20,  3,  1,  1,  5,  2]]),
        arrays={})
[Rank 1] Base totals  →  elems=30 conn-rows=112
[Rank 1] SubMesh(etypes=['quad', 'tri'],
        eidxs_base={'quad': array([ 6,  7, 11, 20,  5,  8,  9, 13]),
                    'tri': array([0, 4, 6])},
        eidxs={'quad': array([ 6,  7, 11, 20,  5,  8,  9, 13]),
               'tri': array([0, 4, 6])},
        con={'quad': array([[[ 2,  1,  2,  3],
        [ 0,  1, 14,  0],
        [ 1,  1,  7,  1],
        [ 1,  1,  5,  3]],

       [[ 1,  1,  9,  1],
        [ 1,  1,  6,  2],
        [ 0,  1, 18,  3],
        [ 1,  0,  0,  2]],

       [[ 2,  1, 17,  3],
        [ 1,  1, 20,  1],
        [ 1,  0,  6,  2],
        [-1, -1, -1,  0]],

       [[ 1,  1,  8,  2],
        [ 1,  1, 11,  1],
        [ 2,  1,  2,  0],
        [ 1,  1,  5,  2]],

       [[ 1,  1,  9,  0],
        [ 1,  1,  8,  3],
        [ 1,  1, 20,  3],
        [ 1,  1,  6,  3]],

       [[-1, -1, -1,  1],
        [ 1,  0,  4,  1],
        [ 1,  1, 20,  0],
        [ 1,  1,  5,  1]],

       [[ 1,  1,  5,  0],
        [ 1,  1,  7,  0],
        [ 1,  1, 13,  1],
        [-1, -1, -1,  1]],

       [[-1, -1, -1,  1],
        [ 1,  1,  9,  2],
        [ 1,  0,  0,  1],
        [-1, -1, -1,  3]]]),
             'tri': array([[[ 0,  0,  3,  1],
        [ 1,  1, 13,  2],
        [ 1,  1,  7,  3]],

       [[ 1,  0,  6,  0],
        [ 1,  1,  8,  1],
        [-1, -1, -1,  1]],

       [[ 1,  0,  4,  0],
        [-1, -1, -1,  0],
        [ 1,  1, 11,  2]]])},
        conn=array([[ 0,  0,  0,  0,  0,  3,  1],
       [ 0,  0,  1,  1,  1, 13,  2],
       [ 0,  0,  2,  1,  1,  7,  3],
       [ 0,  4,  0,  1,  0,  6,  0],
       [ 0,  4,  1,  1,  1,  8,  1],
       [ 0,  4,  2, -1, -1, -1,  1],
       [ 0,  6,  0,  1,  0,  4,  0],
       [ 0,  6,  1, -1, -1, -1,  0],
       [ 0,  6,  2,  1,  1, 11,  2],
       [ 1,  5,  0,  1,  1,  9,  0],
       [ 1,  5,  1,  1,  1,  8,  3],
       [ 1,  5,  2,  1,  1, 20,  3],
       [ 1,  5,  3,  1,  1,  6,  3],
       [ 1,  6,  0,  2,  1,  2,  3],
       [ 1,  6,  1,  0,  1, 14,  0],
       [ 1,  6,  2,  1,  1,  7,  1],
       [ 1,  6,  3,  1,  1,  5,  3],
       [ 1,  7,  0,  1,  1,  9,  1],
       [ 1,  7,  1,  1,  1,  6,  2],
       [ 1,  7,  2,  0,  1, 18,  3],
       [ 1,  7,  3,  1,  0,  0,  2],
       [ 1,  8,  0, -1, -1, -1,  1],
       [ 1,  8,  1,  1,  0,  4,  1],
       [ 1,  8,  2,  1,  1, 20,  0],
       [ 1,  8,  3,  1,  1,  5,  1],
       [ 1,  9,  0,  1,  1,  5,  0],
       [ 1,  9,  1,  1,  1,  7,  0],
       [ 1,  9,  2,  1,  1, 13,  1],
       [ 1,  9,  3, -1, -1, -1,  1],
       [ 1, 11,  0,  2,  1, 17,  3],
       [ 1, 11,  1,  1,  1, 20,  1],
       [ 1, 11,  2,  1,  0,  6,  2],
       [ 1, 11,  3, -1, -1, -1,  0],
       [ 1, 13,  0, -1, -1, -1,  1],
       [ 1, 13,  1,  1,  1,  9,  2],
       [ 1, 13,  2,  1,  0,  0,  1],
       [ 1, 13,  3, -1, -1, -1,  3],
       [ 1, 20,  0,  1,  1,  8,  2],
       [ 1, 20,  1,  1,  1, 11,  1],
       [ 1, 20,  2,  2,  1,  2,  0],
       [ 1, 20,  3,  1,  1,  5,  2]]),
        arrays={})
[Rank 1] Base totals  →  elems=30 conn-rows=112
[Rank 1] SubMesh(etypes=['quad', 'tri'],
        eidxs_base={'quad': array([ 6,  7, 11, 20,  5,  8,  9, 13]),
                    'tri': array([0, 4, 6])},
        eidxs={'quad': array([ 6,  7, 11, 20,  5,  8,  9, 13]),
               'tri': array([0, 4, 6])},
        con={'quad': array([[[ 2,  1,  2,  3],
        [ 0,  1, 14,  0],
        [ 1,  1,  7,  1],
        [ 1,  1,  5,  3]],

       [[ 1,  1,  9,  1],
        [ 1,  1,  6,  2],
        [ 0,  1, 18,  3],
        [ 1,  0,  0,  2]],

       [[ 2,  1, 17,  3],
        [ 1,  1, 20,  1],
        [ 1,  0,  6,  2],
        [-1, -1, -1,  0]],

       [[ 1,  1,  8,  2],
        [ 1,  1, 11,  1],
        [ 2,  1,  2,  0],
        [ 1,  1,  5,  2]],

       [[ 1,  1,  9,  0],
        [ 1,  1,  8,  3],
        [ 1,  1, 20,  3],
        [ 1,  1,  6,  3]],

       [[-1, -1, -1,  1],
        [ 1,  0,  4,  1],
        [ 1,  1, 20,  0],
        [ 1,  1,  5,  1]],

       [[ 1,  1,  5,  0],
        [ 1,  1,  7,  0],
        [ 1,  1, 13,  1],
        [-1, -1, -1,  1]],

       [[-1, -1, -1,  1],
        [ 1,  1,  9,  2],
        [ 1,  0,  0,  1],
        [-1, -1, -1,  3]]]),
             'tri': array([[[ 0,  0,  3,  1],
        [ 1,  1, 13,  2],
        [ 1,  1,  7,  3]],

       [[ 1,  0,  6,  0],
        [ 1,  1,  8,  1],
        [-1, -1, -1,  1]],

       [[ 1,  0,  4,  0],
        [-1, -1, -1,  0],
        [ 1,  1, 11,  2]]])},
        conn=array([[ 0,  0,  0,  0,  0,  3,  1],
       [ 0,  0,  1,  1,  1, 13,  2],
       [ 0,  0,  2,  1,  1,  7,  3],
       [ 0,  4,  0,  1,  0,  6,  0],
       [ 0,  4,  1,  1,  1,  8,  1],
       [ 0,  4,  2, -1, -1, -1,  1],
       [ 0,  6,  0,  1,  0,  4,  0],
       [ 0,  6,  1, -1, -1, -1,  0],
       [ 0,  6,  2,  1,  1, 11,  2],
       [ 1,  5,  0,  1,  1,  9,  0],
       [ 1,  5,  1,  1,  1,  8,  3],
       [ 1,  5,  2,  1,  1, 20,  3],
       [ 1,  5,  3,  1,  1,  6,  3],
       [ 1,  6,  0,  2,  1,  2,  3],
       [ 1,  6,  1,  0,  1, 14,  0],
       [ 1,  6,  2,  1,  1,  7,  1],
       [ 1,  6,  3,  1,  1,  5,  3],
       [ 1,  7,  0,  1,  1,  9,  1],
       [ 1,  7,  1,  1,  1,  6,  2],
       [ 1,  7,  2,  0,  1, 18,  3],
       [ 1,  7,  3,  1,  0,  0,  2],
       [ 1,  8,  0, -1, -1, -1,  1],
       [ 1,  8,  1,  1,  0,  4,  1],
       [ 1,  8,  2,  1,  1, 20,  0],
       [ 1,  8,  3,  1,  1,  5,  1],
       [ 1,  9,  0,  1,  1,  5,  0],
       [ 1,  9,  1,  1,  1,  7,  0],
       [ 1,  9,  2,  1,  1, 13,  1],
       [ 1,  9,  3, -1, -1, -1,  1],
       [ 1, 11,  0,  2,  1, 17,  3],
       [ 1, 11,  1,  1,  1, 20,  1],
       [ 1, 11,  2,  1,  0,  6,  2],
       [ 1, 11,  3, -1, -1, -1,  0],
       [ 1, 13,  0, -1, -1, -1,  1],
       [ 1, 13,  1,  1,  1,  9,  2],
       [ 1, 13,  2,  1,  0,  0,  1],
       [ 1, 13,  3, -1, -1, -1,  3],
       [ 1, 20,  0,  1,  1,  8,  2],
       [ 1, 20,  1,  1,  1, 11,  1],
       [ 1, 20,  2,  2,  1,  2,  0],
       [ 1, 20,  3,  1,  1,  5,  2]]),
        arrays={})
[Rank 1] Base totals  →  elems=30 conn-rows=112
[Rank 1] SubMesh(etypes=['quad', 'tri'],
        eidxs_base={'quad': array([ 6,  7, 11, 20,  5,  8,  9, 13]),
                    'tri': array([0, 4, 6])},
        eidxs={'quad': array([ 6,  7, 11, 20,  5,  8,  9, 13]),
               'tri': array([0, 4, 6])},
        con={},
        conn=array([[ 0,  0,  0,  0,  0,  3,  1],
       [ 0,  0,  1,  1,  1, 13,  2],
       [ 0,  0,  2,  1,  1,  7,  3],
       [ 0,  4,  0,  1,  0,  6,  0],
       [ 0,  4,  1,  1,  1,  8,  1],
       [ 0,  4,  2, -1, -1, -1,  1],
       [ 0,  6,  0,  1,  0,  4,  0],
       [ 0,  6,  1, -1, -1, -1,  0],
       [ 0,  6,  2,  1,  1, 11,  2],
       [ 1,  5,  0,  1,  1,  9,  0],
       [ 1,  5,  1,  1,  1,  8,  3],
       [ 1,  5,  2,  1,  1, 20,  3],
       [ 1,  5,  3,  1,  1,  6,  3],
       [ 1,  6,  0,  2,  1,  2,  3],
       [ 1,  6,  1,  0,  1, 14,  0],
       [ 1,  6,  2,  1,  1,  7,  1],
       [ 1,  6,  3,  1,  1,  5,  3],
       [ 1,  7,  0,  1,  1,  9,  1],
       [ 1,  7,  1,  1,  1,  6,  2],
       [ 1,  7,  2,  0,  1, 18,  3],
       [ 1,  7,  3,  1,  0,  0,  2],
       [ 1,  8,  0, -1, -1, -1,  1],
       [ 1,  8,  1,  1,  0,  4,  1],
       [ 1,  8,  2,  1,  1, 20,  0],
       [ 1,  8,  3,  1,  1,  5,  1],
       [ 1,  9,  0,  1,  1,  5,  0],
       [ 1,  9,  1,  1,  1,  7,  0],
       [ 1,  9,  2,  1,  1, 13,  1],
       [ 1,  9,  3, -1, -1, -1,  1],
       [ 1, 11,  0,  2,  1, 17,  3],
       [ 1, 11,  1,  1,  1, 20,  1],
       [ 1, 11,  2,  1,  0,  6,  2],
       [ 1, 11,  3, -1, -1, -1,  0],
       [ 1, 13,  0, -1, -1, -1,  1],
       [ 1, 13,  1,  1,  1,  9,  2],
       [ 1, 13,  2,  1,  0,  0,  1],
       [ 1, 13,  3, -1, -1, -1,  3],
       [ 1, 20,  0,  1,  1,  8,  2],
       [ 1, 20,  1,  1,  1, 11,  1],
       [ 1, 20,  2,  2,  1,  2,  0],
       [ 1, 20,  3,  1,  1,  5,  2]]),
        arrays={'con': {'quad': array([[[ 2,  1,  2,  3],
        [ 0,  1, 14,  0],
        [ 1,  1,  7,  1],
        [ 1,  1,  5,  3]],

       [[ 1,  1,  9,  1],
        [ 1,  1,  6,  2],
        [ 0,  1, 18,  3],
        [ 1,  0,  0,  2]],

       [[ 2,  1, 17,  3],
        [ 1,  1, 20,  1],
        [ 1,  0,  6,  2],
        [-1, -1, -1,  0]],

       [[ 1,  1,  8,  2],
        [ 1,  1, 11,  1],
        [ 2,  1,  2,  0],
        [ 1,  1,  5,  2]],

       [[ 1,  1,  9,  0],
        [ 1,  1,  8,  3],
        [ 1,  1, 20,  3],
        [ 1,  1,  6,  3]],

       [[-1, -1, -1,  1],
        [ 1,  0,  4,  1],
        [ 1,  1, 20,  0],
        [ 1,  1,  5,  1]],

       [[ 1,  1,  5,  0],
        [ 1,  1,  7,  0],
        [ 1,  1, 13,  1],
        [-1, -1, -1,  1]],

       [[-1, -1, -1,  1],
        [ 1,  1,  9,  2],
        [ 1,  0,  0,  1],
        [-1, -1, -1,  3]]]),
                        'tri': array([[[ 0,  0,  3,  1],
        [ 1,  1, 13,  2],
        [ 1,  1,  7,  3]],

       [[ 1,  0,  6,  0],
        [ 1,  1,  8,  1],
        [-1, -1, -1,  1]],

       [[ 1,  0,  4,  0],
        [-1, -1, -1,  0],
        [ 1,  1, 11,  2]]])}})
[Rank 1] Base totals  →  elems=30 conn-rows=112
[Rank 1] SubMesh(etypes=['quad', 'tri'],
        eidxs={'quad': array([ 6,  7, 11, 20,  5,  8,  9, 13]),
               'tri': array([0, 4, 6])},
        con={},
        conn=array([[ 0,  0,  0,  0,  0,  3,  1],
       [ 0,  0,  1,  1,  1, 13,  2],
       [ 0,  0,  2,  1,  1,  7,  3],
       [ 0,  4,  0,  1,  0,  6,  0],
       [ 0,  4,  1,  1,  1,  8,  1],
       [ 0,  4,  2, -1, -1, -1,  1],
       [ 0,  6,  0,  1,  0,  4,  0],
       [ 0,  6,  1, -1, -1, -1,  0],
       [ 0,  6,  2,  1,  1, 11,  2],
       [ 1,  5,  0,  1,  1,  9,  0],
       [ 1,  5,  1,  1,  1,  8,  3],
       [ 1,  5,  2,  1,  1, 20,  3],
       [ 1,  5,  3,  1,  1,  6,  3],
       [ 1,  6,  0,  2,  1,  2,  3],
       [ 1,  6,  1,  0,  1, 14,  0],
       [ 1,  6,  2,  1,  1,  7,  1],
       [ 1,  6,  3,  1,  1,  5,  3],
       [ 1,  7,  0,  1,  1,  9,  1],
       [ 1,  7,  1,  1,  1,  6,  2],
       [ 1,  7,  2,  0,  1, 18,  3],
       [ 1,  7,  3,  1,  0,  0,  2],
       [ 1,  8,  0, -1, -1, -1,  1],
       [ 1,  8,  1,  1,  0,  4,  1],
       [ 1,  8,  2,  1,  1, 20,  0],
       [ 1,  8,  3,  1,  1,  5,  1],
       [ 1,  9,  0,  1,  1,  5,  0],
       [ 1,  9,  1,  1,  1,  7,  0],
       [ 1,  9,  2,  1,  1, 13,  1],
       [ 1,  9,  3, -1, -1, -1,  1],
       [ 1, 11,  0,  2,  1, 17,  3],
       [ 1, 11,  1,  1,  1, 20,  1],
       [ 1, 11,  2,  1,  0,  6,  2],
       [ 1, 11,  3, -1, -1, -1,  0],
       [ 1, 13,  0, -1, -1, -1,  1],
       [ 1, 13,  1,  1,  1,  9,  2],
       [ 1, 13,  2,  1,  0,  0,  1],
       [ 1, 13,  3, -1, -1, -1,  3],
       [ 1, 20,  0,  1,  1,  8,  2],
       [ 1, 20,  1,  1,  1, 11,  1],
       [ 1, 20,  2,  2,  1,  2,  0],
       [ 1, 20,  3,  1,  1,  5,  2]]),
        arrays={'con': {'quad': array([[[ 2,  1,  2,  3],
        [ 0,  1, 14,  0],
        [ 1,  1,  7,  1],
        [ 1,  1,  5,  3]],

       [[ 1,  1,  9,  1],
        [ 1,  1,  6,  2],
        [ 0,  1, 18,  3],
        [ 1,  0,  0,  2]],

       [[ 2,  1, 17,  3],
        [ 1,  1, 20,  1],
        [ 1,  0,  6,  2],
        [-1, -1, -1,  0]],

       [[ 1,  1,  8,  2],
        [ 1,  1, 11,  1],
        [ 2,  1,  2,  0],
        [ 1,  1,  5,  2]],

       [[ 1,  1,  9,  0],
        [ 1,  1,  8,  3],
        [ 1,  1, 20,  3],
        [ 1,  1,  6,  3]],

       [[-1, -1, -1,  1],
        [ 1,  0,  4,  1],
        [ 1,  1, 20,  0],
        [ 1,  1,  5,  1]],

       [[ 1,  1,  5,  0],
        [ 1,  1,  7,  0],
        [ 1,  1, 13,  1],
        [-1, -1, -1,  1]],

       [[-1, -1, -1,  1],
        [ 1,  1,  9,  2],
        [ 1,  0,  0,  1],
        [-1, -1, -1,  3]]]),
                        'tri': array([[[ 0,  0,  3,  1],
        [ 1,  1, 13,  2],
        [ 1,  1,  7,  3]],

       [[ 1,  0,  6,  0],
        [ 1,  1,  8,  1],
        [-1, -1, -1,  1]],

       [[ 1,  0,  4,  0],
        [-1, -1, -1,  0],
        [ 1,  1, 11,  2]]])}})
[Rank 1] Base totals  →  elems=30 conn-rows=112
[Rank 1] SubMesh(etypes=['quad', 'tri'],
        eidxs={'quad': array([ 6,  7, 11, 20,  5,  8,  9, 13]),
               'tri': array([0, 4, 6])},
        con={},
        conn=array([[ 0,  0,  0,  0,  0,  3,  1],
       [ 0,  0,  1,  1,  1, 13,  2],
       [ 0,  0,  2,  1,  1,  7,  3],
       [ 0,  4,  0,  1,  0,  6,  0],
       [ 0,  4,  1,  1,  1,  8,  1],
       [ 0,  4,  2, -1, -1, -1,  1],
       [ 0,  6,  0,  1,  0,  4,  0],
       [ 0,  6,  1, -1, -1, -1,  0],
       [ 0,  6,  2,  1,  1, 11,  2],
       [ 1,  5,  0,  1,  1,  9,  0],
       [ 1,  5,  1,  1,  1,  8,  3],
       [ 1,  5,  2,  1,  1, 20,  3],
       [ 1,  5,  3,  1,  1,  6,  3],
       [ 1,  6,  0,  2,  1,  2,  3],
       [ 1,  6,  1,  0,  1, 14,  0],
       [ 1,  6,  2,  1,  1,  7,  1],
       [ 1,  6,  3,  1,  1,  5,  3],
       [ 1,  7,  0,  1,  1,  9,  1],
       [ 1,  7,  1,  1,  1,  6,  2],
       [ 1,  7,  2,  0,  1, 18,  3],
       [ 1,  7,  3,  1,  0,  0,  2],
       [ 1,  8,  0, -1, -1, -1,  1],
       [ 1,  8,  1,  1,  0,  4,  1],
       [ 1,  8,  2,  1,  1, 20,  0],
       [ 1,  8,  3,  1,  1,  5,  1],
       [ 1,  9,  0,  1,  1,  5,  0],
       [ 1,  9,  1,  1,  1,  7,  0],
       [ 1,  9,  2,  1,  1, 13,  1],
       [ 1,  9,  3, -1, -1, -1,  1],
       [ 1, 11,  0,  2,  1, 17,  3],
       [ 1, 11,  1,  1,  1, 20,  1],
       [ 1, 11,  2,  1,  0,  6,  2],
       [ 1, 11,  3, -1, -1, -1,  0],
       [ 1, 13,  0, -1, -1, -1,  1],
       [ 1, 13,  1,  1,  1,  9,  2],
       [ 1, 13,  2,  1,  0,  0,  1],
       [ 1, 13,  3, -1, -1, -1,  3],
       [ 1, 20,  0,  1,  1,  8,  2],
       [ 1, 20,  1,  1,  1, 11,  1],
       [ 1, 20,  2,  2,  1,  2,  0],
       [ 1, 20,  3,  1,  1,  5,  2]]),
        arrays={'con': {'quad': array([[[ 2,  1,  2,  3],
        [ 0,  1, 14,  0],
        [ 1,  1,  7,  1],
        [ 1,  1,  5,  3]],

       [[ 1,  1,  9,  1],
        [ 1,  1,  6,  2],
        [ 0,  1, 18,  3],
        [ 1,  0,  0,  2]],

       [[ 2,  1, 17,  3],
        [ 1,  1, 20,  1],
        [ 1,  0,  6,  2],
        [-1, -1, -1,  0]],

       [[ 1,  1,  8,  2],
        [ 1,  1, 11,  1],
        [ 2,  1,  2,  0],
        [ 1,  1,  5,  2]],

       [[ 1,  1,  9,  0],
        [ 1,  1,  8,  3],
        [ 1,  1, 20,  3],
        [ 1,  1,  6,  3]],

       [[-1, -1, -1,  1],
        [ 1,  0,  4,  1],
        [ 1,  1, 20,  0],
        [ 1,  1,  5,  1]],

       [[ 1,  1,  5,  0],
        [ 1,  1,  7,  0],
        [ 1,  1, 13,  1],
        [-1, -1, -1,  1]],

       [[-1, -1, -1,  1],
        [ 1,  1,  9,  2],
        [ 1,  0,  0,  1],
        [-1, -1, -1,  3]]]),
                        'tri': array([[[ 0,  0,  3,  1],
        [ 1,  1, 13,  2],
        [ 1,  1,  7,  3]],

       [[ 1,  0,  6,  0],
        [ 1,  1,  8,  1],
        [-1, -1, -1,  1]],

       [[ 1,  0,  4,  0],
        [-1, -1, -1,  0],
        [ 1,  1, 11,  2]]])}})
[Rank 1] Base totals  →  elems=30 conn-rows=112
[Rank 1] SubMesh(etypes=['quad', 'tri'],
        eidxs={'quad': array([ 6,  7, 11, 20,  5,  8,  9, 13]),
               'tri': array([0, 4, 6])},
        con={},
        conn=array([[ 0,  0,  0,  0,  0,  3,  1],
       [ 0,  0,  1,  1,  1, 13,  2],
       [ 0,  0,  2,  1,  1,  7,  3],
       [ 0,  4,  0,  1,  0,  6,  0],
       [ 0,  4,  1,  1,  1,  8,  1],
       [ 0,  4,  2, -1, -1, -1,  1],
       [ 0,  6,  0,  1,  0,  4,  0],
       [ 0,  6,  1, -1, -1, -1,  0],
       [ 0,  6,  2,  1,  1, 11,  2],
       [ 1,  5,  0,  1,  1,  9,  0],
       [ 1,  5,  1,  1,  1,  8,  3],
       [ 1,  5,  2,  1,  1, 20,  3],
       [ 1,  5,  3,  1,  1,  6,  3],
       [ 1,  6,  0,  2,  1,  2,  3],
       [ 1,  6,  1,  0,  1, 14,  0],
       [ 1,  6,  2,  1,  1,  7,  1],
       [ 1,  6,  3,  1,  1,  5,  3],
       [ 1,  7,  0,  1,  1,  9,  1],
       [ 1,  7,  1,  1,  1,  6,  2],
       [ 1,  7,  2,  0,  1, 18,  3],
       [ 1,  7,  3,  1,  0,  0,  2],
       [ 1,  8,  0, -1, -1, -1,  1],
       [ 1,  8,  1,  1,  0,  4,  1],
       [ 1,  8,  2,  1,  1, 20,  0],
       [ 1,  8,  3,  1,  1,  5,  1],
       [ 1,  9,  0,  1,  1,  5,  0],
       [ 1,  9,  1,  1,  1,  7,  0],
       [ 1,  9,  2,  1,  1, 13,  1],
       [ 1,  9,  3, -1, -1, -1,  1],
       [ 1, 11,  0,  2,  1, 17,  3],
       [ 1, 11,  1,  1,  1, 20,  1],
       [ 1, 11,  2,  1,  0,  6,  2],
       [ 1, 11,  3, -1, -1, -1,  0],
       [ 1, 13,  0, -1, -1, -1,  1],
       [ 1, 13,  1,  1,  1,  9,  2],
       [ 1, 13,  2,  1,  0,  0,  1],
       [ 1, 13,  3, -1, -1, -1,  3],
       [ 1, 20,  0,  1,  1,  8,  2],
       [ 1, 20,  1,  1,  1, 11,  1],
       [ 1, 20,  2,  2,  1,  2,  0],
       [ 1, 20,  3,  1,  1,  5,  2]]),
        arrays={'con': {'quad': array([[[ 2,  1,  2,  3],
        [ 0,  1, 14,  0],
        [ 1,  1,  7,  1],
        [ 1,  1,  5,  3]],

       [[ 1,  1,  9,  1],
        [ 1,  1,  6,  2],
        [ 0,  1, 18,  3],
        [ 1,  0,  0,  2]],

       [[ 2,  1, 17,  3],
        [ 1,  1, 20,  1],
        [ 1,  0,  6,  2],
        [-1, -1, -1,  0]],

       [[ 1,  1,  8,  2],
        [ 1,  1, 11,  1],
        [ 2,  1,  2,  0],
        [ 1,  1,  5,  2]],

       [[ 1,  1,  9,  0],
        [ 1,  1,  8,  3],
        [ 1,  1, 20,  3],
        [ 1,  1,  6,  3]],

       [[-1, -1, -1,  1],
        [ 1,  0,  4,  1],
        [ 1,  1, 20,  0],
        [ 1,  1,  5,  1]],

       [[ 1,  1,  5,  0],
        [ 1,  1,  7,  0],
        [ 1,  1, 13,  1],
        [-1, -1, -1,  1]],

       [[-1, -1, -1,  1],
        [ 1,  1,  9,  2],
        [ 1,  0,  0,  1],
        [-1, -1, -1,  3]]]),
                        'tri': array([[[ 0,  0,  3,  1],
        [ 1,  1, 13,  2],
        [ 1,  1,  7,  3]],

       [[ 1,  0,  6,  0],
        [ 1,  1,  8,  1],
        [-1, -1, -1,  1]],

       [[ 1,  0,  4,  0],
        [-1, -1, -1,  0],
        [ 1,  1, 11,  2]]])}})
[Rank 1] Base totals  →  elems=30 conn-rows=112
[Rank 1] SubMesh(etypes=['quad', 'tri'],
        eidxs={'quad': array([ 6,  7, 11, 20,  5,  8,  9, 13]),
               'tri': array([0, 4, 6])},
        con={},
        conn=array([[ 0,  0,  0,  0,  0,  3,  1],
       [ 0,  0,  1,  1,  1, 13,  2],
       [ 0,  0,  2,  1,  1,  7,  3],
       [ 0,  4,  0,  1,  0,  6,  0],
       [ 0,  4,  1,  1,  1,  8,  1],
       [ 0,  4,  2, -1, -1, -1,  1],
       [ 0,  6,  0,  1,  0,  4,  0],
       [ 0,  6,  1, -1, -1, -1,  0],
       [ 0,  6,  2,  1,  1, 11,  2],
       [ 1,  5,  0,  1,  1,  9,  0],
       [ 1,  5,  1,  1,  1,  8,  3],
       [ 1,  5,  2,  1,  1, 20,  3],
       [ 1,  5,  3,  1,  1,  6,  3],
       [ 1,  6,  0,  2,  1,  2,  3],
       [ 1,  6,  1,  0,  1, 14,  0],
       [ 1,  6,  2,  1,  1,  7,  1],
       [ 1,  6,  3,  1,  1,  5,  3],
       [ 1,  7,  0,  1,  1,  9,  1],
       [ 1,  7,  1,  1,  1,  6,  2],
       [ 1,  7,  2,  0,  1, 18,  3],
       [ 1,  7,  3,  1,  0,  0,  2],
       [ 1,  8,  0, -1, -1, -1,  1],
       [ 1,  8,  1,  1,  0,  4,  1],
       [ 1,  8,  2,  1,  1, 20,  0],
       [ 1,  8,  3,  1,  1,  5,  1],
       [ 1,  9,  0,  1,  1,  5,  0],
       [ 1,  9,  1,  1,  1,  7,  0],
       [ 1,  9,  2,  1,  1, 13,  1],
       [ 1,  9,  3, -1, -1, -1,  1],
       [ 1, 11,  0,  2,  1, 17,  3],
       [ 1, 11,  1,  1,  1, 20,  1],
       [ 1, 11,  2,  1,  0,  6,  2],
       [ 1, 11,  3, -1, -1, -1,  0],
       [ 1, 13,  0, -1, -1, -1,  1],
       [ 1, 13,  1,  1,  1,  9,  2],
       [ 1, 13,  2,  1,  0,  0,  1],
       [ 1, 13,  3, -1, -1, -1,  3],
       [ 1, 20,  0,  1,  1,  8,  2],
       [ 1, 20,  1,  1,  1, 11,  1],
       [ 1, 20,  2,  2,  1,  2,  0],
       [ 1, 20,  3,  1,  1,  5,  2]]),
        arrays={'con': {'quad': array([[[ 2,  1,  2,  3],
        [ 0,  1, 14,  0],
        [ 1,  1,  7,  1],
        [ 1,  1,  5,  3]],

       [[ 1,  1,  9,  1],
        [ 1,  1,  6,  2],
        [ 0,  1, 18,  3],
        [ 1,  0,  0,  2]],

       [[ 2,  1, 17,  3],
        [ 1,  1, 20,  1],
        [ 1,  0,  6,  2],
        [-1, -1, -1,  0]],

       [[ 1,  1,  8,  2],
        [ 1,  1, 11,  1],
        [ 2,  1,  2,  0],
        [ 1,  1,  5,  2]],

       [[ 1,  1,  9,  0],
        [ 1,  1,  8,  3],
        [ 1,  1, 20,  3],
        [ 1,  1,  6,  3]],

       [[-1, -1, -1,  1],
        [ 1,  0,  4,  1],
        [ 1,  1, 20,  0],
        [ 1,  1,  5,  1]],

       [[ 1,  1,  5,  0],
        [ 1,  1,  7,  0],
        [ 1,  1, 13,  1],
        [-1, -1, -1,  1]],

       [[-1, -1, -1,  1],
        [ 1,  1,  9,  2],
        [ 1,  0,  0,  1],
        [-1, -1, -1,  3]]]),
                        'tri': array([[[ 0,  0,  3,  1],
        [ 1,  1, 13,  2],
        [ 1,  1,  7,  3]],

       [[ 1,  0,  6,  0],
        [ 1,  1,  8,  1],
        [-1, -1, -1,  1]],

       [[ 1,  0,  4,  0],
        [-1, -1, -1,  0],
        [ 1,  1, 11,  2]]])}})
[Rank 1] Base totals  →  elems=30 conn-rows=112
[Rank 1] SubMesh(etypes=['quad', 'tri'],
        eidxs={'quad': array([ 5,  6,  7,  8,  9, 11, 13, 20]),
               'tri': array([0, 4, 6])},
        con={},
        conn=array([[ 0,  0,  0,  0,  0,  3,  1],
       [ 0,  0,  1,  1,  1, 13,  2],
       [ 0,  0,  2,  1,  1,  7,  3],
       [ 0,  4,  0,  1,  0,  6,  0],
       [ 0,  4,  1,  1,  1,  8,  1],
       [ 0,  4,  2, -1, -1, -1,  1],
       [ 0,  6,  0,  1,  0,  4,  0],
       [ 0,  6,  1, -1, -1, -1,  0],
       [ 0,  6,  2,  1,  1, 11,  2],
       [ 1,  5,  0,  1,  1,  9,  0],
       [ 1,  5,  1,  1,  1,  8,  3],
       [ 1,  5,  2,  1,  1, 20,  3],
       [ 1,  5,  3,  1,  1,  6,  3],
       [ 1,  6,  0,  2,  1,  2,  3],
       [ 1,  6,  1,  0,  1, 14,  0],
       [ 1,  6,  2,  1,  1,  7,  1],
       [ 1,  6,  3,  1,  1,  5,  3],
       [ 1,  7,  0,  1,  1,  9,  1],
       [ 1,  7,  1,  1,  1,  6,  2],
       [ 1,  7,  2,  0,  1, 18,  3],
       [ 1,  7,  3,  1,  0,  0,  2],
       [ 1,  8,  0, -1, -1, -1,  1],
       [ 1,  8,  1,  1,  0,  4,  1],
       [ 1,  8,  2,  1,  1, 20,  0],
       [ 1,  8,  3,  1,  1,  5,  1],
       [ 1,  9,  0,  1,  1,  5,  0],
       [ 1,  9,  1,  1,  1,  7,  0],
       [ 1,  9,  2,  1,  1, 13,  1],
       [ 1,  9,  3, -1, -1, -1,  1],
       [ 1, 11,  0,  2,  1, 17,  3],
       [ 1, 11,  1,  1,  1, 20,  1],
       [ 1, 11,  2,  1,  0,  6,  2],
       [ 1, 11,  3, -1, -1, -1,  0],
       [ 1, 13,  0, -1, -1, -1,  1],
       [ 1, 13,  1,  1,  1,  9,  2],
       [ 1, 13,  2,  1,  0,  0,  1],
       [ 1, 13,  3, -1, -1, -1,  3],
       [ 1, 20,  0,  1,  1,  8,  2],
       [ 1, 20,  1,  1,  1, 11,  1],
       [ 1, 20,  2,  2,  1,  2,  0],
       [ 1, 20,  3,  1,  1,  5,  2]]),
        arrays={'con': {'quad': array([[[ 2,  1,  2,  3],
        [ 0,  1, 14,  0],
        [ 1,  1,  7,  1],
        [ 1,  1,  5,  3]],

       [[ 1,  1,  9,  1],
        [ 1,  1,  6,  2],
        [ 0,  1, 18,  3],
        [ 1,  0,  0,  2]],

       [[ 2,  1, 17,  3],
        [ 1,  1, 20,  1],
        [ 1,  0,  6,  2],
        [-1, -1, -1,  0]],

       [[ 1,  1,  8,  2],
        [ 1,  1, 11,  1],
        [ 2,  1,  2,  0],
        [ 1,  1,  5,  2]],

       [[ 1,  1,  9,  0],
        [ 1,  1,  8,  3],
        [ 1,  1, 20,  3],
        [ 1,  1,  6,  3]],

       [[-1, -1, -1,  1],
        [ 1,  0,  4,  1],
        [ 1,  1, 20,  0],
        [ 1,  1,  5,  1]],

       [[ 1,  1,  5,  0],
        [ 1,  1,  7,  0],
        [ 1,  1, 13,  1],
        [-1, -1, -1,  1]],

       [[-1, -1, -1,  1],
        [ 1,  1,  9,  2],
        [ 1,  0,  0,  1],
        [-1, -1, -1,  3]]]),
                        'tri': array([[[ 0,  0,  3,  1],
        [ 1,  1, 13,  2],
        [ 1,  1,  7,  3]],

       [[ 1,  0,  6,  0],
        [ 1,  1,  8,  1],
        [-1, -1, -1,  1]],

       [[ 1,  0,  4,  0],
        [-1, -1, -1,  0],
        [ 1,  1, 11,  2]]])}})
[Rank 1] Base totals  →  elems=30 conn-rows=112
[Rank 1] Base totals  →  elems=30 conn-rows=112
[Rank 1] Base totals  →  elems=30 conn-rows=22
[Rank 1] Base totals  →  elems=30 conn-rows=112
[Rank 1] SubMesh(etypes=['quad', 'tri'],
        eidxs={'quad': array([ 6,  7, 11, 20,  5,  8,  9, 13]),
               'tri': array([0, 4, 6])},
        arrays={'con': {'quad': array([[[ 2,  1,  2,  3],
        [ 0,  1, 14,  0],
        [ 1,  1,  7,  1],
        [ 1,  1,  5,  3]],

       [[ 1,  1,  9,  1],
        [ 1,  1,  6,  2],
        [ 0,  1, 18,  3],
        [ 1,  0,  0,  2]],

       [[ 2,  1, 17,  3],
        [ 1,  1, 20,  1],
        [ 1,  0,  6,  2],
        [-1, -1, -1,  0]],

       [[ 1,  1,  8,  2],
        [ 1,  1, 11,  1],
        [ 2,  1,  2,  0],
        [ 1,  1,  5,  2]],

       [[ 1,  1,  9,  0],
        [ 1,  1,  8,  3],
        [ 1,  1, 20,  3],
        [ 1,  1,  6,  3]],

       [[-1, -1, -1,  1],
        [ 1,  0,  4,  1],
        [ 1,  1, 20,  0],
        [ 1,  1,  5,  1]],

       [[ 1,  1,  5,  0],
        [ 1,  1,  7,  0],
        [ 1,  1, 13,  1],
        [-1, -1, -1,  1]],

       [[-1, -1, -1,  1],
        [ 1,  1,  9,  2],
        [ 1,  0,  0,  1],
        [-1, -1, -1,  3]]]),
                        'tri': array([[[ 0,  0,  3,  1],
        [ 1,  1, 13,  2],
        [ 1,  1,  7,  3]],

       [[ 1,  0,  6,  0],
        [ 1,  1,  8,  1],
        [-1, -1, -1,  1]],

       [[ 1,  0,  4,  0],
        [-1, -1, -1,  0],
        [ 1,  1, 11,  2]]])}})
[Rank 1] [after rebuild]   local elem-counts: {0: {'quad': 0, 'tri': 0}, 1: {'quad': 8, 'tri': 3}, 2: {'quad': 0, 'tri': 0}}
[Rank 1] [after rebuild]   local elem-counts: {0: {'quad': 0, 'tri': 0}, 1: {'quad': 8, 'tri': 3}, 2: {'quad': 0, 'tri': 0}}
[Rank 1] [after rebuild]   local elem-counts: {0: {'quad': 0, 'tri': 0}, 1: {'quad': 8, 'tri': 3}, 2: {'quad': 0, 'tri': 0}}
[Rank 1] [after rebuild]   local elem-counts: {0: {'quad': 0, 'tri': 0}, 1: {'quad': 8, 'tri': 3}, 2: {'quad': 0, 'tri': 0}}
[Rank 1] [after rebuild]   local elem-counts: {0: {'quad': 0, 'tri': 0}, 1: {'quad': 8, 'tri': 3}, 2: {'quad': 0, 'tri': 0}}
[Rank 1] [after rebuild]   local elem-counts: {0: {'quad': 0, 'tri': 0}, 1: {'quad': 8, 'tri': 3}, 2: {'quad': 0, 'tri': 0}}
[Rank 1] [after rebuild]   local elem-counts: {0: {'quad': 0, 'tri': 0}, 1: {'quad': 8, 'tri': 3}, 2: {'quad': 0, 'tri': 0}}
[Rank 1] [after rebuild]   local elem-counts: {0: {'quad': 0, 'tri': 0}, 1: {'quad': 8, 'tri': 3}, 2: {'quad': 0, 'tri': 0}}
[Rank 1] [after rebuild]   local elem-counts: {0: {'quad': 0, 'tri': 0}, 1: {'quad': 8, 'tri': 3}, 2: {'quad': 0, 'tri': 0}}
[Rank 1] [after rebuild]   local elem-counts: {0: {'quad': 0, 'tri': 0}, 1: {'quad': 8, 'tri': 3}, 2: {'quad': 0, 'tri': 0}}
[Rank 1] [after rebuild]   local elem-counts: {0: {'quad': 0, 'tri': 0}, 1: {'quad': 8, 'tri': 3}, 2: {'quad': 0, 'tri': 0}}
[Rank 1] [after rebuild]   local elem-counts: {0: {'quad': 0, 'tri': 0}, 1: {'quad': 8, 'tri': 3}, 2: {'quad': 0, 'tri': 0}}
[Rank 1] [after rebuild]   local elem-counts: {0: {'quad': 0, 'tri': 0}, 1: {'quad': 8, 'tri': 3}, 2: {'quad': 0, 'tri': 0}}
[Rank 1] [after rebuild]   local elem-counts: {0: {'quad': 0, 'tri': 0}, 1: {'quad': 8, 'tri': 3}, 2: {'quad': 0, 'tri': 0}}
[Rank 1] [after rebuild]   local elem-counts: {0: {'quad': 0, 'tri': 0}, 1: {'quad': 8, 'tri': 3}, 2: {'quad': 0, 'tri': 0}}
[Rank 1] [merge]   received 2 elems → sub-mesh 1
[Rank 1] [after rebuild]   local elem-counts: {0: {'quad': 0, 'tri': 0}, 1: {'quad': 8, 'tri': 3}, 2: {'quad': 0, 'tri': 0}}
[Rank 1] [merge]   received 2 elems → sub-mesh 1
[Rank 1] [after rebuild]   local elem-counts: {0: {'quad': 0, 'tri': 0}, 1: {'quad': 8, 'tri': 3}, 2: {'quad': 0, 'tri': 0}}
[Rank 1] [after rebuild]   local elem-counts: {0: {'quad': 0, 'tri': 0}, 1: {'quad': 8, 'tri': 3}, 2: {'quad': 0, 'tri': 0}}
[Rank 1] [after rebuild]   local elem-counts: {0: {'quad': 0, 'tri': 0}, 1: {'quad': 8, 'tri': 3}, 2: {'quad': 0, 'tri': 0}}
[Rank 1] [merge]   received 2 elems → sub-mesh 1
[Rank 1] [after rebuild]   local elem-counts: {0: {'quad': 0, 'tri': 0}, 1: {'quad': 8, 'tri': 3}, 2: {'quad': 0, 'tri': 0}}
[Rank 1] [merge]   received 2 elems → sub-mesh 1
[Rank 1] [after rebuild]   local elem-counts: {0: {'quad': 0, 'tri': 0}, 1: {'quad': 8, 'tri': 3}, 2: {'quad': 0, 'tri': 0}}
[Rank 1] [after rebuild]   local elem-counts: {0: {'quad': 0, 'tri': 0}, 1: {'quad': 8, 'tri': 3}, 2: {'quad': 0, 'tri': 0}}
[Rank 1] [after rebuild]   local elem-counts: {0: {'quad': 0, 'tri': 0}, 1: {'quad': 8, 'tri': 3}, 2: {'quad': 0, 'tri': 0}}
[Rank 1] [after rebuild]   local elem-counts: {0: {'quad': 0, 'tri': 0}, 1: {'quad': 8, 'tri': 3}, 2: {'quad': 0, 'tri': 0}}
[Rank 1] [after rebuild]   local elem-counts: {0: {'quad': 0, 'tri': 0}, 1: {'quad': 8, 'tri': 3}, 2: {'quad': 0, 'tri': 0}}
[Rank 1] [after rebuild]   local elem-counts: {0: {'quad': 0, 'tri': 0}, 1: {'quad': 8, 'tri': 3}, 2: {'quad': 0, 'tri': 0}}
[Rank 1] [after rebuild]   local elem-counts: {0: {'quad': 0, 'tri': 0}, 1: {'quad': 8, 'tri': 3}, 2: {'quad': 0, 'tri': 0}}
[Rank 1] [after rebuild]   local elem-counts: {0: {'quad': 0, 'tri': 0}, 1: {'quad': 8, 'tri': 3}, 2: {'quad': 0, 'tri': 0}}
[Rank 1] [after rebuild]   local elem-counts: {0: {'quad': 0, 'tri': 0}, 1: {'quad': 8, 'tri': 3}, 2: {'quad': 0, 'tri': 0}}
[Rank 1] [after rebuild]   local elem-counts: {0: {'quad': 0, 'tri': 0}, 1: {'quad': 8, 'tri': 3}, 2: {'quad': 0, 'tri': 0}}
[Rank 1] [after rebuild]   local elem-counts: {0: {'quad': 0, 'tri': 0}, 1: {'quad': 8, 'tri': 3}, 2: {'quad': 0, 'tri': 0}}
[Rank 1] [after rebuild]   local elem-counts: {0: {'quad': 0, 'tri': 0}, 1: {'quad': 8, 'tri': 3}, 2: {'quad': 0, 'tri': 0}}
[Rank 1] [run_function_once]  local elem-counts: {0: {'quad': 0, 'tri': 0}, 1: {'quad': 8, 'tri': 3}, 2: {'quad': 0, 'tri': 0}}
[Rank 1] [run_function_once]  local elem-counts: {0: {'quad': 0, 'tri': 0}, 1: {'quad': 8, 'tri': 3}, 2: {'quad': 0, 'tri': 0}}
[Rank 1] [run_function_once]  local elem-counts: {0: {'quad': 0, 'tri': 0}, 1: {'quad': 8, 'tri': 3}, 2: {'quad': 0, 'tri': 0}}
[Rank 1] [run_function_once]  local elem-counts: {0: {'quad': 0, 'tri': 0}, 1: {'quad': 8, 'tri': 3}, 2: {'quad': 0, 'tri': 0}}
[Rank 1] [run_function_once]  local elem-counts: {0: {'quad': 0, 'tri': 0}, 1: {'quad': 8, 'tri': 3}, 2: {'quad': 0, 'tri': 0}}
[Rank 1] '[dbg] quad send=[0, 0, 0] recv=[0, 0, 2]'
[Rank 1] [dbg] quad send=[0, 0, 0] recv=[0, 0, 2]
[Rank 1] [perform_all_exchanges]  quad send: [0, 0, 0] recv: [0, 0, 2]
[Rank 1] [perform_all_exchanges] quad send: [0, 0, 0] recv: [0, 0, 2]
[Rank 1] [perform_all_exchanges] quad send: [0, 0, 0] recv: [0, 0, 2]
[Rank 1] [perform_all_exchanges] quad send [0, 0, 0] | recv [0, 0, 2]
[Rank 1] {'quad': array([0., 0., 0., 0., 0., 0., 0., 0., 0., 0.]),
 'tri': array([False, False, False])}
[Rank 1] {'quad': array([False, False, False, False, False, False, False, False]),
 'tri': array([False, False, False])}
[Rank 1] {'quad': array([0., 0., 0., 0., 0., 0., 0., 0., 0., 0.]),
 'tri': array([False, False, False])}
[Rank 1] {'quad': array([False, False, False, False, False, False, False, False]),
 'tri': array([False, False, False])}
[Rank 1] {'quad': array([False, False, False, False, False, False, False, False, False,
       False]),
 'tri': array([False, False, False])}
[Rank 1] {'quad': array([[22, 31, 34, 24],
       [33, 34, 25, 24],
       [ 6, 21,  5, 17],
       [20, 17, 22, 21],
       [34,  2, 22, 20],
       [ 2,  3, 20, 17],
       [ 2, 34,  1, 33],
       [ 0,  1, 15, 33]]),
 'tri': array([[25, 15, 33],
       [ 4, 17,  3],
       [17,  4,  5]])}
[Rank 1] [dtype('int64'), (8, 4)]
[Rank 1] [dtype('<f8'), (4, 8, 2)]
[Rank 1] [dtype('int64'), (8, 4)]
[Rank 1] [dtype('<f8'), (4, 8, 2)]
[Rank 1] [dtype('int64'), (8, 4)]
[Rank 1] [dtype('<f8'), (4, 8, 2)]
[Rank 1] [dtype('int64'), (8, 4)]
[Rank 1] [dtype('<f8'), (4, 8, 2)]
[Rank 1] [dtype('int64'), (8, 4)]
[Rank 1] [dtype('<f8'), (4, 8, 2)]
[Rank 1] {'quad': array([False, False, False, False, False, False, False, False]),
 'tri': array([False, False, False])}
[Rank 1] {'quad': array([False, False, False, False, False, False, False, False, False,
       False]),
 'tri': array([False, False, False])}
[Rank 1] [dtype('int64'), (8, 4)]
[Rank 1] [dtype('<f8'), (4, 8, 2)]
[Rank 1] {'quad': array([False, False, False, False, False, False, False, False]),
 'tri': array([False, False, False])}
[Rank 1] {'quad': array([False, False, False, False, False, False, False, False, False,
       False]),
 'tri': array([False, False, False])}
[Rank 1] [dtype('int64'), (8, 4)]
[Rank 1] [dtype('<f8'), (4, 8, 2)]
[Rank 1] {'quad': array([False, False, False, False, False, False, False, False]),
 'tri': array([False, False, False])}
[Rank 1] {'quad': array([False, False, False, False, False, False, False, False, False,
       False]),
 'tri': array([False, False, False])}
[Rank 1] [dtype('int64'), (8, 4)]
[Rank 1] [dtype('<f8'), (4, 8, 2)]
[Rank 1] {'quad': array([False, False, False, False, False, False, False, False]),
 'tri': array([False, False, False])}
[Rank 1] {'quad': array([False, False, False, False, False, False, False, False, False,
       False]),
 'tri': array([False, False, False])}
[Rank 1] [dtype('int64'), (8, 4)]
[Rank 1] [dtype('<f8'), (4, 8, 2)]
[Rank 1] {'quad': array([False, False, False, False, False, False, False, False]),
 'tri': array([False, False, False])}
[Rank 1] {'quad': array([[[0.30641017, 0.41891218],
        [0.49592129, 0.49379152],
        [0.21694446, 0.59326755],
        [0.38534186, 0.6857371 ]],

       [[0.17602583, 0.76842093],
        [0.21694446, 0.59326755],
        [0.32888457, 0.85398126],
        [0.38534186, 0.6857371 ]],

       [[0.5       , 0.        ],
        [0.36671894, 0.22386365],
        [0.25      , 0.        ],
        [0.16878791, 0.18519744]],

       [[0.15453763, 0.36210185],
        [0.16878791, 0.18519744],
        [0.30641017, 0.41891218],
        [0.36671894, 0.22386365]],

       [[0.21694446, 0.59326755],
        [0.        , 0.5       ],
        [0.30641017, 0.41891218],
        [0.15453763, 0.36210185]],

       [[0.        , 0.5       ],
        [0.        , 0.25      ],
        [0.15453763, 0.36210185],
        [0.16878791, 0.18519744]],

       [[0.        , 0.5       ],
        [0.21694446, 0.59326755],
        [0.        , 0.75      ],
        [0.17602583, 0.76842093]],

       [[0.        , 1.        ],
        [0.        , 0.75      ],
        [0.25      , 1.        ],
        [0.17602583, 0.76842093]],

       [[0.30641017, 0.41891218],
        [0.36671894, 0.22386365],
        [0.49592129, 0.49379152],
        [0.49541325, 0.31519935]],

       [[0.5       , 0.        ],
        [0.62359953, 0.22794287],
        [0.36671894, 0.22386365],
        [0.49541325, 0.31519935]]]),
 'tri': array([[[0.32888457, 0.85398126],
        [0.25      , 1.        ],
        [0.17602583, 0.76842093]],

       [[0.        , 0.        ],
        [0.16878791, 0.18519744],
        [0.        , 0.25      ]],

       [[0.16878791, 0.18519744],
        [0.        , 0.        ],
        [0.25      , 0.        ]]])}
[Rank 1] [dtype('int64'), (8, 4)]
[Rank 1] [dtype('<f8'), (4, 8, 2)]
[Rank 1] {'quad': array([False, False, False, False, False, False, False, False]),
 'tri': array([False, False, False])}
[Rank 1] SubMesh(etypes=['quad', 'tri'],
        eidxs={'quad': array([ 6,  7, 11, 20,  5,  8,  9, 13,  2, 17]),
               'tri': array([0, 4, 6])},
        arrays={'con': {'quad': array([[[ 1,  0,  2,  3],
        [ 0,  0, 14,  0],
        [ 1,  0,  7,  1],
        [ 1,  0,  5,  3]],

       [[ 1,  0,  9,  1],
        [ 1,  0,  6,  2],
        [ 0,  0, 18,  3],
        [ 1,  1,  0,  2]],

       [[ 1,  0, 17,  3],
        [ 1,  0, 20,  1],
        [ 1,  1,  6,  2],
        [-1, -1, -1,  0]],

       [[ 1,  0,  8,  2],
        [ 1,  0, 11,  1],
        [ 1,  0,  2,  0],
        [ 1,  0,  5,  2]],

       [[ 1,  0,  9,  0],
        [ 1,  0,  8,  3],
        [ 1,  0, 20,  3],
        [ 1,  0,  6,  3]],

       [[-1, -1, -1,  1],
        [ 1,  1,  4,  1],
        [ 1,  0, 20,  0],
        [ 1,  0,  5,  1]],

       [[ 1,  0,  5,  0],
        [ 1,  0,  7,  0],
        [ 1,  0, 13,  1],
        [-1, -1, -1,  1]],

       [[-1, -1, -1,  1],
        [ 1,  0,  9,  2],
        [ 1,  1,  0,  1],
        [-1, -1, -1,  3]],

       [[ 1,  0, 20,  2],
        [ 1,  0, 17,  2],
        [ 2,  0,  1,  2],
        [ 1,  0,  6,  0]],

       [[ 2,  0, 16,  0],
        [ 2,  0,  1,  3],
        [ 1,  0,  2,  1],
        [ 1,  0, 11,  0]]]),
                        'tri': array([[[ 0,  1,  3,  1],
        [ 1,  0, 13,  2],
        [ 1,  0,  7,  3]],

       [[ 1,  1,  6,  0],
        [ 1,  0,  8,  1],
        [-1, -1, -1,  1]],

       [[ 1,  1,  4,  0],
        [-1, -1, -1,  0],
        [ 1,  0, 11,  2]]])},
                'spts': {'quad': array([[[0.30641017, 0.41891218],
        [0.49592129, 0.49379152],
        [0.21694446, 0.59326755],
        [0.38534186, 0.6857371 ]],

       [[0.17602583, 0.76842093],
        [0.21694446, 0.59326755],
        [0.32888457, 0.85398126],
        [0.38534186, 0.6857371 ]],

       [[0.5       , 0.        ],
        [0.36671894, 0.22386365],
        [0.25      , 0.        ],
        [0.16878791, 0.18519744]],

       [[0.15453763, 0.36210185],
        [0.16878791, 0.18519744],
        [0.30641017, 0.41891218],
        [0.36671894, 0.22386365]],

       [[0.21694446, 0.59326755],
        [0.        , 0.5       ],
        [0.30641017, 0.41891218],
        [0.15453763, 0.36210185]],

       [[0.        , 0.5       ],
        [0.        , 0.25      ],
        [0.15453763, 0.36210185],
        [0.16878791, 0.18519744]],

       [[0.        , 0.5       ],
        [0.21694446, 0.59326755],
        [0.        , 0.75      ],
        [0.17602583, 0.76842093]],

       [[0.        , 1.        ],
        [0.        , 0.75      ],
        [0.25      , 1.        ],
        [0.17602583, 0.76842093]],

       [[0.30641017, 0.41891218],
        [0.36671894, 0.22386365],
        [0.49592129, 0.49379152],
        [0.49541325, 0.31519935]],

       [[0.5       , 0.        ],
        [0.62359953, 0.22794287],
        [0.36671894, 0.22386365],
        [0.49541325, 0.31519935]]]),
                         'tri': array([[[0.32888457, 0.85398126],
        [0.25      , 1.        ],
        [0.17602583, 0.76842093]],

       [[0.        , 0.        ],
        [0.16878791, 0.18519744],
        [0.        , 0.25      ]],

       [[0.16878791, 0.18519744],
        [0.        , 0.        ],
        [0.25      , 0.        ]]])},
                'spts_curved': {'quad': array([False, False, False, False, False, False, False, False, False,
       False]),
                                'tri': array([False, False, False])},
                'spts_nodes': {'quad': array([[22, 31, 34, 24],
       [33, 34, 25, 24],
       [ 6, 21,  5, 17],
       [20, 17, 22, 21],
       [34,  2, 22, 20],
       [ 2,  3, 20, 17],
       [ 2, 34,  1, 33],
       [ 0,  1, 15, 33],
       [22, 21, 31, 27],
       [ 6, 26, 21, 27]]),
                               'tri': array([[25, 15, 33],
       [ 4, 17,  3],
       [17,  4,  5]])}})
[Rank 1] [dtype('int64'), (8, 4)]
[Rank 1] [dtype('<f8'), (4, 8, 2)]
[Rank 1] SubMesh(etypes=['quad', 'tri'],
        eidxs={'quad': array([ 6,  7, 11, 20,  5,  8,  9, 13]),
               'tri': array([0, 4, 6])},
        arrays={'con': {'quad': array([[[ 2,  0,  2,  3],
        [ 0,  0, 14,  0],
        [ 1,  0,  7,  1],
        [ 1,  0,  5,  3]],

       [[ 1,  0,  9,  1],
        [ 1,  0,  6,  2],
        [ 0,  0, 18,  3],
        [ 1,  1,  0,  2]],

       [[ 2,  0, 17,  3],
        [ 1,  0, 20,  1],
        [ 1,  1,  6,  2],
        [-1, -1, -1,  0]],

       [[ 1,  0,  8,  2],
        [ 1,  0, 11,  1],
        [ 2,  0,  2,  0],
        [ 1,  0,  5,  2]],

       [[ 1,  0,  9,  0],
        [ 1,  0,  8,  3],
        [ 1,  0, 20,  3],
        [ 1,  0,  6,  3]],

       [[-1, -1, -1,  1],
        [ 1,  1,  4,  1],
        [ 1,  0, 20,  0],
        [ 1,  0,  5,  1]],

       [[ 1,  0,  5,  0],
        [ 1,  0,  7,  0],
        [ 1,  0, 13,  1],
        [-1, -1, -1,  1]],

       [[-1, -1, -1,  1],
        [ 1,  0,  9,  2],
        [ 1,  1,  0,  1],
        [-1, -1, -1,  3]]]),
                        'tri': array([[[ 0,  1,  3,  1],
        [ 1,  0, 13,  2],
        [ 1,  0,  7,  3]],

       [[ 1,  1,  6,  0],
        [ 1,  0,  8,  1],
        [-1, -1, -1,  1]],

       [[ 1,  1,  4,  0],
        [-1, -1, -1,  0],
        [ 1,  0, 11,  2]]])},
                'spts': {'quad': array([[[0.30641017, 0.41891218],
        [0.49592129, 0.49379152],
        [0.21694446, 0.59326755],
        [0.38534186, 0.6857371 ]],

       [[0.17602583, 0.76842093],
        [0.21694446, 0.59326755],
        [0.32888457, 0.85398126],
        [0.38534186, 0.6857371 ]],

       [[0.5       , 0.        ],
        [0.36671894, 0.22386365],
        [0.25      , 0.        ],
        [0.16878791, 0.18519744]],

       [[0.15453763, 0.36210185],
        [0.16878791, 0.18519744],
        [0.30641017, 0.41891218],
        [0.36671894, 0.22386365]],

       [[0.21694446, 0.59326755],
        [0.        , 0.5       ],
        [0.30641017, 0.41891218],
        [0.15453763, 0.36210185]],

       [[0.        , 0.5       ],
        [0.        , 0.25      ],
        [0.15453763, 0.36210185],
        [0.16878791, 0.18519744]],

       [[0.        , 0.5       ],
        [0.21694446, 0.59326755],
        [0.        , 0.75      ],
        [0.17602583, 0.76842093]],

       [[0.        , 1.        ],
        [0.        , 0.75      ],
        [0.25      , 1.        ],
        [0.17602583, 0.76842093]]]),
                         'tri': array([[[0.32888457, 0.85398126],
        [0.25      , 1.        ],
        [0.17602583, 0.76842093]],

       [[0.        , 0.        ],
        [0.16878791, 0.18519744],
        [0.        , 0.25      ]],

       [[0.16878791, 0.18519744],
        [0.        , 0.        ],
        [0.25      , 0.        ]]])},
                'spts_curved': {'quad': array([False, False, False, False, False, False, False, False]),
                                'tri': array([False, False, False])},
                'spts_nodes': {'quad': array([[22, 31, 34, 24],
       [33, 34, 25, 24],
       [ 6, 21,  5, 17],
       [20, 17, 22, 21],
       [34,  2, 22, 20],
       [ 2,  3, 20, 17],
       [ 2, 34,  1, 33],
       [ 0,  1, 15, 33]]),
                               'tri': array([[25, 15, 33],
       [ 4, 17,  3],
       [17,  4,  5]])}})
[Rank 1] SubMesh(etypes=['quad', 'tri'],
        eidxs={'quad': array([ 6,  7, 11, 20,  5,  8,  9, 13,  2, 17]),
               'tri': array([0, 4, 6])},
        arrays={'con': {'quad': array([[[ 1,  0,  2,  3],
        [ 0,  0, 14,  0],
        [ 1,  0,  7,  1],
        [ 1,  0,  5,  3]],

       [[ 1,  0,  9,  1],
        [ 1,  0,  6,  2],
        [ 0,  0, 18,  3],
        [ 1,  1,  0,  2]],

       [[ 1,  0, 17,  3],
        [ 1,  0, 20,  1],
        [ 1,  1,  6,  2],
        [-1, -1, -1,  0]],

       [[ 1,  0,  8,  2],
        [ 1,  0, 11,  1],
        [ 1,  0,  2,  0],
        [ 1,  0,  5,  2]],

       [[ 1,  0,  9,  0],
        [ 1,  0,  8,  3],
        [ 1,  0, 20,  3],
        [ 1,  0,  6,  3]],

       [[-1, -1, -1,  1],
        [ 1,  1,  4,  1],
        [ 1,  0, 20,  0],
        [ 1,  0,  5,  1]],

       [[ 1,  0,  5,  0],
        [ 1,  0,  7,  0],
        [ 1,  0, 13,  1],
        [-1, -1, -1,  1]],

       [[-1, -1, -1,  1],
        [ 1,  0,  9,  2],
        [ 1,  1,  0,  1],
        [-1, -1, -1,  3]],

       [[ 1,  0, 20,  2],
        [ 1,  0, 17,  2],
        [ 2,  0,  1,  2],
        [ 1,  0,  6,  0]],

       [[ 2,  0, 16,  0],
        [ 2,  0,  1,  3],
        [ 1,  0,  2,  1],
        [ 1,  0, 11,  0]]]),
                        'tri': array([[[ 0,  1,  3,  1],
        [ 1,  0, 13,  2],
        [ 1,  0,  7,  3]],

       [[ 1,  1,  6,  0],
        [ 1,  0,  8,  1],
        [-1, -1, -1,  1]],

       [[ 1,  1,  4,  0],
        [-1, -1, -1,  0],
        [ 1,  0, 11,  2]]])},
                'spts': {'quad': array([[[0.30641017, 0.41891218],
        [0.49592129, 0.49379152],
        [0.21694446, 0.59326755],
        [0.38534186, 0.6857371 ]],

       [[0.17602583, 0.76842093],
        [0.21694446, 0.59326755],
        [0.32888457, 0.85398126],
        [0.38534186, 0.6857371 ]],

       [[0.5       , 0.        ],
        [0.36671894, 0.22386365],
        [0.25      , 0.        ],
        [0.16878791, 0.18519744]],

       [[0.15453763, 0.36210185],
        [0.16878791, 0.18519744],
        [0.30641017, 0.41891218],
        [0.36671894, 0.22386365]],

       [[0.21694446, 0.59326755],
        [0.        , 0.5       ],
        [0.30641017, 0.41891218],
        [0.15453763, 0.36210185]],

       [[0.        , 0.5       ],
        [0.        , 0.25      ],
        [0.15453763, 0.36210185],
        [0.16878791, 0.18519744]],

       [[0.        , 0.5       ],
        [0.21694446, 0.59326755],
        [0.        , 0.75      ],
        [0.17602583, 0.76842093]],

       [[0.        , 1.        ],
        [0.        , 0.75      ],
        [0.25      , 1.        ],
        [0.17602583, 0.76842093]],

       [[0.30641017, 0.41891218],
        [0.36671894, 0.22386365],
        [0.49592129, 0.49379152],
        [0.49541325, 0.31519935]],

       [[0.5       , 0.        ],
        [0.62359953, 0.22794287],
        [0.36671894, 0.22386365],
        [0.49541325, 0.31519935]]]),
                         'tri': array([[[0.32888457, 0.85398126],
        [0.25      , 1.        ],
        [0.17602583, 0.76842093]],

       [[0.        , 0.        ],
        [0.16878791, 0.18519744],
        [0.        , 0.25      ]],

       [[0.16878791, 0.18519744],
        [0.        , 0.        ],
        [0.25      , 0.        ]]])},
                'spts_curved': {'quad': array([False, False, False, False, False, False, False, False, False,
       False]),
                                'tri': array([False, False, False])},
                'spts_nodes': {'quad': array([[22, 31, 34, 24],
       [33, 34, 25, 24],
       [ 6, 21,  5, 17],
       [20, 17, 22, 21],
       [34,  2, 22, 20],
       [ 2,  3, 20, 17],
       [ 2, 34,  1, 33],
       [ 0,  1, 15, 33],
       [22, 21, 31, 27],
       [ 6, 26, 21, 27]]),
                               'tri': array([[25, 15, 33],
       [ 4, 17,  3],
       [17,  4,  5]])}})
[Rank 1] SubMesh(etypes=['quad', 'tri'],
        eidxs={'quad': array([ 6,  7, 11, 20,  5,  8,  9, 13]),
               'tri': array([0, 4, 6])},
        arrays={'con': {'quad': array([[[ 2,  0,  2,  3],
        [ 0,  0, 14,  0],
        [ 1,  0,  7,  1],
        [ 1,  0,  5,  3]],

       [[ 1,  0,  9,  1],
        [ 1,  0,  6,  2],
        [ 0,  0, 18,  3],
        [ 1,  1,  0,  2]],

       [[ 2,  0, 17,  3],
        [ 1,  0, 20,  1],
        [ 1,  1,  6,  2],
        [-1, -1, -1,  0]],

       [[ 1,  0,  8,  2],
        [ 1,  0, 11,  1],
        [ 2,  0,  2,  0],
        [ 1,  0,  5,  2]],

       [[ 1,  0,  9,  0],
        [ 1,  0,  8,  3],
        [ 1,  0, 20,  3],
        [ 1,  0,  6,  3]],

       [[-1, -1, -1,  1],
        [ 1,  1,  4,  1],
        [ 1,  0, 20,  0],
        [ 1,  0,  5,  1]],

       [[ 1,  0,  5,  0],
        [ 1,  0,  7,  0],
        [ 1,  0, 13,  1],
        [-1, -1, -1,  1]],

       [[-1, -1, -1,  1],
        [ 1,  0,  9,  2],
        [ 1,  1,  0,  1],
        [-1, -1, -1,  3]]]),
                        'tri': array([[[ 0,  1,  3,  1],
        [ 1,  0, 13,  2],
        [ 1,  0,  7,  3]],

       [[ 1,  1,  6,  0],
        [ 1,  0,  8,  1],
        [-1, -1, -1,  1]],

       [[ 1,  1,  4,  0],
        [-1, -1, -1,  0],
        [ 1,  0, 11,  2]]])},
                'spts': {'quad': array([[[0.30641017, 0.41891218],
        [0.49592129, 0.49379152],
        [0.21694446, 0.59326755],
        [0.38534186, 0.6857371 ]],

       [[0.17602583, 0.76842093],
        [0.21694446, 0.59326755],
        [0.32888457, 0.85398126],
        [0.38534186, 0.6857371 ]],

       [[0.5       , 0.        ],
        [0.36671894, 0.22386365],
        [0.25      , 0.        ],
        [0.16878791, 0.18519744]],

       [[0.15453763, 0.36210185],
        [0.16878791, 0.18519744],
        [0.30641017, 0.41891218],
        [0.36671894, 0.22386365]],

       [[0.21694446, 0.59326755],
        [0.        , 0.5       ],
        [0.30641017, 0.41891218],
        [0.15453763, 0.36210185]],

       [[0.        , 0.5       ],
        [0.        , 0.25      ],
        [0.15453763, 0.36210185],
        [0.16878791, 0.18519744]],

       [[0.        , 0.5       ],
        [0.21694446, 0.59326755],
        [0.        , 0.75      ],
        [0.17602583, 0.76842093]],

       [[0.        , 1.        ],
        [0.        , 0.75      ],
        [0.25      , 1.        ],
        [0.17602583, 0.76842093]]]),
                         'tri': array([[[0.32888457, 0.85398126],
        [0.25      , 1.        ],
        [0.17602583, 0.76842093]],

       [[0.        , 0.        ],
        [0.16878791, 0.18519744],
        [0.        , 0.25      ]],

       [[0.16878791, 0.18519744],
        [0.        , 0.        ],
        [0.25      , 0.        ]]])},
                'spts_curved': {'quad': array([False, False, False, False, False, False, False, False]),
                                'tri': array([False, False, False])},
                'spts_nodes': {'quad': array([[22, 31, 34, 24],
       [33, 34, 25, 24],
       [ 6, 21,  5, 17],
       [20, 17, 22, 21],
       [34,  2, 22, 20],
       [ 2,  3, 20, 17],
       [ 2, 34,  1, 33],
       [ 0,  1, 15, 33]]),
                               'tri': array([[25, 15, 33],
       [ 4, 17,  3],
       [17,  4,  5]])}})
[Rank 1] SubMesh(etypes=['quad', 'tri'],
        eidxs={'quad': array([ 6,  7, 11, 20,  5,  8,  9, 13,  2, 17]),
               'tri': array([0, 4, 6])},
        arrays={'con': {'quad': array([[[ 1,  0,  2,  3],
        [ 0,  0, 14,  0],
        [ 1,  0,  7,  1],
        [ 1,  0,  5,  3]],

       [[ 1,  0,  9,  1],
        [ 1,  0,  6,  2],
        [ 0,  0, 18,  3],
        [ 1,  1,  0,  2]],

       [[ 1,  0, 17,  3],
        [ 1,  0, 20,  1],
        [ 1,  1,  6,  2],
        [-1, -1, -1,  0]],

       [[ 1,  0,  8,  2],
        [ 1,  0, 11,  1],
        [ 1,  0,  2,  0],
        [ 1,  0,  5,  2]],

       [[ 1,  0,  9,  0],
        [ 1,  0,  8,  3],
        [ 1,  0, 20,  3],
        [ 1,  0,  6,  3]],

       [[-1, -1, -1,  1],
        [ 1,  1,  4,  1],
        [ 1,  0, 20,  0],
        [ 1,  0,  5,  1]],

       [[ 1,  0,  5,  0],
        [ 1,  0,  7,  0],
        [ 1,  0, 13,  1],
        [-1, -1, -1,  1]],

       [[-1, -1, -1,  1],
        [ 1,  0,  9,  2],
        [ 1,  1,  0,  1],
        [-1, -1, -1,  3]],

       [[ 1,  0, 20,  2],
        [ 1,  0, 17,  2],
        [ 2,  0,  1,  2],
        [ 1,  0,  6,  0]],

       [[ 2,  0, 16,  0],
        [ 2,  0,  1,  3],
        [ 1,  0,  2,  1],
        [ 1,  0, 11,  0]]]),
                        'tri': array([[[ 0,  1,  3,  1],
        [ 1,  0, 13,  2],
        [ 1,  0,  7,  3]],

       [[ 1,  1,  6,  0],
        [ 1,  0,  8,  1],
        [-1, -1, -1,  1]],

       [[ 1,  1,  4,  0],
        [-1, -1, -1,  0],
        [ 1,  0, 11,  2]]])},
                'spts': {'quad': array([[[0.30641017, 0.41891218],
        [0.49592129, 0.49379152],
        [0.21694446, 0.59326755],
        [0.38534186, 0.6857371 ]],

       [[0.17602583, 0.76842093],
        [0.21694446, 0.59326755],
        [0.32888457, 0.85398126],
        [0.38534186, 0.6857371 ]],

       [[0.5       , 0.        ],
        [0.36671894, 0.22386365],
        [0.25      , 0.        ],
        [0.16878791, 0.18519744]],

       [[0.15453763, 0.36210185],
        [0.16878791, 0.18519744],
        [0.30641017, 0.41891218],
        [0.36671894, 0.22386365]],

       [[0.21694446, 0.59326755],
        [0.        , 0.5       ],
        [0.30641017, 0.41891218],
        [0.15453763, 0.36210185]],

       [[0.        , 0.5       ],
        [0.        , 0.25      ],
        [0.15453763, 0.36210185],
        [0.16878791, 0.18519744]],

       [[0.        , 0.5       ],
        [0.21694446, 0.59326755],
        [0.        , 0.75      ],
        [0.17602583, 0.76842093]],

       [[0.        , 1.        ],
        [0.        , 0.75      ],
        [0.25      , 1.        ],
        [0.17602583, 0.76842093]],

       [[0.30641017, 0.41891218],
        [0.36671894, 0.22386365],
        [0.49592129, 0.49379152],
        [0.49541325, 0.31519935]],

       [[0.5       , 0.        ],
        [0.62359953, 0.22794287],
        [0.36671894, 0.22386365],
        [0.49541325, 0.31519935]]]),
                         'tri': array([[[0.32888457, 0.85398126],
        [0.25      , 1.        ],
        [0.17602583, 0.76842093]],

       [[0.        , 0.        ],
        [0.16878791, 0.18519744],
        [0.        , 0.25      ]],

       [[0.16878791, 0.18519744],
        [0.        , 0.        ],
        [0.25      , 0.        ]]])},
                'spts_curved': {'quad': array([False, False, False, False, False, False, False, False, False,
       False]),
                                'tri': array([False, False, False])},
                'spts_nodes': {'quad': array([[22, 31, 34, 24],
       [33, 34, 25, 24],
       [ 6, 21,  5, 17],
       [20, 17, 22, 21],
       [34,  2, 22, 20],
       [ 2,  3, 20, 17],
       [ 2, 34,  1, 33],
       [ 0,  1, 15, 33],
       [22, 21, 31, 27],
       [ 6, 26, 21, 27]]),
                               'tri': array([[25, 15, 33],
       [ 4, 17,  3],
       [17,  4,  5]])}})
[Rank 1] SubMesh(etypes=['quad', 'tri'],
        eidxs={'quad': array([ 6,  7, 11, 20,  5,  8,  9, 13]),
               'tri': array([0, 4, 6])},
        arrays={'con': {'quad': array([[[ 2,  0,  2,  3],
        [ 0,  0, 14,  0],
        [ 1,  0,  7,  1],
        [ 1,  0,  5,  3]],

       [[ 1,  0,  9,  1],
        [ 1,  0,  6,  2],
        [ 0,  0, 18,  3],
        [ 1,  1,  0,  2]],

       [[ 2,  0, 17,  3],
        [ 1,  0, 20,  1],
        [ 1,  1,  6,  2],
        [-1, -1, -1,  0]],

       [[ 1,  0,  8,  2],
        [ 1,  0, 11,  1],
        [ 2,  0,  2,  0],
        [ 1,  0,  5,  2]],

       [[ 1,  0,  9,  0],
        [ 1,  0,  8,  3],
        [ 1,  0, 20,  3],
        [ 1,  0,  6,  3]],

       [[-1, -1, -1,  1],
        [ 1,  1,  4,  1],
        [ 1,  0, 20,  0],
        [ 1,  0,  5,  1]],

       [[ 1,  0,  5,  0],
        [ 1,  0,  7,  0],
        [ 1,  0, 13,  1],
        [-1, -1, -1,  1]],

       [[-1, -1, -1,  1],
        [ 1,  0,  9,  2],
        [ 1,  1,  0,  1],
        [-1, -1, -1,  3]]]),
                        'tri': array([[[ 0,  1,  3,  1],
        [ 1,  0, 13,  2],
        [ 1,  0,  7,  3]],

       [[ 1,  1,  6,  0],
        [ 1,  0,  8,  1],
        [-1, -1, -1,  1]],

       [[ 1,  1,  4,  0],
        [-1, -1, -1,  0],
        [ 1,  0, 11,  2]]])},
                'spts': {'quad': array([[[0.30641017, 0.41891218],
        [0.49592129, 0.49379152],
        [0.21694446, 0.59326755],
        [0.38534186, 0.6857371 ]],

       [[0.17602583, 0.76842093],
        [0.21694446, 0.59326755],
        [0.32888457, 0.85398126],
        [0.38534186, 0.6857371 ]],

       [[0.5       , 0.        ],
        [0.36671894, 0.22386365],
        [0.25      , 0.        ],
        [0.16878791, 0.18519744]],

       [[0.15453763, 0.36210185],
        [0.16878791, 0.18519744],
        [0.30641017, 0.41891218],
        [0.36671894, 0.22386365]],

       [[0.21694446, 0.59326755],
        [0.        , 0.5       ],
        [0.30641017, 0.41891218],
        [0.15453763, 0.36210185]],

       [[0.        , 0.5       ],
        [0.        , 0.25      ],
        [0.15453763, 0.36210185],
        [0.16878791, 0.18519744]],

       [[0.        , 0.5       ],
        [0.21694446, 0.59326755],
        [0.        , 0.75      ],
        [0.17602583, 0.76842093]],

       [[0.        , 1.        ],
        [0.        , 0.75      ],
        [0.25      , 1.        ],
        [0.17602583, 0.76842093]]]),
                         'tri': array([[[0.32888457, 0.85398126],
        [0.25      , 1.        ],
        [0.17602583, 0.76842093]],

       [[0.        , 0.        ],
        [0.16878791, 0.18519744],
        [0.        , 0.25      ]],

       [[0.16878791, 0.18519744],
        [0.        , 0.        ],
        [0.25      , 0.        ]]])},
                'spts_curved': {'quad': array([False, False, False, False, False, False, False, False]),
                                'tri': array([False, False, False])},
                'spts_nodes': {'quad': array([[22, 31, 34, 24],
       [33, 34, 25, 24],
       [ 6, 21,  5, 17],
       [20, 17, 22, 21],
       [34,  2, 22, 20],
       [ 2,  3, 20, 17],
       [ 2, 34,  1, 33],
       [ 0,  1, 15, 33]]),
                               'tri': array([[25, 15, 33],
       [ 4, 17,  3],
       [17,  4,  5]])}})
[Rank 1] SubMesh(etypes=['quad', 'tri'],
        eidxs={'quad': array([ 7,  6,  5, 11, 20,  8, 13,  2,  9, 17]),
               'tri': array([0, 4, 6])},
        arrays={'con': {'quad': array([[[ 1,  0,  9,  1],
        [ 1,  0,  6,  2],
        [ 0,  0, 18,  3],
        [ 1,  1,  0,  2]],

       [[ 1,  0,  2,  3],
        [ 0,  0, 14,  0],
        [ 1,  0,  7,  1],
        [ 1,  0,  5,  3]],

       [[ 1,  0,  9,  0],
        [ 1,  0,  8,  3],
        [ 1,  0, 20,  3],
        [ 1,  0,  6,  3]],

       [[ 1,  0, 17,  3],
        [ 1,  0, 20,  1],
        [ 1,  1,  6,  2],
        [-1, -1, -1,  0]],

       [[ 1,  0,  8,  2],
        [ 1,  0, 11,  1],
        [ 1,  0,  2,  0],
        [ 1,  0,  5,  2]],

       [[-1, -1, -1,  1],
        [ 1,  1,  4,  1],
        [ 1,  0, 20,  0],
        [ 1,  0,  5,  1]],

       [[-1, -1, -1,  1],
        [ 1,  0,  9,  2],
        [ 1,  1,  0,  1],
        [-1, -1, -1,  3]],

       [[ 1,  0, 20,  2],
        [ 1,  0, 17,  2],
        [ 2,  0,  1,  2],
        [ 1,  0,  6,  0]],

       [[ 1,  0,  5,  0],
        [ 1,  0,  7,  0],
        [ 1,  0, 13,  1],
        [-1, -1, -1,  1]],

       [[ 2,  0, 16,  0],
        [ 2,  0,  1,  3],
        [ 1,  0,  2,  1],
        [ 1,  0, 11,  0]]]),
                        'tri': array([[[ 0,  1,  3,  1],
        [ 1,  0, 13,  2],
        [ 1,  0,  7,  3]],

       [[ 1,  1,  6,  0],
        [ 1,  0,  8,  1],
        [-1, -1, -1,  1]],

       [[ 1,  1,  4,  0],
        [-1, -1, -1,  0],
        [ 1,  0, 11,  2]]])},
                'spts': {'quad': array([[[0.17602583, 0.76842093],
        [0.21694446, 0.59326755],
        [0.32888457, 0.85398126],
        [0.38534186, 0.6857371 ]],

       [[0.30641017, 0.41891218],
        [0.49592129, 0.49379152],
        [0.21694446, 0.59326755],
        [0.38534186, 0.6857371 ]],

       [[0.21694446, 0.59326755],
        [0.        , 0.5       ],
        [0.30641017, 0.41891218],
        [0.15453763, 0.36210185]],

       [[0.5       , 0.        ],
        [0.36671894, 0.22386365],
        [0.25      , 0.        ],
        [0.16878791, 0.18519744]],

       [[0.15453763, 0.36210185],
        [0.16878791, 0.18519744],
        [0.30641017, 0.41891218],
        [0.36671894, 0.22386365]],

       [[0.        , 0.5       ],
        [0.        , 0.25      ],
        [0.15453763, 0.36210185],
        [0.16878791, 0.18519744]],

       [[0.        , 1.        ],
        [0.        , 0.75      ],
        [0.25      , 1.        ],
        [0.17602583, 0.76842093]],

       [[0.30641017, 0.41891218],
        [0.36671894, 0.22386365],
        [0.49592129, 0.49379152],
        [0.49541325, 0.31519935]],

       [[0.        , 0.5       ],
        [0.21694446, 0.59326755],
        [0.        , 0.75      ],
        [0.17602583, 0.76842093]],

       [[0.5       , 0.        ],
        [0.62359953, 0.22794287],
        [0.36671894, 0.22386365],
        [0.49541325, 0.31519935]]]),
                         'tri': array([[[0.32888457, 0.85398126],
        [0.25      , 1.        ],
        [0.17602583, 0.76842093]],

       [[0.        , 0.        ],
        [0.16878791, 0.18519744],
        [0.        , 0.25      ]],

       [[0.16878791, 0.18519744],
        [0.        , 0.        ],
        [0.25      , 0.        ]]])},
                'spts_curved': {'quad': array([False, False, False, False, False, False, False, False, False,
       False]),
                                'tri': array([False, False, False])},
                'spts_nodes': {'quad': array([[33, 34, 25, 24],
       [22, 31, 34, 24],
       [34,  2, 22, 20],
       [ 6, 21,  5, 17],
       [20, 17, 22, 21],
       [ 2,  3, 20, 17],
       [ 0,  1, 15, 33],
       [22, 21, 31, 27],
       [ 2, 34,  1, 33],
       [ 6, 26, 21, 27]]),
                               'tri': array([[25, 15, 33],
       [ 4, 17,  3],
       [17,  4,  5]])}})
[Rank 1] SubMesh(etypes=['quad', 'tri'],
        eidxs={'quad': array([ 6,  7, 11, 20,  5,  8,  9, 13]),
               'tri': array([0, 4, 6])},
        arrays={'con': {'quad': array([[[ 2,  0,  2,  3],
        [ 0,  0, 14,  0],
        [ 1,  0,  7,  1],
        [ 1,  0,  5,  3]],

       [[ 1,  0,  9,  1],
        [ 1,  0,  6,  2],
        [ 0,  0, 18,  3],
        [ 1,  1,  0,  2]],

       [[ 2,  0, 17,  3],
        [ 1,  0, 20,  1],
        [ 1,  1,  6,  2],
        [-1, -1, -1,  0]],

       [[ 1,  0,  8,  2],
        [ 1,  0, 11,  1],
        [ 2,  0,  2,  0],
        [ 1,  0,  5,  2]],

       [[ 1,  0,  9,  0],
        [ 1,  0,  8,  3],
        [ 1,  0, 20,  3],
        [ 1,  0,  6,  3]],

       [[-1, -1, -1,  1],
        [ 1,  1,  4,  1],
        [ 1,  0, 20,  0],
        [ 1,  0,  5,  1]],

       [[ 1,  0,  5,  0],
        [ 1,  0,  7,  0],
        [ 1,  0, 13,  1],
        [-1, -1, -1,  1]],

       [[-1, -1, -1,  1],
        [ 1,  0,  9,  2],
        [ 1,  1,  0,  1],
        [-1, -1, -1,  3]]]),
                        'tri': array([[[ 0,  1,  3,  1],
        [ 1,  0, 13,  2],
        [ 1,  0,  7,  3]],

       [[ 1,  1,  6,  0],
        [ 1,  0,  8,  1],
        [-1, -1, -1,  1]],

       [[ 1,  1,  4,  0],
        [-1, -1, -1,  0],
        [ 1,  0, 11,  2]]])},
                'spts': {'quad': array([[[0.30641017, 0.41891218],
        [0.49592129, 0.49379152],
        [0.21694446, 0.59326755],
        [0.38534186, 0.6857371 ]],

       [[0.17602583, 0.76842093],
        [0.21694446, 0.59326755],
        [0.32888457, 0.85398126],
        [0.38534186, 0.6857371 ]],

       [[0.5       , 0.        ],
        [0.36671894, 0.22386365],
        [0.25      , 0.        ],
        [0.16878791, 0.18519744]],

       [[0.15453763, 0.36210185],
        [0.16878791, 0.18519744],
        [0.30641017, 0.41891218],
        [0.36671894, 0.22386365]],

       [[0.21694446, 0.59326755],
        [0.        , 0.5       ],
        [0.30641017, 0.41891218],
        [0.15453763, 0.36210185]],

       [[0.        , 0.5       ],
        [0.        , 0.25      ],
        [0.15453763, 0.36210185],
        [0.16878791, 0.18519744]],

       [[0.        , 0.5       ],
        [0.21694446, 0.59326755],
        [0.        , 0.75      ],
        [0.17602583, 0.76842093]],

       [[0.        , 1.        ],
        [0.        , 0.75      ],
        [0.25      , 1.        ],
        [0.17602583, 0.76842093]]]),
                         'tri': array([[[0.32888457, 0.85398126],
        [0.25      , 1.        ],
        [0.17602583, 0.76842093]],

       [[0.        , 0.        ],
        [0.16878791, 0.18519744],
        [0.        , 0.25      ]],

       [[0.16878791, 0.18519744],
        [0.        , 0.        ],
        [0.25      , 0.        ]]])},
                'spts_curved': {'quad': array([False, False, False, False, False, False, False, False]),
                                'tri': array([False, False, False])},
                'spts_nodes': {'quad': array([[22, 31, 34, 24],
       [33, 34, 25, 24],
       [ 6, 21,  5, 17],
       [20, 17, 22, 21],
       [34,  2, 22, 20],
       [ 2,  3, 20, 17],
       [ 2, 34,  1, 33],
       [ 0,  1, 15, 33]]),
                               'tri': array([[25, 15, 33],
       [ 4, 17,  3],
       [17,  4,  5]])}})
[Rank 1] SubMesh(etypes=['quad', 'tri'],
        eidxs={'quad': array([ 5, 20,  2,  6,  7, 17,  8,  9, 11, 13]),
               'tri': array([0, 4, 6])},
        arrays={'con': {'quad': array([[[ 1,  0,  9,  0],
        [ 1,  0,  8,  3],
        [ 1,  0, 20,  3],
        [ 1,  0,  6,  3]],

       [[ 1,  0,  8,  2],
        [ 1,  0, 11,  1],
        [ 1,  0,  2,  0],
        [ 1,  0,  5,  2]],

       [[ 1,  0, 20,  2],
        [ 1,  0, 17,  2],
        [ 2,  0,  1,  2],
        [ 1,  0,  6,  0]],

       [[ 1,  0,  2,  3],
        [ 0,  0, 14,  0],
        [ 1,  0,  7,  1],
        [ 1,  0,  5,  3]],

       [[ 1,  0,  9,  1],
        [ 1,  0,  6,  2],
        [ 0,  0, 18,  3],
        [ 1,  1,  0,  2]],

       [[ 2,  0, 16,  0],
        [ 2,  0,  1,  3],
        [ 1,  0,  2,  1],
        [ 1,  0, 11,  0]],

       [[-1, -1, -1,  1],
        [ 1,  1,  4,  1],
        [ 1,  0, 20,  0],
        [ 1,  0,  5,  1]],

       [[ 1,  0,  5,  0],
        [ 1,  0,  7,  0],
        [ 1,  0, 13,  1],
        [-1, -1, -1,  1]],

       [[ 1,  0, 17,  3],
        [ 1,  0, 20,  1],
        [ 1,  1,  6,  2],
        [-1, -1, -1,  0]],

       [[-1, -1, -1,  1],
        [ 1,  0,  9,  2],
        [ 1,  1,  0,  1],
        [-1, -1, -1,  3]]]),
                        'tri': array([[[ 0,  1,  3,  1],
        [ 1,  0, 13,  2],
        [ 1,  0,  7,  3]],

       [[ 1,  1,  6,  0],
        [ 1,  0,  8,  1],
        [-1, -1, -1,  1]],

       [[ 1,  1,  4,  0],
        [-1, -1, -1,  0],
        [ 1,  0, 11,  2]]])},
                'spts': {'quad': array([[[0.21694446, 0.59326755],
        [0.        , 0.5       ],
        [0.30641017, 0.41891218],
        [0.15453763, 0.36210185]],

       [[0.15453763, 0.36210185],
        [0.16878791, 0.18519744],
        [0.30641017, 0.41891218],
        [0.36671894, 0.22386365]],

       [[0.30641017, 0.41891218],
        [0.36671894, 0.22386365],
        [0.49592129, 0.49379152],
        [0.49541325, 0.31519935]],

       [[0.30641017, 0.41891218],
        [0.49592129, 0.49379152],
        [0.21694446, 0.59326755],
        [0.38534186, 0.6857371 ]],

       [[0.17602583, 0.76842093],
        [0.21694446, 0.59326755],
        [0.32888457, 0.85398126],
        [0.38534186, 0.6857371 ]],

       [[0.5       , 0.        ],
        [0.62359953, 0.22794287],
        [0.36671894, 0.22386365],
        [0.49541325, 0.31519935]],

       [[0.        , 0.5       ],
        [0.        , 0.25      ],
        [0.15453763, 0.36210185],
        [0.16878791, 0.18519744]],

       [[0.        , 0.5       ],
        [0.21694446, 0.59326755],
        [0.        , 0.75      ],
        [0.17602583, 0.76842093]],

       [[0.5       , 0.        ],
        [0.36671894, 0.22386365],
        [0.25      , 0.        ],
        [0.16878791, 0.18519744]],

       [[0.        , 1.        ],
        [0.        , 0.75      ],
        [0.25      , 1.        ],
        [0.17602583, 0.76842093]]]),
                         'tri': array([[[0.32888457, 0.85398126],
        [0.25      , 1.        ],
        [0.17602583, 0.76842093]],

       [[0.        , 0.        ],
        [0.16878791, 0.18519744],
        [0.        , 0.25      ]],

       [[0.16878791, 0.18519744],
        [0.        , 0.        ],
        [0.25      , 0.        ]]])},
                'spts_curved': {'quad': array([False, False, False, False, False, False, False, False, False,
       False]),
                                'tri': array([False, False, False])},
                'spts_nodes': {'quad': array([[34,  2, 22, 20],
       [20, 17, 22, 21],
       [22, 21, 31, 27],
       [22, 31, 34, 24],
       [33, 34, 25, 24],
       [ 6, 26, 21, 27],
       [ 2,  3, 20, 17],
       [ 2, 34,  1, 33],
       [ 6, 21,  5, 17],
       [ 0,  1, 15, 33]]),
                               'tri': array([[25, 15, 33],
       [ 4, 17,  3],
       [17,  4,  5]])}})
[Rank 1] SubMesh(etypes=['quad', 'tri'],
        eidxs={'quad': array([ 6,  7, 11, 20,  5,  8,  9, 13]),
               'tri': array([0, 4, 6])},
        arrays={'con': {'quad': array([[[ 2,  0,  2,  3],
        [ 0,  0, 14,  0],
        [ 1,  0,  7,  1],
        [ 1,  0,  5,  3]],

       [[ 1,  0,  9,  1],
        [ 1,  0,  6,  2],
        [ 0,  0, 18,  3],
        [ 1,  1,  0,  2]],

       [[ 2,  0, 17,  3],
        [ 1,  0, 20,  1],
        [ 1,  1,  6,  2],
        [-1, -1, -1,  0]],

       [[ 1,  0,  8,  2],
        [ 1,  0, 11,  1],
        [ 2,  0,  2,  0],
        [ 1,  0,  5,  2]],

       [[ 1,  0,  9,  0],
        [ 1,  0,  8,  3],
        [ 1,  0, 20,  3],
        [ 1,  0,  6,  3]],

       [[-1, -1, -1,  1],
        [ 1,  1,  4,  1],
        [ 1,  0, 20,  0],
        [ 1,  0,  5,  1]],

       [[ 1,  0,  5,  0],
        [ 1,  0,  7,  0],
        [ 1,  0, 13,  1],
        [-1, -1, -1,  1]],

       [[-1, -1, -1,  1],
        [ 1,  0,  9,  2],
        [ 1,  1,  0,  1],
        [-1, -1, -1,  3]]]),
                        'tri': array([[[ 0,  1,  3,  1],
        [ 1,  0, 13,  2],
        [ 1,  0,  7,  3]],

       [[ 1,  1,  6,  0],
        [ 1,  0,  8,  1],
        [-1, -1, -1,  1]],

       [[ 1,  1,  4,  0],
        [-1, -1, -1,  0],
        [ 1,  0, 11,  2]]])},
                'spts': {'quad': array([[[0.30641017, 0.41891218],
        [0.49592129, 0.49379152],
        [0.21694446, 0.59326755],
        [0.38534186, 0.6857371 ]],

       [[0.17602583, 0.76842093],
        [0.21694446, 0.59326755],
        [0.32888457, 0.85398126],
        [0.38534186, 0.6857371 ]],

       [[0.5       , 0.        ],
        [0.36671894, 0.22386365],
        [0.25      , 0.        ],
        [0.16878791, 0.18519744]],

       [[0.15453763, 0.36210185],
        [0.16878791, 0.18519744],
        [0.30641017, 0.41891218],
        [0.36671894, 0.22386365]],

       [[0.21694446, 0.59326755],
        [0.        , 0.5       ],
        [0.30641017, 0.41891218],
        [0.15453763, 0.36210185]],

       [[0.        , 0.5       ],
        [0.        , 0.25      ],
        [0.15453763, 0.36210185],
        [0.16878791, 0.18519744]],

       [[0.        , 0.5       ],
        [0.21694446, 0.59326755],
        [0.        , 0.75      ],
        [0.17602583, 0.76842093]],

       [[0.        , 1.        ],
        [0.        , 0.75      ],
        [0.25      , 1.        ],
        [0.17602583, 0.76842093]]]),
                         'tri': array([[[0.32888457, 0.85398126],
        [0.25      , 1.        ],
        [0.17602583, 0.76842093]],

       [[0.        , 0.        ],
        [0.16878791, 0.18519744],
        [0.        , 0.25      ]],

       [[0.16878791, 0.18519744],
        [0.        , 0.        ],
        [0.25      , 0.        ]]])},
                'spts_curved': {'quad': array([False, False, False, False, False, False, False, False]),
                                'tri': array([False, False, False])},
                'spts_nodes': {'quad': array([[22, 31, 34, 24],
       [33, 34, 25, 24],
       [ 6, 21,  5, 17],
       [20, 17, 22, 21],
       [34,  2, 22, 20],
       [ 2,  3, 20, 17],
       [ 2, 34,  1, 33],
       [ 0,  1, 15, 33]]),
                               'tri': array([[25, 15, 33],
       [ 4, 17,  3],
       [17,  4,  5]])}})
[Rank 1] SubMesh(etypes=['quad', 'tri'],
        eidxs={'quad': array([11, 20,  5,  8,  9, 13,  6,  7,  2, 17]),
               'tri': array([4, 6, 0])},
        arrays={'con': {'quad': array([[[ 1,  0, 17,  3],
        [ 1,  0, 20,  1],
        [ 1,  1,  6,  2],
        [-1, -1, -1,  0]],

       [[ 1,  0,  8,  2],
        [ 1,  0, 11,  1],
        [ 1,  0,  2,  0],
        [ 1,  0,  5,  2]],

       [[ 1,  0,  9,  0],
        [ 1,  0,  8,  3],
        [ 1,  0, 20,  3],
        [ 1,  0,  6,  3]],

       [[-1, -1, -1,  1],
        [ 1,  1,  4,  1],
        [ 1,  0, 20,  0],
        [ 1,  0,  5,  1]],

       [[ 1,  0,  5,  0],
        [ 1,  0,  7,  0],
        [ 1,  0, 13,  1],
        [-1, -1, -1,  1]],

       [[-1, -1, -1,  1],
        [ 1,  0,  9,  2],
        [ 1,  1,  0,  1],
        [-1, -1, -1,  3]],

       [[ 1,  0,  2,  3],
        [ 0,  0, 14,  0],
        [ 1,  0,  7,  1],
        [ 1,  0,  5,  3]],

       [[ 1,  0,  9,  1],
        [ 1,  0,  6,  2],
        [ 0,  0, 18,  3],
        [ 1,  1,  0,  2]],

       [[ 1,  0, 20,  2],
        [ 1,  0, 17,  2],
        [ 2,  0,  1,  2],
        [ 1,  0,  6,  0]],

       [[ 2,  0, 16,  0],
        [ 2,  0,  1,  3],
        [ 1,  0,  2,  1],
        [ 1,  0, 11,  0]]]),
                        'tri': array([[[ 1,  1,  6,  0],
        [ 1,  0,  8,  1],
        [-1, -1, -1,  1]],

       [[ 1,  1,  4,  0],
        [-1, -1, -1,  0],
        [ 1,  0, 11,  2]],

       [[ 0,  1,  3,  1],
        [ 1,  0, 13,  2],
        [ 1,  0,  7,  3]]])},
                'spts': {'quad': array([[[0.5       , 0.        ],
        [0.36671894, 0.22386365],
        [0.25      , 0.        ],
        [0.16878791, 0.18519744]],

       [[0.15453763, 0.36210185],
        [0.16878791, 0.18519744],
        [0.30641017, 0.41891218],
        [0.36671894, 0.22386365]],

       [[0.21694446, 0.59326755],
        [0.        , 0.5       ],
        [0.30641017, 0.41891218],
        [0.15453763, 0.36210185]],

       [[0.        , 0.5       ],
        [0.        , 0.25      ],
        [0.15453763, 0.36210185],
        [0.16878791, 0.18519744]],

       [[0.        , 0.5       ],
        [0.21694446, 0.59326755],
        [0.        , 0.75      ],
        [0.17602583, 0.76842093]],

       [[0.        , 1.        ],
        [0.        , 0.75      ],
        [0.25      , 1.        ],
        [0.17602583, 0.76842093]],

       [[0.30641017, 0.41891218],
        [0.49592129, 0.49379152],
        [0.21694446, 0.59326755],
        [0.38534186, 0.6857371 ]],

       [[0.17602583, 0.76842093],
        [0.21694446, 0.59326755],
        [0.32888457, 0.85398126],
        [0.38534186, 0.6857371 ]],

       [[0.30641017, 0.41891218],
        [0.36671894, 0.22386365],
        [0.49592129, 0.49379152],
        [0.49541325, 0.31519935]],

       [[0.5       , 0.        ],
        [0.62359953, 0.22794287],
        [0.36671894, 0.22386365],
        [0.49541325, 0.31519935]]]),
                         'tri': array([[[0.        , 0.        ],
        [0.16878791, 0.18519744],
        [0.        , 0.25      ]],

       [[0.16878791, 0.18519744],
        [0.        , 0.        ],
        [0.25      , 0.        ]],

       [[0.32888457, 0.85398126],
        [0.25      , 1.        ],
        [0.17602583, 0.76842093]]])},
                'spts_curved': {'quad': array([False, False, False, False, False, False, False, False, False,
       False]),
                                'tri': array([False, False, False])},
                'spts_nodes': {'quad': array([[ 6, 21,  5, 17],
       [20, 17, 22, 21],
       [34,  2, 22, 20],
       [ 2,  3, 20, 17],
       [ 2, 34,  1, 33],
       [ 0,  1, 15, 33],
       [22, 31, 34, 24],
       [33, 34, 25, 24],
       [22, 21, 31, 27],
       [ 6, 26, 21, 27]]),
                               'tri': array([[ 4, 17,  3],
       [17,  4,  5],
       [25, 15, 33]])}})
[Rank 1] SubMesh(etypes=['quad', 'tri'],
        eidxs={'quad': array([ 6,  7, 11, 20,  5,  8,  9, 13]),
               'tri': array([0, 4, 6])},
        arrays={'con': {'quad': array([[[ 2,  0,  2,  3],
        [ 0,  0, 14,  0],
        [ 1,  0,  7,  1],
        [ 1,  0,  5,  3]],

       [[ 1,  0,  9,  1],
        [ 1,  0,  6,  2],
        [ 0,  0, 18,  3],
        [ 1,  1,  0,  2]],

       [[ 2,  0, 17,  3],
        [ 1,  0, 20,  1],
        [ 1,  1,  6,  2],
        [-1, -1, -1,  0]],

       [[ 1,  0,  8,  2],
        [ 1,  0, 11,  1],
        [ 2,  0,  2,  0],
        [ 1,  0,  5,  2]],

       [[ 1,  0,  9,  0],
        [ 1,  0,  8,  3],
        [ 1,  0, 20,  3],
        [ 1,  0,  6,  3]],

       [[-1, -1, -1,  1],
        [ 1,  1,  4,  1],
        [ 1,  0, 20,  0],
        [ 1,  0,  5,  1]],

       [[ 1,  0,  5,  0],
        [ 1,  0,  7,  0],
        [ 1,  0, 13,  1],
        [-1, -1, -1,  1]],

       [[-1, -1, -1,  1],
        [ 1,  0,  9,  2],
        [ 1,  1,  0,  1],
        [-1, -1, -1,  3]]]),
                        'tri': array([[[ 0,  1,  3,  1],
        [ 1,  0, 13,  2],
        [ 1,  0,  7,  3]],

       [[ 1,  1,  6,  0],
        [ 1,  0,  8,  1],
        [-1, -1, -1,  1]],

       [[ 1,  1,  4,  0],
        [-1, -1, -1,  0],
        [ 1,  0, 11,  2]]])},
                'spts': {'quad': array([[[0.30641017, 0.41891218],
        [0.49592129, 0.49379152],
        [0.21694446, 0.59326755],
        [0.38534186, 0.6857371 ]],

       [[0.17602583, 0.76842093],
        [0.21694446, 0.59326755],
        [0.32888457, 0.85398126],
        [0.38534186, 0.6857371 ]],

       [[0.5       , 0.        ],
        [0.36671894, 0.22386365],
        [0.25      , 0.        ],
        [0.16878791, 0.18519744]],

       [[0.15453763, 0.36210185],
        [0.16878791, 0.18519744],
        [0.30641017, 0.41891218],
        [0.36671894, 0.22386365]],

       [[0.21694446, 0.59326755],
        [0.        , 0.5       ],
        [0.30641017, 0.41891218],
        [0.15453763, 0.36210185]],

       [[0.        , 0.5       ],
        [0.        , 0.25      ],
        [0.15453763, 0.36210185],
        [0.16878791, 0.18519744]],

       [[0.        , 0.5       ],
        [0.21694446, 0.59326755],
        [0.        , 0.75      ],
        [0.17602583, 0.76842093]],

       [[0.        , 1.        ],
        [0.        , 0.75      ],
        [0.25      , 1.        ],
        [0.17602583, 0.76842093]]]),
                         'tri': array([[[0.32888457, 0.85398126],
        [0.25      , 1.        ],
        [0.17602583, 0.76842093]],

       [[0.        , 0.        ],
        [0.16878791, 0.18519744],
        [0.        , 0.25      ]],

       [[0.16878791, 0.18519744],
        [0.        , 0.        ],
        [0.25      , 0.        ]]])},
                'spts_curved': {'quad': array([False, False, False, False, False, False, False, False]),
                                'tri': array([False, False, False])},
                'spts_nodes': {'quad': array([[22, 31, 34, 24],
       [33, 34, 25, 24],
       [ 6, 21,  5, 17],
       [20, 17, 22, 21],
       [34,  2, 22, 20],
       [ 2,  3, 20, 17],
       [ 2, 34,  1, 33],
       [ 0,  1, 15, 33]]),
                               'tri': array([[25, 15, 33],
       [ 4, 17,  3],
       [17,  4,  5]])}})
[Rank 1] {'quad': array([ True,  True, False, False, False, False, False, False,  True,
        True]),
 'tri': array([ True, False, False])}
[Rank 1] SubMesh(etypes=['quad', 'tri'],
        eidxs={'quad': array([11, 20,  5,  8,  9, 13,  6,  7,  2, 17]),
               'tri': array([4, 6, 0])},
        arrays={'con': {'quad': array([[[ 1,  0, 17,  3],
        [ 1,  0, 20,  1],
        [ 1,  1,  6,  2],
        [-1, -1, -1,  0]],

       [[ 1,  0,  8,  2],
        [ 1,  0, 11,  1],
        [ 1,  0,  2,  0],
        [ 1,  0,  5,  2]],

       [[ 1,  0,  9,  0],
        [ 1,  0,  8,  3],
        [ 1,  0, 20,  3],
        [ 1,  0,  6,  3]],

       [[-1, -1, -1,  1],
        [ 1,  1,  4,  1],
        [ 1,  0, 20,  0],
        [ 1,  0,  5,  1]],

       [[ 1,  0,  5,  0],
        [ 1,  0,  7,  0],
        [ 1,  0, 13,  1],
        [-1, -1, -1,  1]],

       [[-1, -1, -1,  1],
        [ 1,  0,  9,  2],
        [ 1,  1,  0,  1],
        [-1, -1, -1,  3]],

       [[ 1,  0,  2,  3],
        [ 0,  0, 14,  0],
        [ 1,  0,  7,  1],
        [ 1,  0,  5,  3]],

       [[ 1,  0,  9,  1],
        [ 1,  0,  6,  2],
        [ 0,  0, 18,  3],
        [ 1,  1,  0,  2]],

       [[ 1,  0, 20,  2],
        [ 1,  0, 17,  2],
        [ 2,  0,  1,  2],
        [ 1,  0,  6,  0]],

       [[ 2,  0, 16,  0],
        [ 2,  0,  1,  3],
        [ 1,  0,  2,  1],
        [ 1,  0, 11,  0]]]),
                        'tri': array([[[ 1,  1,  6,  0],
        [ 1,  0,  8,  1],
        [-1, -1, -1,  1]],

       [[ 1,  1,  4,  0],
        [-1, -1, -1,  0],
        [ 1,  0, 11,  2]],

       [[ 0,  1,  3,  1],
        [ 1,  0, 13,  2],
        [ 1,  0,  7,  3]]])},
                'spts': {'quad': array([[[0.5       , 0.        ],
        [0.36671894, 0.22386365],
        [0.25      , 0.        ],
        [0.16878791, 0.18519744]],

       [[0.15453763, 0.36210185],
        [0.16878791, 0.18519744],
        [0.30641017, 0.41891218],
        [0.36671894, 0.22386365]],

       [[0.21694446, 0.59326755],
        [0.        , 0.5       ],
        [0.30641017, 0.41891218],
        [0.15453763, 0.36210185]],

       [[0.        , 0.5       ],
        [0.        , 0.25      ],
        [0.15453763, 0.36210185],
        [0.16878791, 0.18519744]],

       [[0.        , 0.5       ],
        [0.21694446, 0.59326755],
        [0.        , 0.75      ],
        [0.17602583, 0.76842093]],

       [[0.        , 1.        ],
        [0.        , 0.75      ],
        [0.25      , 1.        ],
        [0.17602583, 0.76842093]],

       [[0.30641017, 0.41891218],
        [0.49592129, 0.49379152],
        [0.21694446, 0.59326755],
        [0.38534186, 0.6857371 ]],

       [[0.17602583, 0.76842093],
        [0.21694446, 0.59326755],
        [0.32888457, 0.85398126],
        [0.38534186, 0.6857371 ]],

       [[0.30641017, 0.41891218],
        [0.36671894, 0.22386365],
        [0.49592129, 0.49379152],
        [0.49541325, 0.31519935]],

       [[0.5       , 0.        ],
        [0.62359953, 0.22794287],
        [0.36671894, 0.22386365],
        [0.49541325, 0.31519935]]]),
                         'tri': array([[[0.        , 0.        ],
        [0.16878791, 0.18519744],
        [0.        , 0.25      ]],

       [[0.16878791, 0.18519744],
        [0.        , 0.        ],
        [0.25      , 0.        ]],

       [[0.32888457, 0.85398126],
        [0.25      , 1.        ],
        [0.17602583, 0.76842093]]])},
                'spts_curved': {'quad': array([False, False, False, False, False, False, False, False, False,
       False]),
                                'tri': array([False, False, False])},
                'spts_nodes': {'quad': array([[ 6, 21,  5, 17],
       [20, 17, 22, 21],
       [34,  2, 22, 20],
       [ 2,  3, 20, 17],
       [ 2, 34,  1, 33],
       [ 0,  1, 15, 33],
       [22, 31, 34, 24],
       [33, 34, 25, 24],
       [22, 21, 31, 27],
       [ 6, 26, 21, 27]]),
                               'tri': array([[ 4, 17,  3],
       [17,  4,  5],
       [25, 15, 33]])}})
[Rank 1] {'quad': array([ True,  True, False, False, False, False, False, False,  True,
        True]),
 'tri': array([ True, False, False])}
[Rank 1] {'quad': array([ 6,  7, 11, 20,  5,  8,  9, 13,  2, 17]),
 'tri': array([0, 4, 6])}
[Rank 1] {'quad': array([ True,  True, False, False, False, False, False, False,  True,
        True]),
 'tri': array([ True, False, False])}
[Rank 1] {'quad': array([11, 20,  5,  8,  9, 13,  6,  7,  2, 17]),
 'tri': array([4, 6, 0])}
[Rank 1] {'quad': array([ 6,  7, 11, 20,  5,  8,  9, 13,  2, 17]),
 'tri': array([0, 4, 6])}
[Rank 1] {'quad': array([ True,  True, False, False, False, False, False, False,  True,
        True]),
 'tri': array([ True, False, False])}
[Rank 1] {'quad': array([ 6,  7,  2, 17, 11, 20,  5,  8,  9, 13]),
 'tri': array([0, 4, 6])}
[Rank 1] {'quad': array([ 6, 11, 20,  5,  8]), 'tri': array([4, 6])}
[Rank 1] {'quad': array([ 6, 11, 20,  5,  8]), 'tri': array([4, 6])}
[Rank 1] {'quad': array([ 6,  7, 11, 20,  5,  8,  9, 13]), 'tri': array([0, 4, 6])}
[Rank 1] {'quad': array([ 6, 11, 20,  5,  8]), 'tri': array([4, 6])}
[Rank 1] {'quad': array([ 7,  9, 13]), 'tri': array([0])}
[Rank 1] {'quad': array([[[ 2,  0,  2,  3],
        [ 0,  0, 14,  0],
        [ 1,  0,  7,  1],
        [ 1,  0,  5,  3]],

       [[ 1,  0,  9,  1],
        [ 1,  0,  6,  2],
        [ 0,  0, 18,  3],
        [ 1,  1,  0,  2]],

       [[ 2,  0, 17,  3],
        [ 1,  0, 20,  1],
        [ 1,  1,  6,  2],
        [-1, -1, -1,  0]],

       [[ 1,  0,  8,  2],
        [ 1,  0, 11,  1],
        [ 2,  0,  2,  0],
        [ 1,  0,  5,  2]],

       [[ 1,  0,  9,  0],
        [ 1,  0,  8,  3],
        [ 1,  0, 20,  3],
        [ 1,  0,  6,  3]],

       [[-1, -1, -1,  1],
        [ 1,  1,  4,  1],
        [ 1,  0, 20,  0],
        [ 1,  0,  5,  1]],

       [[ 1,  0,  5,  0],
        [ 1,  0,  7,  0],
        [ 1,  0, 13,  1],
        [-1, -1, -1,  1]],

       [[-1, -1, -1,  1],
        [ 1,  0,  9,  2],
        [ 1,  1,  0,  1],
        [-1, -1, -1,  3]]]),
 'tri': array([[[ 0,  1,  3,  1],
        [ 1,  0, 13,  2],
        [ 1,  0,  7,  3]],

       [[ 1,  1,  6,  0],
        [ 1,  0,  8,  1],
        [-1, -1, -1,  1]],

       [[ 1,  1,  4,  0],
        [-1, -1, -1,  0],
        [ 1,  0, 11,  2]]])}
[Rank 1] {'quad': array([ 6,  7, 11, 20,  5,  8,  9, 13]), 'tri': array([0, 4, 6])}
[Rank 1] {'quad': array([ 6, 11, 20,  5,  8]), 'tri': array([4, 6])}
[Rank 1] {'quad': array([ 7,  9, 13]), 'tri': array([0])}
[Rank 1] {'quad': array([[[ 2,  0,  2,  3],
        [ 0,  0, 14,  0],
        [ 1,  0,  7,  1],
        [ 1,  0,  5,  3]],

       [[ 1,  0,  9,  1],
        [ 1,  0,  6,  2],
        [ 0,  0, 18,  3],
        [ 1,  1,  0,  2]],

       [[ 2,  0, 17,  3],
        [ 1,  0, 20,  1],
        [ 1,  1,  6,  2],
        [-1, -1, -1,  0]],

       [[ 1,  0,  8,  2],
        [ 1,  0, 11,  1],
        [ 2,  0,  2,  0],
        [ 1,  0,  5,  2]],

       [[ 1,  0,  9,  0],
        [ 1,  0,  8,  3],
        [ 1,  0, 20,  3],
        [ 1,  0,  6,  3]],

       [[-1, -1, -1,  1],
        [ 1,  1,  4,  1],
        [ 1,  0, 20,  0],
        [ 1,  0,  5,  1]],

       [[ 1,  0,  5,  0],
        [ 1,  0,  7,  0],
        [ 1,  0, 13,  1],
        [-1, -1, -1,  1]],

       [[-1, -1, -1,  1],
        [ 1,  0,  9,  2],
        [ 1,  1,  0,  1],
        [-1, -1, -1,  3]]]),
 'tri': array([[[ 0,  1,  3,  1],
        [ 1,  0, 13,  2],
        [ 1,  0,  7,  3]],

       [[ 1,  1,  6,  0],
        [ 1,  0,  8,  1],
        [-1, -1, -1,  1]],

       [[ 1,  1,  4,  0],
        [-1, -1, -1,  0],
        [ 1,  0, 11,  2]]])}
[Rank 1] {'quad': array([ 6,  7, 11, 20,  5,  8,  9, 13]), 'tri': array([0, 4, 6])}
[Rank 1] {'quad': array([ 6, 11, 20,  5,  8]), 'tri': array([4, 6])}
[Rank 1] {'quad': array([ 7,  9, 13]), 'tri': array([0])}
[Rank 1] {'quad': array([ 6,  7, 11, 20,  5,  8,  9, 13]), 'tri': array([0, 4, 6])}
[Rank 1] {'quad': array([ 7,  9, 13]), 'tri': array([0])}
[Rank 1] {'quad': array([ 6,  7, 11, 20,  5,  8,  9, 13]), 'tri': array([0, 4, 6])}
[Rank 1] {'quad': array([ 7,  9, 13]), 'tri': array([0])}
[Rank 1] {'quad': array([ 6,  7, 11, 20,  5,  8,  9, 13]), 'tri': array([0, 4, 6])}
[Rank 1] {'quad': array([ 6,  7, 11, 20,  5,  8,  9, 13]), 'tri': array([0, 4, 6])}
[Rank 1] {'quad': array([ 7,  9, 13]), 'tri': array([0])}
