[Rank 0] Base totals  →  elems=30 conn-rows=112
[Rank 0] SubPartitionedMesh(etypes=['quad', 'tri'],
                   eidxs_base={'quad': array([ 0, 12, 14, 18,  4, 19, 21]),
                               'tri': array([3, 1, 5])},
                   eidxs={'quad': array([ 0,  4, 12, 14, 18, 19, 21]),
                          'tri': array([1, 3, 5])},
                   conn=array([[ 0,  1,  0,  0,  1, 19,  3],
       [ 0,  1,  1,  0,  1, 14,  2],
       [ 0,  1,  2,  0,  1,  4,  1],
       [ 0,  3,  0, -1, -1, -1,  3],
       [ 0,  3,  1,  1,  0,  0,  0],
       [ 0,  3,  2,  0,  1, 18,  2],
       [ 0,  5,  0,  0,  1, 21,  0],
       [ 0,  5,  1,  0,  1,  0,  3],
       [ 0,  5,  2, -1, -1, -1,  2],
       [ 1,  0,  0,  0,  1,  4,  3],
       [ 1,  0,  1,  2,  1, 15,  0],
       [ 1,  0,  2, -1, -1, -1,  2],
       [ 1,  0,  3,  0,  0,  5,  1],
       [ 1,  4,  0,  0,  1, 21,  3],
       [ 1,  4,  1,  0,  0,  1,  2],
       [ 1,  4,  2,  0,  1, 12,  3],
       [ 1,  4,  3,  0,  1,  0,  0],
       [ 1, 12,  0,  0,  1, 14,  1],
       [ 1, 12,  1,  2,  1,  1,  1],
       [ 1, 12,  2,  2,  1, 15,  1],
       [ 1, 12,  3,  0,  1,  4,  2],
       [ 1, 14,  0,  1,  1,  6,  1],
       [ 1, 14,  1,  0,  1, 12,  0],
       [ 1, 14,  2,  0,  0,  1,  1],
       [ 1, 14,  3,  0,  1, 18,  0],
       [ 1, 18,  0,  0,  1, 14,  3],
       [ 1, 18,  1,  0,  1, 19,  2],
       [ 1, 18,  2,  0,  0,  3,  2],
       [ 1, 18,  3,  1,  1,  7,  2],
       [ 1, 19,  0,  0,  1, 21,  2],
       [ 1, 19,  1, -1, -1, -1,  3],
       [ 1, 19,  2,  0,  1, 18,  1],
       [ 1, 19,  3,  0,  0,  1,  0],
       [ 1, 21,  0,  0,  0,  5,  0],
       [ 1, 21,  1, -1, -1, -1,  3],
       [ 1, 21,  2,  0,  1, 19,  0],
       [ 1, 21,  3,  0,  1,  4,  0]]),
                   spts={'quad': array([[[0.83782797, 0.76479963],
        [0.7818017 , 0.58014363],
        [1.        , 0.75      ],
        [1.        , 0.5       ]],

       [[0.63002644, 0.6375102 ],
        [0.49592129, 0.49379152],
        [0.7818017 , 0.58014363],
        [0.68074413, 0.41970635]],

       [[0.38534186, 0.6857371 ],
        [0.49592129, 0.49379152],
        [0.52285327, 0.80110305],
        [0.63002644, 0.6375102 ]],

       [[0.38534186, 0.6857371 ],
        [0.52285327, 0.80110305],
        [0.32888457, 0.85398126],
        [0.5       , 1.        ]],

       [[0.83782797, 0.76479963],
        [0.71431293, 0.82270356],
        [0.7818017 , 0.58014363],
        [0.63002644, 0.6375102 ]],

       [[0.71431293, 0.82270356],
        [0.75      , 1.        ],
        [0.52285327, 0.80110305],
        [0.5       , 1.        ]],

       [[0.83782797, 0.76479963],
        [1.        , 1.        ],
        [0.71431293, 0.82270356],
        [0.75      , 1.        ]]]),
                         'tri': array([[[0.5       , 1.        ],
        [0.25      , 1.        ],
        [0.32888457, 0.85398126]],

       [[0.71431293, 0.82270356],
        [0.52285327, 0.80110305],
        [0.63002644, 0.6375102 ]],

       [[1.        , 1.        ],
        [0.83782797, 0.76479963],
        [1.        , 0.75      ]]])},
                   spts_nodes={'quad': array([[18, 28, 11, 10],
       [32, 31, 28, 29],
       [24, 31, 23, 32],
       [24, 23, 25, 14],
       [18, 19, 28, 32],
       [19, 13, 23, 14],
       [18, 12, 19, 13]]),
                               'tri': array([[14, 15, 25],
       [19, 23, 32],
       [12, 18, 11]])},
                   spts_curved={'quad': array([False, False, False, False, False, False, False]),
                                'tri': array([False, False, False])},
                   strict_geometry=True)
[Rank 0] Base totals  →  elems=30 conn-rows=112
[Rank 0] SubPartitionedMesh(etypes=['quad', 'tri'],
                   eidxs_base={'quad': array([ 0, 12, 14, 18,  4, 19, 21]),
                               'tri': array([3, 1, 5])},
                   eidxs={'quad': array([ 0,  4, 12, 14, 18, 19, 21]),
                          'tri': array([1, 3, 5])},
                   conn=array([[ 0,  1,  0,  0,  1, 19,  3],
       [ 0,  1,  1,  0,  1, 14,  2],
       [ 0,  1,  2,  0,  1,  4,  1],
       [ 0,  3,  0, -1, -1, -1,  3],
       [ 0,  3,  1,  1,  0,  0,  0],
       [ 0,  3,  2,  0,  1, 18,  2],
       [ 0,  5,  0,  0,  1, 21,  0],
       [ 0,  5,  1,  0,  1,  0,  3],
       [ 0,  5,  2, -1, -1, -1,  2],
       [ 1,  0,  0,  0,  1,  4,  3],
       [ 1,  0,  1,  2,  1, 15,  0],
       [ 1,  0,  2, -1, -1, -1,  2],
       [ 1,  0,  3,  0,  0,  5,  1],
       [ 1,  4,  0,  0,  1, 21,  3],
       [ 1,  4,  1,  0,  0,  1,  2],
       [ 1,  4,  2,  0,  1, 12,  3],
       [ 1,  4,  3,  0,  1,  0,  0],
       [ 1, 12,  0,  0,  1, 14,  1],
       [ 1, 12,  1,  2,  1,  1,  1],
       [ 1, 12,  2,  2,  1, 15,  1],
       [ 1, 12,  3,  0,  1,  4,  2],
       [ 1, 14,  0,  1,  1,  6,  1],
       [ 1, 14,  1,  0,  1, 12,  0],
       [ 1, 14,  2,  0,  0,  1,  1],
       [ 1, 14,  3,  0,  1, 18,  0],
       [ 1, 18,  0,  0,  1, 14,  3],
       [ 1, 18,  1,  0,  1, 19,  2],
       [ 1, 18,  2,  0,  0,  3,  2],
       [ 1, 18,  3,  1,  1,  7,  2],
       [ 1, 19,  0,  0,  1, 21,  2],
       [ 1, 19,  1, -1, -1, -1,  3],
       [ 1, 19,  2,  0,  1, 18,  1],
       [ 1, 19,  3,  0,  0,  1,  0],
       [ 1, 21,  0,  0,  0,  5,  0],
       [ 1, 21,  1, -1, -1, -1,  3],
       [ 1, 21,  2,  0,  1, 19,  0],
       [ 1, 21,  3,  0,  1,  4,  0]]),
                   spts={'quad': array([[[0.83782797, 0.76479963],
        [0.7818017 , 0.58014363],
        [1.        , 0.75      ],
        [1.        , 0.5       ]],

       [[0.63002644, 0.6375102 ],
        [0.49592129, 0.49379152],
        [0.7818017 , 0.58014363],
        [0.68074413, 0.41970635]],

       [[0.38534186, 0.6857371 ],
        [0.49592129, 0.49379152],
        [0.52285327, 0.80110305],
        [0.63002644, 0.6375102 ]],

       [[0.38534186, 0.6857371 ],
        [0.52285327, 0.80110305],
        [0.32888457, 0.85398126],
        [0.5       , 1.        ]],

       [[0.83782797, 0.76479963],
        [0.71431293, 0.82270356],
        [0.7818017 , 0.58014363],
        [0.63002644, 0.6375102 ]],

       [[0.71431293, 0.82270356],
        [0.75      , 1.        ],
        [0.52285327, 0.80110305],
        [0.5       , 1.        ]],

       [[0.83782797, 0.76479963],
        [1.        , 1.        ],
        [0.71431293, 0.82270356],
        [0.75      , 1.        ]]]),
                         'tri': array([[[0.5       , 1.        ],
        [0.25      , 1.        ],
        [0.32888457, 0.85398126]],

       [[0.71431293, 0.82270356],
        [0.52285327, 0.80110305],
        [0.63002644, 0.6375102 ]],

       [[1.        , 1.        ],
        [0.83782797, 0.76479963],
        [1.        , 0.75      ]]])},
                   spts_nodes={'quad': array([[18, 28, 11, 10],
       [32, 31, 28, 29],
       [24, 31, 23, 32],
       [24, 23, 25, 14],
       [18, 19, 28, 32],
       [19, 13, 23, 14],
       [18, 12, 19, 13]]),
                               'tri': array([[14, 15, 25],
       [19, 23, 32],
       [12, 18, 11]])},
                   spts_curved={'quad': array([False, False, False, False, False, False, False]),
                                'tri': array([False, False, False])},
                   strict_geometry=True)
[Rank 0] Base totals  →  elems=30 conn-rows=112
[Rank 0] SubPartitionedMesh(etypes=['quad', 'tri'],
                   eidxs_base={'quad': array([ 0, 12, 14, 18,  4, 19, 21]),
                               'tri': array([3, 1, 5])},
                   eidxs={'quad': array([ 0,  4, 12, 14, 18, 19, 21]),
                          'tri': array([1, 3, 5])},
                   conn=array([[ 0,  1,  0,  0,  1, 19,  3],
       [ 0,  1,  1,  0,  1, 14,  2],
       [ 0,  1,  2,  0,  1,  4,  1],
       [ 0,  3,  0, -1, -1, -1,  3],
       [ 0,  3,  1,  1,  0,  0,  0],
       [ 0,  3,  2,  0,  1, 18,  2],
       [ 0,  5,  0,  0,  1, 21,  0],
       [ 0,  5,  1,  0,  1,  0,  3],
       [ 0,  5,  2, -1, -1, -1,  2],
       [ 1,  0,  0,  0,  1,  4,  3],
       [ 1,  0,  1,  2,  1, 15,  0],
       [ 1,  0,  2, -1, -1, -1,  2],
       [ 1,  0,  3,  0,  0,  5,  1],
       [ 1,  4,  0,  0,  1, 21,  3],
       [ 1,  4,  1,  0,  0,  1,  2],
       [ 1,  4,  2,  0,  1, 12,  3],
       [ 1,  4,  3,  0,  1,  0,  0],
       [ 1, 12,  0,  0,  1, 14,  1],
       [ 1, 12,  1,  2,  1,  1,  1],
       [ 1, 12,  2,  2,  1, 15,  1],
       [ 1, 12,  3,  0,  1,  4,  2],
       [ 1, 14,  0,  1,  1,  6,  1],
       [ 1, 14,  1,  0,  1, 12,  0],
       [ 1, 14,  2,  0,  0,  1,  1],
       [ 1, 14,  3,  0,  1, 18,  0],
       [ 1, 18,  0,  0,  1, 14,  3],
       [ 1, 18,  1,  0,  1, 19,  2],
       [ 1, 18,  2,  0,  0,  3,  2],
       [ 1, 18,  3,  1,  1,  7,  2],
       [ 1, 19,  0,  0,  1, 21,  2],
       [ 1, 19,  1, -1, -1, -1,  3],
       [ 1, 19,  2,  0,  1, 18,  1],
       [ 1, 19,  3,  0,  0,  1,  0],
       [ 1, 21,  0,  0,  0,  5,  0],
       [ 1, 21,  1, -1, -1, -1,  3],
       [ 1, 21,  2,  0,  1, 19,  0],
       [ 1, 21,  3,  0,  1,  4,  0]]),
                   spts={'quad': array([[[0.83782797, 0.76479963],
        [0.7818017 , 0.58014363],
        [1.        , 0.75      ],
        [1.        , 0.5       ]],

       [[0.63002644, 0.6375102 ],
        [0.49592129, 0.49379152],
        [0.7818017 , 0.58014363],
        [0.68074413, 0.41970635]],

       [[0.38534186, 0.6857371 ],
        [0.49592129, 0.49379152],
        [0.52285327, 0.80110305],
        [0.63002644, 0.6375102 ]],

       [[0.38534186, 0.6857371 ],
        [0.52285327, 0.80110305],
        [0.32888457, 0.85398126],
        [0.5       , 1.        ]],

       [[0.83782797, 0.76479963],
        [0.71431293, 0.82270356],
        [0.7818017 , 0.58014363],
        [0.63002644, 0.6375102 ]],

       [[0.71431293, 0.82270356],
        [0.75      , 1.        ],
        [0.52285327, 0.80110305],
        [0.5       , 1.        ]],

       [[0.83782797, 0.76479963],
        [1.        , 1.        ],
        [0.71431293, 0.82270356],
        [0.75      , 1.        ]]]),
                         'tri': array([[[0.5       , 1.        ],
        [0.25      , 1.        ],
        [0.32888457, 0.85398126]],

       [[0.71431293, 0.82270356],
        [0.52285327, 0.80110305],
        [0.63002644, 0.6375102 ]],

       [[1.        , 1.        ],
        [0.83782797, 0.76479963],
        [1.        , 0.75      ]]])},
                   spts_nodes={'quad': array([[18, 28, 11, 10],
       [32, 31, 28, 29],
       [24, 31, 23, 32],
       [24, 23, 25, 14],
       [18, 19, 28, 32],
       [19, 13, 23, 14],
       [18, 12, 19, 13]]),
                               'tri': array([[14, 15, 25],
       [19, 23, 32],
       [12, 18, 11]])},
                   spts_curved={'quad': array([False, False, False, False, False, False, False]),
                                'tri': array([False, False, False])},
                   strict_geometry=True)
[Rank 0] Base totals  →  elems=30 conn-rows=112
[Rank 0] Base totals  →  elems=30 conn-rows=112
[Rank 0] Base totals  →  elems=30 conn-rows=112
[Rank 0] Base totals  →  elems=30 conn-rows=112
[Rank 0] Base totals  →  elems=30 conn-rows=112
[Rank 0] Base totals  →  elems=30 conn-rows=112
[Rank 0] Base totals  →  elems=30 conn-rows=112
[Rank 0] Base totals  →  elems=30 conn-rows=112
[Rank 0] Base totals  →  elems=30 conn-rows=112
[Rank 0] Base totals  →  elems=30 conn-rows=112
[Rank 0] Base totals  →  elems=30 conn-rows=112
[Rank 0] Base totals  →  elems=30 conn-rows=112
[Rank 0] Base totals  →  elems=30 conn-rows=112
[Rank 0] Base totals  →  elems=30 conn-rows=112
[Rank 0] Base totals  →  elems=30 conn-rows=112
[Rank 0] Base totals  →  elems=30 conn-rows=112
[Rank 0] Base totals  →  elems=30 conn-rows=112
[Rank 0] Base totals  →  elems=30 conn-rows=112
[Rank 0] Base totals  →  elems=30 conn-rows=112
[Rank 0] Base totals  →  elems=30 conn-rows=112
[Rank 0] Base totals  →  elems=30 conn-rows=112
[Rank 0] Base totals  →  elems=30 conn-rows=112
[Rank 0] Base totals  →  elems=30 conn-rows=112
[Rank 0] Base totals  →  elems=30 conn-rows=112
[Rank 0] Base totals  →  elems=30 conn-rows=112
[Rank 0] Base totals  →  elems=30 conn-rows=112
[Rank 0] SubPartitionedMesh(etypes=['quad', 'tri'],
                   eidxs_base={'quad': array([ 0, 12, 14, 18,  4, 19, 21]),
                               'tri': array([3, 1, 5])},
                   eidxs={'quad': array([ 0,  4, 12, 14, 18, 19, 21]),
                          'tri': array([1, 3, 5])},
                   conn=array([[ 0,  1,  0,  0,  1, 19,  3],
       [ 0,  1,  1,  0,  1, 14,  2],
       [ 0,  1,  2,  0,  1,  4,  1],
       [ 0,  3,  0, -1, -1, -1,  3],
       [ 0,  3,  1,  1,  0,  0,  0],
       [ 0,  3,  2,  0,  1, 18,  2],
       [ 0,  5,  0,  0,  1, 21,  0],
       [ 0,  5,  1,  0,  1,  0,  3],
       [ 0,  5,  2, -1, -1, -1,  2],
       [ 1,  0,  0,  0,  1,  4,  3],
       [ 1,  0,  1,  2,  1, 15,  0],
       [ 1,  0,  2, -1, -1, -1,  2],
       [ 1,  0,  3,  0,  0,  5,  1],
       [ 1,  4,  0,  0,  1, 21,  3],
       [ 1,  4,  1,  0,  0,  1,  2],
       [ 1,  4,  2,  0,  1, 12,  3],
       [ 1,  4,  3,  0,  1,  0,  0],
       [ 1, 12,  0,  0,  1, 14,  1],
       [ 1, 12,  1,  2,  1,  1,  1],
       [ 1, 12,  2,  2,  1, 15,  1],
       [ 1, 12,  3,  0,  1,  4,  2],
       [ 1, 14,  0,  1,  1,  6,  1],
       [ 1, 14,  1,  0,  1, 12,  0],
       [ 1, 14,  2,  0,  0,  1,  1],
       [ 1, 14,  3,  0,  1, 18,  0],
       [ 1, 18,  0,  0,  1, 14,  3],
       [ 1, 18,  1,  0,  1, 19,  2],
       [ 1, 18,  2,  0,  0,  3,  2],
       [ 1, 18,  3,  1,  1,  7,  2],
       [ 1, 19,  0,  0,  1, 21,  2],
       [ 1, 19,  1, -1, -1, -1,  3],
       [ 1, 19,  2,  0,  1, 18,  1],
       [ 1, 19,  3,  0,  0,  1,  0],
       [ 1, 21,  0,  0,  0,  5,  0],
       [ 1, 21,  1, -1, -1, -1,  3],
       [ 1, 21,  2,  0,  1, 19,  0],
       [ 1, 21,  3,  0,  1,  4,  0]]),
                   strict_geometry=True)
[Rank 0] Base totals  →  elems=30 conn-rows=112
[Rank 0] SubPartitionedMesh(etypes=['quad', 'tri'],
                   eidxs_base={'quad': array([ 0, 12, 14, 18,  4, 19, 21]),
                               'tri': array([3, 1, 5])},
                   eidxs={'quad': array([ 0,  4, 12, 14, 18, 19, 21]),
                          'tri': array([1, 3, 5])},
                   conn=array([[ 0,  1,  0,  0,  1, 19,  3],
       [ 0,  1,  1,  0,  1, 14,  2],
       [ 0,  1,  2,  0,  1,  4,  1],
       [ 0,  3,  0, -1, -1, -1,  3],
       [ 0,  3,  1,  1,  0,  0,  0],
       [ 0,  3,  2,  0,  1, 18,  2],
       [ 0,  5,  0,  0,  1, 21,  0],
       [ 0,  5,  1,  0,  1,  0,  3],
       [ 0,  5,  2, -1, -1, -1,  2],
       [ 1,  0,  0,  0,  1,  4,  3],
       [ 1,  0,  1,  2,  1, 15,  0],
       [ 1,  0,  2, -1, -1, -1,  2],
       [ 1,  0,  3,  0,  0,  5,  1],
       [ 1,  4,  0,  0,  1, 21,  3],
       [ 1,  4,  1,  0,  0,  1,  2],
       [ 1,  4,  2,  0,  1, 12,  3],
       [ 1,  4,  3,  0,  1,  0,  0],
       [ 1, 12,  0,  0,  1, 14,  1],
       [ 1, 12,  1,  2,  1,  1,  1],
       [ 1, 12,  2,  2,  1, 15,  1],
       [ 1, 12,  3,  0,  1,  4,  2],
       [ 1, 14,  0,  1,  1,  6,  1],
       [ 1, 14,  1,  0,  1, 12,  0],
       [ 1, 14,  2,  0,  0,  1,  1],
       [ 1, 14,  3,  0,  1, 18,  0],
       [ 1, 18,  0,  0,  1, 14,  3],
       [ 1, 18,  1,  0,  1, 19,  2],
       [ 1, 18,  2,  0,  0,  3,  2],
       [ 1, 18,  3,  1,  1,  7,  2],
       [ 1, 19,  0,  0,  1, 21,  2],
       [ 1, 19,  1, -1, -1, -1,  3],
       [ 1, 19,  2,  0,  1, 18,  1],
       [ 1, 19,  3,  0,  0,  1,  0],
       [ 1, 21,  0,  0,  0,  5,  0],
       [ 1, 21,  1, -1, -1, -1,  3],
       [ 1, 21,  2,  0,  1, 19,  0],
       [ 1, 21,  3,  0,  1,  4,  0]]),
                   strict_geometry=True)
[Rank 0] Base totals  →  elems=30 conn-rows=112
[Rank 0] SubPartitionedMesh(etypes=['quad', 'tri'],
                   eidxs_base={'quad': array([ 0, 12, 14, 18,  4, 19, 21]),
                               'tri': array([3, 1, 5])},
                   eidxs={'quad': array([ 0,  4, 12, 14, 18, 19, 21]),
                          'tri': array([1, 3, 5])},
                   conn=array([[ 0,  1,  0,  0,  1, 19,  3],
       [ 0,  1,  1,  0,  1, 14,  2],
       [ 0,  1,  2,  0,  1,  4,  1],
       [ 0,  3,  0, -1, -1, -1,  3],
       [ 0,  3,  1,  1,  0,  0,  0],
       [ 0,  3,  2,  0,  1, 18,  2],
       [ 0,  5,  0,  0,  1, 21,  0],
       [ 0,  5,  1,  0,  1,  0,  3],
       [ 0,  5,  2, -1, -1, -1,  2],
       [ 1,  0,  0,  0,  1,  4,  3],
       [ 1,  0,  1,  2,  1, 15,  0],
       [ 1,  0,  2, -1, -1, -1,  2],
       [ 1,  0,  3,  0,  0,  5,  1],
       [ 1,  4,  0,  0,  1, 21,  3],
       [ 1,  4,  1,  0,  0,  1,  2],
       [ 1,  4,  2,  0,  1, 12,  3],
       [ 1,  4,  3,  0,  1,  0,  0],
       [ 1, 12,  0,  0,  1, 14,  1],
       [ 1, 12,  1,  2,  1,  1,  1],
       [ 1, 12,  2,  2,  1, 15,  1],
       [ 1, 12,  3,  0,  1,  4,  2],
       [ 1, 14,  0,  1,  1,  6,  1],
       [ 1, 14,  1,  0,  1, 12,  0],
       [ 1, 14,  2,  0,  0,  1,  1],
       [ 1, 14,  3,  0,  1, 18,  0],
       [ 1, 18,  0,  0,  1, 14,  3],
       [ 1, 18,  1,  0,  1, 19,  2],
       [ 1, 18,  2,  0,  0,  3,  2],
       [ 1, 18,  3,  1,  1,  7,  2],
       [ 1, 19,  0,  0,  1, 21,  2],
       [ 1, 19,  1, -1, -1, -1,  3],
       [ 1, 19,  2,  0,  1, 18,  1],
       [ 1, 19,  3,  0,  0,  1,  0],
       [ 1, 21,  0,  0,  0,  5,  0],
       [ 1, 21,  1, -1, -1, -1,  3],
       [ 1, 21,  2,  0,  1, 19,  0],
       [ 1, 21,  3,  0,  1,  4,  0]]),
                   strict_geometry=True)
[Rank 0] Base totals  →  elems=30 conn-rows=112
[Rank 0] SubPartitionedMesh(etypes=['quad', 'tri'],
                   eidxs_base={'quad': array([ 0, 12, 14, 18,  4, 19, 21]),
                               'tri': array([3, 1, 5])},
                   eidxs={'quad': array([ 0,  4, 12, 14, 18, 19, 21]),
                          'tri': array([1, 3, 5])},
                   conn=array([[ 0,  1,  0,  0,  1, 19,  3],
       [ 0,  1,  1,  0,  1, 14,  2],
       [ 0,  1,  2,  0,  1,  4,  1],
       [ 0,  3,  0, -1, -1, -1,  3],
       [ 0,  3,  1,  1,  0,  0,  0],
       [ 0,  3,  2,  0,  1, 18,  2],
       [ 0,  5,  0,  0,  1, 21,  0],
       [ 0,  5,  1,  0,  1,  0,  3],
       [ 0,  5,  2, -1, -1, -1,  2],
       [ 1,  0,  0,  0,  1,  4,  3],
       [ 1,  0,  1,  2,  1, 15,  0],
       [ 1,  0,  2, -1, -1, -1,  2],
       [ 1,  0,  3,  0,  0,  5,  1],
       [ 1,  4,  0,  0,  1, 21,  3],
       [ 1,  4,  1,  0,  0,  1,  2],
       [ 1,  4,  2,  0,  1, 12,  3],
       [ 1,  4,  3,  0,  1,  0,  0],
       [ 1, 12,  0,  0,  1, 14,  1],
       [ 1, 12,  1,  2,  1,  1,  1],
       [ 1, 12,  2,  2,  1, 15,  1],
       [ 1, 12,  3,  0,  1,  4,  2],
       [ 1, 14,  0,  1,  1,  6,  1],
       [ 1, 14,  1,  0,  1, 12,  0],
       [ 1, 14,  2,  0,  0,  1,  1],
       [ 1, 14,  3,  0,  1, 18,  0],
       [ 1, 18,  0,  0,  1, 14,  3],
       [ 1, 18,  1,  0,  1, 19,  2],
       [ 1, 18,  2,  0,  0,  3,  2],
       [ 1, 18,  3,  1,  1,  7,  2],
       [ 1, 19,  0,  0,  1, 21,  2],
       [ 1, 19,  1, -1, -1, -1,  3],
       [ 1, 19,  2,  0,  1, 18,  1],
       [ 1, 19,  3,  0,  0,  1,  0],
       [ 1, 21,  0,  0,  0,  5,  0],
       [ 1, 21,  1, -1, -1, -1,  3],
       [ 1, 21,  2,  0,  1, 19,  0],
       [ 1, 21,  3,  0,  1,  4,  0]]),
                   strict_geometry=True)
[Rank 0] Base totals  →  elems=30 conn-rows=112
[Rank 0] Base totals  →  elems=30 conn-rows=112
[Rank 0] SubPartitionedMesh(etypes=['quad', 'tri'],
                   eidxs_base={'quad': array([ 0, 12, 14, 18,  4, 19, 21]),
                               'tri': array([3, 1, 5])},
                   eidxs={'quad': array([ 0, 12, 14, 18,  4, 19, 21]),
                          'tri': array([3, 1, 5])},
                   conn=array([[ 0,  1,  0,  0,  1, 19,  3],
       [ 0,  1,  1,  0,  1, 14,  2],
       [ 0,  1,  2,  0,  1,  4,  1],
       [ 0,  3,  0, -1, -1, -1,  3],
       [ 0,  3,  1,  1,  0,  0,  0],
       [ 0,  3,  2,  0,  1, 18,  2],
       [ 0,  5,  0,  0,  1, 21,  0],
       [ 0,  5,  1,  0,  1,  0,  3],
       [ 0,  5,  2, -1, -1, -1,  2],
       [ 1,  0,  0,  0,  1,  4,  3],
       [ 1,  0,  1,  2,  1, 15,  0],
       [ 1,  0,  2, -1, -1, -1,  2],
       [ 1,  0,  3,  0,  0,  5,  1],
       [ 1,  4,  0,  0,  1, 21,  3],
       [ 1,  4,  1,  0,  0,  1,  2],
       [ 1,  4,  2,  0,  1, 12,  3],
       [ 1,  4,  3,  0,  1,  0,  0],
       [ 1, 12,  0,  0,  1, 14,  1],
       [ 1, 12,  1,  2,  1,  1,  1],
       [ 1, 12,  2,  2,  1, 15,  1],
       [ 1, 12,  3,  0,  1,  4,  2],
       [ 1, 14,  0,  1,  1,  6,  1],
       [ 1, 14,  1,  0,  1, 12,  0],
       [ 1, 14,  2,  0,  0,  1,  1],
       [ 1, 14,  3,  0,  1, 18,  0],
       [ 1, 18,  0,  0,  1, 14,  3],
       [ 1, 18,  1,  0,  1, 19,  2],
       [ 1, 18,  2,  0,  0,  3,  2],
       [ 1, 18,  3,  1,  1,  7,  2],
       [ 1, 19,  0,  0,  1, 21,  2],
       [ 1, 19,  1, -1, -1, -1,  3],
       [ 1, 19,  2,  0,  1, 18,  1],
       [ 1, 19,  3,  0,  0,  1,  0],
       [ 1, 21,  0,  0,  0,  5,  0],
       [ 1, 21,  1, -1, -1, -1,  3],
       [ 1, 21,  2,  0,  1, 19,  0],
       [ 1, 21,  3,  0,  1,  4,  0]]),
                   strict_geometry=True)
[Rank 0] Base totals  →  elems=30 conn-rows=112
[Rank 0] SubPartitionedMesh(etypes=['quad', 'tri'],
                   eidxs_base={'quad': array([ 0, 12, 14, 18,  4, 19, 21]),
                               'tri': array([3, 1, 5])},
                   eidxs={'quad': array([ 0, 12, 14, 18,  4, 19, 21]),
                          'tri': array([3, 1, 5])},
                   conn=array([[ 0,  1,  0,  0,  1, 19,  3],
       [ 0,  1,  1,  0,  1, 14,  2],
       [ 0,  1,  2,  0,  1,  4,  1],
       [ 0,  3,  0, -1, -1, -1,  3],
       [ 0,  3,  1,  1,  0,  0,  0],
       [ 0,  3,  2,  0,  1, 18,  2],
       [ 0,  5,  0,  0,  1, 21,  0],
       [ 0,  5,  1,  0,  1,  0,  3],
       [ 0,  5,  2, -1, -1, -1,  2],
       [ 1,  0,  0,  0,  1,  4,  3],
       [ 1,  0,  1,  2,  1, 15,  0],
       [ 1,  0,  2, -1, -1, -1,  2],
       [ 1,  0,  3,  0,  0,  5,  1],
       [ 1,  4,  0,  0,  1, 21,  3],
       [ 1,  4,  1,  0,  0,  1,  2],
       [ 1,  4,  2,  0,  1, 12,  3],
       [ 1,  4,  3,  0,  1,  0,  0],
       [ 1, 12,  0,  0,  1, 14,  1],
       [ 1, 12,  1,  2,  1,  1,  1],
       [ 1, 12,  2,  2,  1, 15,  1],
       [ 1, 12,  3,  0,  1,  4,  2],
       [ 1, 14,  0,  1,  1,  6,  1],
       [ 1, 14,  1,  0,  1, 12,  0],
       [ 1, 14,  2,  0,  0,  1,  1],
       [ 1, 14,  3,  0,  1, 18,  0],
       [ 1, 18,  0,  0,  1, 14,  3],
       [ 1, 18,  1,  0,  1, 19,  2],
       [ 1, 18,  2,  0,  0,  3,  2],
       [ 1, 18,  3,  1,  1,  7,  2],
       [ 1, 19,  0,  0,  1, 21,  2],
       [ 1, 19,  1, -1, -1, -1,  3],
       [ 1, 19,  2,  0,  1, 18,  1],
       [ 1, 19,  3,  0,  0,  1,  0],
       [ 1, 21,  0,  0,  0,  5,  0],
       [ 1, 21,  1, -1, -1, -1,  3],
       [ 1, 21,  2,  0,  1, 19,  0],
       [ 1, 21,  3,  0,  1,  4,  0]]),
                   strict_geometry=True)
[Rank 0] Base totals  →  elems=30 conn-rows=112
[Rank 0] SubPartitionedMesh(etypes=['quad', 'tri'],
                   eidxs_base={'quad': array([ 0, 12, 14, 18,  4, 19, 21]),
                               'tri': array([3, 1, 5])},
                   eidxs={'quad': array([ 0,  4, 12, 14, 18, 19, 21]),
                          'tri': array([1, 3, 5])},
                   conn=array([[ 0,  1,  0,  0,  1, 19,  3],
       [ 0,  1,  1,  0,  1, 14,  2],
       [ 0,  1,  2,  0,  1,  4,  1],
       [ 0,  3,  0, -1, -1, -1,  3],
       [ 0,  3,  1,  1,  0,  0,  0],
       [ 0,  3,  2,  0,  1, 18,  2],
       [ 0,  5,  0,  0,  1, 21,  0],
       [ 0,  5,  1,  0,  1,  0,  3],
       [ 0,  5,  2, -1, -1, -1,  2],
       [ 1,  0,  0,  0,  1,  4,  3],
       [ 1,  0,  1,  2,  1, 15,  0],
       [ 1,  0,  2, -1, -1, -1,  2],
       [ 1,  0,  3,  0,  0,  5,  1],
       [ 1,  4,  0,  0,  1, 21,  3],
       [ 1,  4,  1,  0,  0,  1,  2],
       [ 1,  4,  2,  0,  1, 12,  3],
       [ 1,  4,  3,  0,  1,  0,  0],
       [ 1, 12,  0,  0,  1, 14,  1],
       [ 1, 12,  1,  2,  1,  1,  1],
       [ 1, 12,  2,  2,  1, 15,  1],
       [ 1, 12,  3,  0,  1,  4,  2],
       [ 1, 14,  0,  1,  1,  6,  1],
       [ 1, 14,  1,  0,  1, 12,  0],
       [ 1, 14,  2,  0,  0,  1,  1],
       [ 1, 14,  3,  0,  1, 18,  0],
       [ 1, 18,  0,  0,  1, 14,  3],
       [ 1, 18,  1,  0,  1, 19,  2],
       [ 1, 18,  2,  0,  0,  3,  2],
       [ 1, 18,  3,  1,  1,  7,  2],
       [ 1, 19,  0,  0,  1, 21,  2],
       [ 1, 19,  1, -1, -1, -1,  3],
       [ 1, 19,  2,  0,  1, 18,  1],
       [ 1, 19,  3,  0,  0,  1,  0],
       [ 1, 21,  0,  0,  0,  5,  0],
       [ 1, 21,  1, -1, -1, -1,  3],
       [ 1, 21,  2,  0,  1, 19,  0],
       [ 1, 21,  3,  0,  1,  4,  0]]),
                   strict_geometry=True)
[Rank 0] Base totals  →  elems=30 conn-rows=112
[Rank 0] SubPartitionedMesh(etypes=['quad', 'tri'],
                   eidxs_base={'quad': array([ 0, 12, 14, 18,  4, 19, 21]),
                               'tri': array([3, 1, 5])},
                   eidxs={'quad': array([ 0,  4, 12, 14, 18, 19, 21]),
                          'tri': array([1, 3, 5])},
                   conn=array([[ 0,  1,  0,  0,  1, 19,  3],
       [ 0,  1,  1,  0,  1, 14,  2],
       [ 0,  1,  2,  0,  1,  4,  1],
       [ 0,  3,  0, -1, -1, -1,  3],
       [ 0,  3,  1,  1,  0,  0,  0],
       [ 0,  3,  2,  0,  1, 18,  2],
       [ 0,  5,  0,  0,  1, 21,  0],
       [ 0,  5,  1,  0,  1,  0,  3],
       [ 0,  5,  2, -1, -1, -1,  2],
       [ 1,  0,  0,  0,  1,  4,  3],
       [ 1,  0,  1,  2,  1, 15,  0],
       [ 1,  0,  2, -1, -1, -1,  2],
       [ 1,  0,  3,  0,  0,  5,  1],
       [ 1,  4,  0,  0,  1, 21,  3],
       [ 1,  4,  1,  0,  0,  1,  2],
       [ 1,  4,  2,  0,  1, 12,  3],
       [ 1,  4,  3,  0,  1,  0,  0],
       [ 1, 12,  0,  0,  1, 14,  1],
       [ 1, 12,  1,  2,  1,  1,  1],
       [ 1, 12,  2,  2,  1, 15,  1],
       [ 1, 12,  3,  0,  1,  4,  2],
       [ 1, 14,  0,  1,  1,  6,  1],
       [ 1, 14,  1,  0,  1, 12,  0],
       [ 1, 14,  2,  0,  0,  1,  1],
       [ 1, 14,  3,  0,  1, 18,  0],
       [ 1, 18,  0,  0,  1, 14,  3],
       [ 1, 18,  1,  0,  1, 19,  2],
       [ 1, 18,  2,  0,  0,  3,  2],
       [ 1, 18,  3,  1,  1,  7,  2],
       [ 1, 19,  0,  0,  1, 21,  2],
       [ 1, 19,  1, -1, -1, -1,  3],
       [ 1, 19,  2,  0,  1, 18,  1],
       [ 1, 19,  3,  0,  0,  1,  0],
       [ 1, 21,  0,  0,  0,  5,  0],
       [ 1, 21,  1, -1, -1, -1,  3],
       [ 1, 21,  2,  0,  1, 19,  0],
       [ 1, 21,  3,  0,  1,  4,  0]]),
                   strict_geometry=True)
[Rank 0] Base totals  →  elems=30 conn-rows=112
[Rank 0] SubPartitionedMesh(etypes=['quad', 'tri'],
                   eidxs_base={'quad': array([ 0, 12, 14, 18,  4, 19, 21]),
                               'tri': array([3, 1, 5])},
                   eidxs={'quad': array([ 0,  4, 12, 14, 18, 19, 21]),
                          'tri': array([1, 3, 5])},
                   conn=array([[ 0,  1,  0,  0,  1, 19,  3],
       [ 0,  1,  1,  0,  1, 14,  2],
       [ 0,  1,  2,  0,  1,  4,  1],
       [ 0,  3,  0, -1, -1, -1,  3],
       [ 0,  3,  1,  1,  0,  0,  0],
       [ 0,  3,  2,  0,  1, 18,  2],
       [ 0,  5,  0,  0,  1, 21,  0],
       [ 0,  5,  1,  0,  1,  0,  3],
       [ 0,  5,  2, -1, -1, -1,  2],
       [ 1,  0,  0,  0,  1,  4,  3],
       [ 1,  0,  1,  2,  1, 15,  0],
       [ 1,  0,  2, -1, -1, -1,  2],
       [ 1,  0,  3,  0,  0,  5,  1],
       [ 1,  4,  0,  0,  1, 21,  3],
       [ 1,  4,  1,  0,  0,  1,  2],
       [ 1,  4,  2,  0,  1, 12,  3],
       [ 1,  4,  3,  0,  1,  0,  0],
       [ 1, 12,  0,  0,  1, 14,  1],
       [ 1, 12,  1,  2,  1,  1,  1],
       [ 1, 12,  2,  2,  1, 15,  1],
       [ 1, 12,  3,  0,  1,  4,  2],
       [ 1, 14,  0,  1,  1,  6,  1],
       [ 1, 14,  1,  0,  1, 12,  0],
       [ 1, 14,  2,  0,  0,  1,  1],
       [ 1, 14,  3,  0,  1, 18,  0],
       [ 1, 18,  0,  0,  1, 14,  3],
       [ 1, 18,  1,  0,  1, 19,  2],
       [ 1, 18,  2,  0,  0,  3,  2],
       [ 1, 18,  3,  1,  1,  7,  2],
       [ 1, 19,  0,  0,  1, 21,  2],
       [ 1, 19,  1, -1, -1, -1,  3],
       [ 1, 19,  2,  0,  1, 18,  1],
       [ 1, 19,  3,  0,  0,  1,  0],
       [ 1, 21,  0,  0,  0,  5,  0],
       [ 1, 21,  1, -1, -1, -1,  3],
       [ 1, 21,  2,  0,  1, 19,  0],
       [ 1, 21,  3,  0,  1,  4,  0]]),
                   strict_geometry=True)
[Rank 0] Base totals  →  elems=30 conn-rows=112
[Rank 0] SubPartitionedMesh(etypes=['quad', 'tri'],
                   eidxs_base={'quad': array([ 0, 12, 14, 18,  4, 19, 21]),
                               'tri': array([3, 1, 5])},
                   eidxs={'quad': array([ 0,  4, 12, 14, 18, 19, 21]),
                          'tri': array([1, 3, 5])},
                   conn=array([[ 0,  1,  0,  0,  1, 19,  3],
       [ 0,  1,  1,  0,  1, 14,  2],
       [ 0,  1,  2,  0,  1,  4,  1],
       [ 0,  3,  0, -1, -1, -1,  3],
       [ 0,  3,  1,  1,  0,  0,  0],
       [ 0,  3,  2,  0,  1, 18,  2],
       [ 0,  5,  0,  0,  1, 21,  0],
       [ 0,  5,  1,  0,  1,  0,  3],
       [ 0,  5,  2, -1, -1, -1,  2],
       [ 1,  0,  0,  0,  1,  4,  3],
       [ 1,  0,  1,  2,  1, 15,  0],
       [ 1,  0,  2, -1, -1, -1,  2],
       [ 1,  0,  3,  0,  0,  5,  1],
       [ 1,  4,  0,  0,  1, 21,  3],
       [ 1,  4,  1,  0,  0,  1,  2],
       [ 1,  4,  2,  0,  1, 12,  3],
       [ 1,  4,  3,  0,  1,  0,  0],
       [ 1, 12,  0,  0,  1, 14,  1],
       [ 1, 12,  1,  2,  1,  1,  1],
       [ 1, 12,  2,  2,  1, 15,  1],
       [ 1, 12,  3,  0,  1,  4,  2],
       [ 1, 14,  0,  1,  1,  6,  1],
       [ 1, 14,  1,  0,  1, 12,  0],
       [ 1, 14,  2,  0,  0,  1,  1],
       [ 1, 14,  3,  0,  1, 18,  0],
       [ 1, 18,  0,  0,  1, 14,  3],
       [ 1, 18,  1,  0,  1, 19,  2],
       [ 1, 18,  2,  0,  0,  3,  2],
       [ 1, 18,  3,  1,  1,  7,  2],
       [ 1, 19,  0,  0,  1, 21,  2],
       [ 1, 19,  1, -1, -1, -1,  3],
       [ 1, 19,  2,  0,  1, 18,  1],
       [ 1, 19,  3,  0,  0,  1,  0],
       [ 1, 21,  0,  0,  0,  5,  0],
       [ 1, 21,  1, -1, -1, -1,  3],
       [ 1, 21,  2,  0,  1, 19,  0],
       [ 1, 21,  3,  0,  1,  4,  0]]),
                   strict_geometry=True)
[Rank 0] Base totals  →  elems=30 conn-rows=112
[Rank 0] SubPartitionedMesh(etypes=['quad', 'tri'],
                   eidxs_base={'quad': array([ 0, 12, 14, 18,  4, 19, 21]),
                               'tri': array([3, 1, 5])},
                   eidxs={'quad': array([ 0,  4, 12, 14, 18, 19, 21]),
                          'tri': array([1, 3, 5])},
                   conn=array([[ 0,  1,  0,  0,  1, 19,  3],
       [ 0,  1,  1,  0,  1, 14,  2],
       [ 0,  1,  2,  0,  1,  4,  1],
       [ 0,  3,  0, -1, -1, -1,  3],
       [ 0,  3,  1,  1,  0,  0,  0],
       [ 0,  3,  2,  0,  1, 18,  2],
       [ 0,  5,  0,  0,  1, 21,  0],
       [ 0,  5,  1,  0,  1,  0,  3],
       [ 0,  5,  2, -1, -1, -1,  2],
       [ 1,  0,  0,  0,  1,  4,  3],
       [ 1,  0,  1,  2,  1, 15,  0],
       [ 1,  0,  2, -1, -1, -1,  2],
       [ 1,  0,  3,  0,  0,  5,  1],
       [ 1,  4,  0,  0,  1, 21,  3],
       [ 1,  4,  1,  0,  0,  1,  2],
       [ 1,  4,  2,  0,  1, 12,  3],
       [ 1,  4,  3,  0,  1,  0,  0],
       [ 1, 12,  0,  0,  1, 14,  1],
       [ 1, 12,  1,  2,  1,  1,  1],
       [ 1, 12,  2,  2,  1, 15,  1],
       [ 1, 12,  3,  0,  1,  4,  2],
       [ 1, 14,  0,  1,  1,  6,  1],
       [ 1, 14,  1,  0,  1, 12,  0],
       [ 1, 14,  2,  0,  0,  1,  1],
       [ 1, 14,  3,  0,  1, 18,  0],
       [ 1, 18,  0,  0,  1, 14,  3],
       [ 1, 18,  1,  0,  1, 19,  2],
       [ 1, 18,  2,  0,  0,  3,  2],
       [ 1, 18,  3,  1,  1,  7,  2],
       [ 1, 19,  0,  0,  1, 21,  2],
       [ 1, 19,  1, -1, -1, -1,  3],
       [ 1, 19,  2,  0,  1, 18,  1],
       [ 1, 19,  3,  0,  0,  1,  0],
       [ 1, 21,  0,  0,  0,  5,  0],
       [ 1, 21,  1, -1, -1, -1,  3],
       [ 1, 21,  2,  0,  1, 19,  0],
       [ 1, 21,  3,  0,  1,  4,  0]]),
                   strict_geometry=True)
[Rank 0] Base totals  →  elems=30 conn-rows=112
[Rank 0] SubPartitionedMesh(etypes=['quad', 'tri'],
                   eidxs_base={'quad': array([ 0, 12, 14, 18,  4, 19, 21]),
                               'tri': array([3, 1, 5])},
                   eidxs={'quad': array([ 0,  4, 12, 14, 18, 19, 21]),
                          'tri': array([1, 3, 5])},
                   conn=array([[ 0,  1,  0,  0,  1, 19,  3],
       [ 0,  1,  1,  0,  1, 14,  2],
       [ 0,  1,  2,  0,  1,  4,  1],
       [ 0,  3,  0, -1, -1, -1,  3],
       [ 0,  3,  1,  1,  0,  0,  0],
       [ 0,  3,  2,  0,  1, 18,  2],
       [ 0,  5,  0,  0,  1, 21,  0],
       [ 0,  5,  1,  0,  1,  0,  3],
       [ 0,  5,  2, -1, -1, -1,  2],
       [ 1,  0,  0,  0,  1,  4,  3],
       [ 1,  0,  1,  2,  1, 15,  0],
       [ 1,  0,  2, -1, -1, -1,  2],
       [ 1,  0,  3,  0,  0,  5,  1],
       [ 1,  4,  0,  0,  1, 21,  3],
       [ 1,  4,  1,  0,  0,  1,  2],
       [ 1,  4,  2,  0,  1, 12,  3],
       [ 1,  4,  3,  0,  1,  0,  0],
       [ 1, 12,  0,  0,  1, 14,  1],
       [ 1, 12,  1,  2,  1,  1,  1],
       [ 1, 12,  2,  2,  1, 15,  1],
       [ 1, 12,  3,  0,  1,  4,  2],
       [ 1, 14,  0,  1,  1,  6,  1],
       [ 1, 14,  1,  0,  1, 12,  0],
       [ 1, 14,  2,  0,  0,  1,  1],
       [ 1, 14,  3,  0,  1, 18,  0],
       [ 1, 18,  0,  0,  1, 14,  3],
       [ 1, 18,  1,  0,  1, 19,  2],
       [ 1, 18,  2,  0,  0,  3,  2],
       [ 1, 18,  3,  1,  1,  7,  2],
       [ 1, 19,  0,  0,  1, 21,  2],
       [ 1, 19,  1, -1, -1, -1,  3],
       [ 1, 19,  2,  0,  1, 18,  1],
       [ 1, 19,  3,  0,  0,  1,  0],
       [ 1, 21,  0,  0,  0,  5,  0],
       [ 1, 21,  1, -1, -1, -1,  3],
       [ 1, 21,  2,  0,  1, 19,  0],
       [ 1, 21,  3,  0,  1,  4,  0]]),
                   strict_geometry=True)
[Rank 0] Base totals  →  elems=30 conn-rows=112
[Rank 0] SubPartitionedMesh(etypes=['quad', 'tri'],
                   eidxs_base={'quad': array([ 0, 12, 14, 18,  4, 19, 21]),
                               'tri': array([3, 1, 5])},
                   eidxs={'quad': array([ 0,  4, 12, 14, 18, 19, 21]),
                          'tri': array([1, 3, 5])},
                   conn=array([[ 0,  1,  0,  0,  1, 19,  3],
       [ 0,  1,  1,  0,  1, 14,  2],
       [ 0,  1,  2,  0,  1,  4,  1],
       [ 0,  3,  0, -1, -1, -1,  3],
       [ 0,  3,  1,  1,  0,  0,  0],
       [ 0,  3,  2,  0,  1, 18,  2],
       [ 0,  5,  0,  0,  1, 21,  0],
       [ 0,  5,  1,  0,  1,  0,  3],
       [ 0,  5,  2, -1, -1, -1,  2],
       [ 1,  0,  0,  0,  1,  4,  3],
       [ 1,  0,  1,  2,  1, 15,  0],
       [ 1,  0,  2, -1, -1, -1,  2],
       [ 1,  0,  3,  0,  0,  5,  1],
       [ 1,  4,  0,  0,  1, 21,  3],
       [ 1,  4,  1,  0,  0,  1,  2],
       [ 1,  4,  2,  0,  1, 12,  3],
       [ 1,  4,  3,  0,  1,  0,  0],
       [ 1, 12,  0,  0,  1, 14,  1],
       [ 1, 12,  1,  2,  1,  1,  1],
       [ 1, 12,  2,  2,  1, 15,  1],
       [ 1, 12,  3,  0,  1,  4,  2],
       [ 1, 14,  0,  1,  1,  6,  1],
       [ 1, 14,  1,  0,  1, 12,  0],
       [ 1, 14,  2,  0,  0,  1,  1],
       [ 1, 14,  3,  0,  1, 18,  0],
       [ 1, 18,  0,  0,  1, 14,  3],
       [ 1, 18,  1,  0,  1, 19,  2],
       [ 1, 18,  2,  0,  0,  3,  2],
       [ 1, 18,  3,  1,  1,  7,  2],
       [ 1, 19,  0,  0,  1, 21,  2],
       [ 1, 19,  1, -1, -1, -1,  3],
       [ 1, 19,  2,  0,  1, 18,  1],
       [ 1, 19,  3,  0,  0,  1,  0],
       [ 1, 21,  0,  0,  0,  5,  0],
       [ 1, 21,  1, -1, -1, -1,  3],
       [ 1, 21,  2,  0,  1, 19,  0],
       [ 1, 21,  3,  0,  1,  4,  0]]),
                   strict_geometry=True)
[Rank 0] Base totals  →  elems=30 conn-rows=112
[Rank 0] Base totals  →  elems=30 conn-rows=112
[Rank 0] SubPartitionedMesh(etypes=['quad', 'tri'],
                   eidxs_base={'quad': array([ 0, 12, 14, 18,  4, 19, 21]),
                               'tri': array([3, 1, 5])},
                   eidxs={'quad': array([ 0,  4, 12, 14, 18, 19, 21]),
                          'tri': array([1, 3, 5])},
                   conn=array([[ 0,  1,  0,  0,  1, 19,  3],
       [ 0,  1,  1,  0,  1, 14,  2],
       [ 0,  1,  2,  0,  1,  4,  1],
       [ 0,  3,  0, -1, -1, -1,  3],
       [ 0,  3,  1,  1,  0,  0,  0],
       [ 0,  3,  2,  0,  1, 18,  2],
       [ 0,  5,  0,  0,  1, 21,  0],
       [ 0,  5,  1,  0,  1,  0,  3],
       [ 0,  5,  2, -1, -1, -1,  2],
       [ 1,  0,  0,  0,  1,  4,  3],
       [ 1,  0,  1,  2,  1, 15,  0],
       [ 1,  0,  2, -1, -1, -1,  2],
       [ 1,  0,  3,  0,  0,  5,  1],
       [ 1,  4,  0,  0,  1, 21,  3],
       [ 1,  4,  1,  0,  0,  1,  2],
       [ 1,  4,  2,  0,  1, 12,  3],
       [ 1,  4,  3,  0,  1,  0,  0],
       [ 1, 12,  0,  0,  1, 14,  1],
       [ 1, 12,  1,  2,  1,  1,  1],
       [ 1, 12,  2,  2,  1, 15,  1],
       [ 1, 12,  3,  0,  1,  4,  2],
       [ 1, 14,  0,  1,  1,  6,  1],
       [ 1, 14,  1,  0,  1, 12,  0],
       [ 1, 14,  2,  0,  0,  1,  1],
       [ 1, 14,  3,  0,  1, 18,  0],
       [ 1, 18,  0,  0,  1, 14,  3],
       [ 1, 18,  1,  0,  1, 19,  2],
       [ 1, 18,  2,  0,  0,  3,  2],
       [ 1, 18,  3,  1,  1,  7,  2],
       [ 1, 19,  0,  0,  1, 21,  2],
       [ 1, 19,  1, -1, -1, -1,  3],
       [ 1, 19,  2,  0,  1, 18,  1],
       [ 1, 19,  3,  0,  0,  1,  0],
       [ 1, 21,  0,  0,  0,  5,  0],
       [ 1, 21,  1, -1, -1, -1,  3],
       [ 1, 21,  2,  0,  1, 19,  0],
       [ 1, 21,  3,  0,  1,  4,  0]]),
                   spts={'quad': array([[[0.83782797, 0.76479963],
        [0.7818017 , 0.58014363],
        [1.        , 0.75      ],
        [1.        , 0.5       ]],

       [[0.63002644, 0.6375102 ],
        [0.49592129, 0.49379152],
        [0.7818017 , 0.58014363],
        [0.68074413, 0.41970635]],

       [[0.38534186, 0.6857371 ],
        [0.49592129, 0.49379152],
        [0.52285327, 0.80110305],
        [0.63002644, 0.6375102 ]],

       [[0.38534186, 0.6857371 ],
        [0.52285327, 0.80110305],
        [0.32888457, 0.85398126],
        [0.5       , 1.        ]],

       [[0.83782797, 0.76479963],
        [0.71431293, 0.82270356],
        [0.7818017 , 0.58014363],
        [0.63002644, 0.6375102 ]],

       [[0.71431293, 0.82270356],
        [0.75      , 1.        ],
        [0.52285327, 0.80110305],
        [0.5       , 1.        ]],

       [[0.83782797, 0.76479963],
        [1.        , 1.        ],
        [0.71431293, 0.82270356],
        [0.75      , 1.        ]]]),
                         'tri': array([[[0.5       , 1.        ],
        [0.25      , 1.        ],
        [0.32888457, 0.85398126]],

       [[0.71431293, 0.82270356],
        [0.52285327, 0.80110305],
        [0.63002644, 0.6375102 ]],

       [[1.        , 1.        ],
        [0.83782797, 0.76479963],
        [1.        , 0.75      ]]])},
                   spts_nodes={'quad': array([[18, 28, 11, 10],
       [32, 31, 28, 29],
       [24, 31, 23, 32],
       [24, 23, 25, 14],
       [18, 19, 28, 32],
       [19, 13, 23, 14],
       [18, 12, 19, 13]]),
                               'tri': array([[14, 15, 25],
       [19, 23, 32],
       [12, 18, 11]])},
                   spts_curved={'quad': array([False, False, False, False, False, False, False]),
                                'tri': array([False, False, False])},
                   strict_geometry=True)
[Rank 0] Base totals  →  elems=30 conn-rows=112
[Rank 0] SubPartitionedMesh(etypes=['quad', 'tri'],
                   eidxs_base={'quad': array([ 0, 12, 14, 18,  4, 19, 21]),
                               'tri': array([3, 1, 5])},
                   eidxs={'quad': array([ 0,  4, 12, 14, 18, 19, 21]),
                          'tri': array([1, 3, 5])},
                   conn=array([[ 0,  1,  0,  0,  1, 19,  3],
       [ 0,  1,  1,  0,  1, 14,  2],
       [ 0,  1,  2,  0,  1,  4,  1],
       [ 0,  3,  0, -1, -1, -1,  3],
       [ 0,  3,  1,  1,  0,  0,  0],
       [ 0,  3,  2,  0,  1, 18,  2],
       [ 0,  5,  0,  0,  1, 21,  0],
       [ 0,  5,  1,  0,  1,  0,  3],
       [ 0,  5,  2, -1, -1, -1,  2],
       [ 1,  0,  0,  0,  1,  4,  3],
       [ 1,  0,  1,  2,  1, 15,  0],
       [ 1,  0,  2, -1, -1, -1,  2],
       [ 1,  0,  3,  0,  0,  5,  1],
       [ 1,  4,  0,  0,  1, 21,  3],
       [ 1,  4,  1,  0,  0,  1,  2],
       [ 1,  4,  2,  0,  1, 12,  3],
       [ 1,  4,  3,  0,  1,  0,  0],
       [ 1, 12,  0,  0,  1, 14,  1],
       [ 1, 12,  1,  2,  1,  1,  1],
       [ 1, 12,  2,  2,  1, 15,  1],
       [ 1, 12,  3,  0,  1,  4,  2],
       [ 1, 14,  0,  1,  1,  6,  1],
       [ 1, 14,  1,  0,  1, 12,  0],
       [ 1, 14,  2,  0,  0,  1,  1],
       [ 1, 14,  3,  0,  1, 18,  0],
       [ 1, 18,  0,  0,  1, 14,  3],
       [ 1, 18,  1,  0,  1, 19,  2],
       [ 1, 18,  2,  0,  0,  3,  2],
       [ 1, 18,  3,  1,  1,  7,  2],
       [ 1, 19,  0,  0,  1, 21,  2],
       [ 1, 19,  1, -1, -1, -1,  3],
       [ 1, 19,  2,  0,  1, 18,  1],
       [ 1, 19,  3,  0,  0,  1,  0],
       [ 1, 21,  0,  0,  0,  5,  0],
       [ 1, 21,  1, -1, -1, -1,  3],
       [ 1, 21,  2,  0,  1, 19,  0],
       [ 1, 21,  3,  0,  1,  4,  0]]),
                   spts={'quad': array([[[0.83782797, 0.76479963],
        [0.7818017 , 0.58014363],
        [1.        , 0.75      ],
        [1.        , 0.5       ]],

       [[0.63002644, 0.6375102 ],
        [0.49592129, 0.49379152],
        [0.7818017 , 0.58014363],
        [0.68074413, 0.41970635]],

       [[0.38534186, 0.6857371 ],
        [0.49592129, 0.49379152],
        [0.52285327, 0.80110305],
        [0.63002644, 0.6375102 ]],

       [[0.38534186, 0.6857371 ],
        [0.52285327, 0.80110305],
        [0.32888457, 0.85398126],
        [0.5       , 1.        ]],

       [[0.83782797, 0.76479963],
        [0.71431293, 0.82270356],
        [0.7818017 , 0.58014363],
        [0.63002644, 0.6375102 ]],

       [[0.71431293, 0.82270356],
        [0.75      , 1.        ],
        [0.52285327, 0.80110305],
        [0.5       , 1.        ]],

       [[0.83782797, 0.76479963],
        [1.        , 1.        ],
        [0.71431293, 0.82270356],
        [0.75      , 1.        ]]]),
                         'tri': array([[[0.5       , 1.        ],
        [0.25      , 1.        ],
        [0.32888457, 0.85398126]],

       [[0.71431293, 0.82270356],
        [0.52285327, 0.80110305],
        [0.63002644, 0.6375102 ]],

       [[1.        , 1.        ],
        [0.83782797, 0.76479963],
        [1.        , 0.75      ]]])},
                   spts_nodes={'quad': array([[18, 28, 11, 10],
       [32, 31, 28, 29],
       [24, 31, 23, 32],
       [24, 23, 25, 14],
       [18, 19, 28, 32],
       [19, 13, 23, 14],
       [18, 12, 19, 13]]),
                               'tri': array([[14, 15, 25],
       [19, 23, 32],
       [12, 18, 11]])},
                   spts_curved={'quad': array([False, False, False, False, False, False, False]),
                                'tri': array([False, False, False])},
                   strict_geometry=True)
[Rank 0] Base totals  →  elems=30 conn-rows=112
[Rank 0] Base totals  →  elems=30 conn-rows=112
[Rank 0] Base totals  →  elems=30 conn-rows=112
[Rank 0] Base totals  →  elems=30 conn-rows=112
[Rank 0] Base totals  →  elems=30 conn-rows=112
[Rank 0] Base totals  →  elems=30 conn-rows=112
[Rank 0] Base totals  →  elems=30 conn-rows=112
[Rank 0] Base totals  →  elems=30 conn-rows=112
[Rank 0] Base totals  →  elems=30 conn-rows=112
[Rank 0] Base totals  →  elems=30 conn-rows=112
[Rank 0] Base totals  →  elems=30 conn-rows=112
[Rank 0] Base totals  →  elems=30 conn-rows=112
[Rank 0] Base totals  →  elems=30 conn-rows=112
[Rank 0] Base totals  →  elems=30 conn-rows=112
[Rank 0] Base totals  →  elems=30 conn-rows=112
[Rank 0] Base totals  →  elems=30 conn-rows=112
[Rank 0] Base totals  →  elems=30 conn-rows=112
[Rank 0] Base totals  →  elems=30 conn-rows=112
[Rank 0] SubMesh(etypes=['quad', 'tri'],
        eidxs_base={'quad': array([ 0, 12, 14, 18,  4, 19, 21]),
                    'tri': array([3, 1, 5])},
        eidxs={'quad': array([ 0,  4, 12, 14, 18, 19, 21]),
               'tri': array([1, 3, 5])},
        conn=array([[ 0,  1,  0,  0,  1, 19,  3],
       [ 0,  1,  1,  0,  1, 14,  2],
       [ 0,  1,  2,  0,  1,  4,  1],
       [ 0,  3,  0, -1, -1, -1,  3],
       [ 0,  3,  1,  1,  0,  0,  0],
       [ 0,  3,  2,  0,  1, 18,  2],
       [ 0,  5,  0,  0,  1, 21,  0],
       [ 0,  5,  1,  0,  1,  0,  3],
       [ 0,  5,  2, -1, -1, -1,  2],
       [ 1,  0,  0,  0,  1,  4,  3],
       [ 1,  0,  1,  2,  1, 15,  0],
       [ 1,  0,  2, -1, -1, -1,  2],
       [ 1,  0,  3,  0,  0,  5,  1],
       [ 1,  4,  0,  0,  1, 21,  3],
       [ 1,  4,  1,  0,  0,  1,  2],
       [ 1,  4,  2,  0,  1, 12,  3],
       [ 1,  4,  3,  0,  1,  0,  0],
       [ 1, 12,  0,  0,  1, 14,  1],
       [ 1, 12,  1,  2,  1,  1,  1],
       [ 1, 12,  2,  2,  1, 15,  1],
       [ 1, 12,  3,  0,  1,  4,  2],
       [ 1, 14,  0,  1,  1,  6,  1],
       [ 1, 14,  1,  0,  1, 12,  0],
       [ 1, 14,  2,  0,  0,  1,  1],
       [ 1, 14,  3,  0,  1, 18,  0],
       [ 1, 18,  0,  0,  1, 14,  3],
       [ 1, 18,  1,  0,  1, 19,  2],
       [ 1, 18,  2,  0,  0,  3,  2],
       [ 1, 18,  3,  1,  1,  7,  2],
       [ 1, 19,  0,  0,  1, 21,  2],
       [ 1, 19,  1, -1, -1, -1,  3],
       [ 1, 19,  2,  0,  1, 18,  1],
       [ 1, 19,  3,  0,  0,  1,  0],
       [ 1, 21,  0,  0,  0,  5,  0],
       [ 1, 21,  1, -1, -1, -1,  3],
       [ 1, 21,  2,  0,  1, 19,  0],
       [ 1, 21,  3,  0,  1,  4,  0]]),
        spts={'quad': array([[[0.83782797, 0.76479963],
        [0.7818017 , 0.58014363],
        [1.        , 0.75      ],
        [1.        , 0.5       ]],

       [[0.63002644, 0.6375102 ],
        [0.49592129, 0.49379152],
        [0.7818017 , 0.58014363],
        [0.68074413, 0.41970635]],

       [[0.38534186, 0.6857371 ],
        [0.49592129, 0.49379152],
        [0.52285327, 0.80110305],
        [0.63002644, 0.6375102 ]],

       [[0.38534186, 0.6857371 ],
        [0.52285327, 0.80110305],
        [0.32888457, 0.85398126],
        [0.5       , 1.        ]],

       [[0.83782797, 0.76479963],
        [0.71431293, 0.82270356],
        [0.7818017 , 0.58014363],
        [0.63002644, 0.6375102 ]],

       [[0.71431293, 0.82270356],
        [0.75      , 1.        ],
        [0.52285327, 0.80110305],
        [0.5       , 1.        ]],

       [[0.83782797, 0.76479963],
        [1.        , 1.        ],
        [0.71431293, 0.82270356],
        [0.75      , 1.        ]]]),
              'tri': array([[[0.5       , 1.        ],
        [0.25      , 1.        ],
        [0.32888457, 0.85398126]],

       [[0.71431293, 0.82270356],
        [0.52285327, 0.80110305],
        [0.63002644, 0.6375102 ]],

       [[1.        , 1.        ],
        [0.83782797, 0.76479963],
        [1.        , 0.75      ]]])},
        spts_nodes={'quad': array([[18, 28, 11, 10],
       [32, 31, 28, 29],
       [24, 31, 23, 32],
       [24, 23, 25, 14],
       [18, 19, 28, 32],
       [19, 13, 23, 14],
       [18, 12, 19, 13]]),
                    'tri': array([[14, 15, 25],
       [19, 23, 32],
       [12, 18, 11]])},
        spts_curved={'quad': array([False, False, False, False, False, False, False]),
                     'tri': array([False, False, False])},
        strict_geometry=True)
[Rank 0] Base totals  →  elems=30 conn-rows=112
[Rank 0] SubMesh(etypes=['quad', 'tri'],
        eidxs_base={'quad': array([ 0, 12, 14, 18,  4, 19, 21]),
                    'tri': array([3, 1, 5])},
        eidxs={'quad': array([ 0,  4, 12, 14, 18, 19, 21]),
               'tri': array([1, 3, 5])},
        conn=array([[ 0,  1,  0,  0,  1, 19,  3],
       [ 0,  1,  1,  0,  1, 14,  2],
       [ 0,  1,  2,  0,  1,  4,  1],
       [ 0,  3,  0, -1, -1, -1,  3],
       [ 0,  3,  1,  1,  0,  0,  0],
       [ 0,  3,  2,  0,  1, 18,  2],
       [ 0,  5,  0,  0,  1, 21,  0],
       [ 0,  5,  1,  0,  1,  0,  3],
       [ 0,  5,  2, -1, -1, -1,  2],
       [ 1,  0,  0,  0,  1,  4,  3],
       [ 1,  0,  1,  2,  1, 15,  0],
       [ 1,  0,  2, -1, -1, -1,  2],
       [ 1,  0,  3,  0,  0,  5,  1],
       [ 1,  4,  0,  0,  1, 21,  3],
       [ 1,  4,  1,  0,  0,  1,  2],
       [ 1,  4,  2,  0,  1, 12,  3],
       [ 1,  4,  3,  0,  1,  0,  0],
       [ 1, 12,  0,  0,  1, 14,  1],
       [ 1, 12,  1,  2,  1,  1,  1],
       [ 1, 12,  2,  2,  1, 15,  1],
       [ 1, 12,  3,  0,  1,  4,  2],
       [ 1, 14,  0,  1,  1,  6,  1],
       [ 1, 14,  1,  0,  1, 12,  0],
       [ 1, 14,  2,  0,  0,  1,  1],
       [ 1, 14,  3,  0,  1, 18,  0],
       [ 1, 18,  0,  0,  1, 14,  3],
       [ 1, 18,  1,  0,  1, 19,  2],
       [ 1, 18,  2,  0,  0,  3,  2],
       [ 1, 18,  3,  1,  1,  7,  2],
       [ 1, 19,  0,  0,  1, 21,  2],
       [ 1, 19,  1, -1, -1, -1,  3],
       [ 1, 19,  2,  0,  1, 18,  1],
       [ 1, 19,  3,  0,  0,  1,  0],
       [ 1, 21,  0,  0,  0,  5,  0],
       [ 1, 21,  1, -1, -1, -1,  3],
       [ 1, 21,  2,  0,  1, 19,  0],
       [ 1, 21,  3,  0,  1,  4,  0]]),
        spts={'quad': array([[[0.83782797, 0.76479963],
        [0.7818017 , 0.58014363],
        [1.        , 0.75      ],
        [1.        , 0.5       ]],

       [[0.63002644, 0.6375102 ],
        [0.49592129, 0.49379152],
        [0.7818017 , 0.58014363],
        [0.68074413, 0.41970635]],

       [[0.38534186, 0.6857371 ],
        [0.49592129, 0.49379152],
        [0.52285327, 0.80110305],
        [0.63002644, 0.6375102 ]],

       [[0.38534186, 0.6857371 ],
        [0.52285327, 0.80110305],
        [0.32888457, 0.85398126],
        [0.5       , 1.        ]],

       [[0.83782797, 0.76479963],
        [0.71431293, 0.82270356],
        [0.7818017 , 0.58014363],
        [0.63002644, 0.6375102 ]],

       [[0.71431293, 0.82270356],
        [0.75      , 1.        ],
        [0.52285327, 0.80110305],
        [0.5       , 1.        ]],

       [[0.83782797, 0.76479963],
        [1.        , 1.        ],
        [0.71431293, 0.82270356],
        [0.75      , 1.        ]]]),
              'tri': array([[[0.5       , 1.        ],
        [0.25      , 1.        ],
        [0.32888457, 0.85398126]],

       [[0.71431293, 0.82270356],
        [0.52285327, 0.80110305],
        [0.63002644, 0.6375102 ]],

       [[1.        , 1.        ],
        [0.83782797, 0.76479963],
        [1.        , 0.75      ]]])},
        spts_nodes={'quad': array([[18, 28, 11, 10],
       [32, 31, 28, 29],
       [24, 31, 23, 32],
       [24, 23, 25, 14],
       [18, 19, 28, 32],
       [19, 13, 23, 14],
       [18, 12, 19, 13]]),
                    'tri': array([[14, 15, 25],
       [19, 23, 32],
       [12, 18, 11]])},
        spts_curved={'quad': array([False, False, False, False, False, False, False]),
                     'tri': array([False, False, False])},
        strict_geometry=True)
[Rank 0] Base totals  →  elems=30 conn-rows=112
[Rank 0] SubMesh(etypes=['quad', 'tri'],
        eidxs_base={'quad': array([ 0, 12, 14, 18,  4, 19, 21]),
                    'tri': array([3, 1, 5])},
        eidxs={'quad': array([ 0,  4, 12, 14, 18, 19, 21]),
               'tri': array([1, 3, 5])},
        conn=array([[ 0,  1,  0,  0,  1, 19,  3],
       [ 0,  1,  1,  0,  1, 14,  2],
       [ 0,  1,  2,  0,  1,  4,  1],
       [ 0,  3,  0, -1, -1, -1,  3],
       [ 0,  3,  1,  1,  0,  0,  0],
       [ 0,  3,  2,  0,  1, 18,  2],
       [ 0,  5,  0,  0,  1, 21,  0],
       [ 0,  5,  1,  0,  1,  0,  3],
       [ 0,  5,  2, -1, -1, -1,  2],
       [ 1,  0,  0,  0,  1,  4,  3],
       [ 1,  0,  1,  2,  1, 15,  0],
       [ 1,  0,  2, -1, -1, -1,  2],
       [ 1,  0,  3,  0,  0,  5,  1],
       [ 1,  4,  0,  0,  1, 21,  3],
       [ 1,  4,  1,  0,  0,  1,  2],
       [ 1,  4,  2,  0,  1, 12,  3],
       [ 1,  4,  3,  0,  1,  0,  0],
       [ 1, 12,  0,  0,  1, 14,  1],
       [ 1, 12,  1,  2,  1,  1,  1],
       [ 1, 12,  2,  2,  1, 15,  1],
       [ 1, 12,  3,  0,  1,  4,  2],
       [ 1, 14,  0,  1,  1,  6,  1],
       [ 1, 14,  1,  0,  1, 12,  0],
       [ 1, 14,  2,  0,  0,  1,  1],
       [ 1, 14,  3,  0,  1, 18,  0],
       [ 1, 18,  0,  0,  1, 14,  3],
       [ 1, 18,  1,  0,  1, 19,  2],
       [ 1, 18,  2,  0,  0,  3,  2],
       [ 1, 18,  3,  1,  1,  7,  2],
       [ 1, 19,  0,  0,  1, 21,  2],
       [ 1, 19,  1, -1, -1, -1,  3],
       [ 1, 19,  2,  0,  1, 18,  1],
       [ 1, 19,  3,  0,  0,  1,  0],
       [ 1, 21,  0,  0,  0,  5,  0],
       [ 1, 21,  1, -1, -1, -1,  3],
       [ 1, 21,  2,  0,  1, 19,  0],
       [ 1, 21,  3,  0,  1,  4,  0]]),
        spts={'quad': array([[[0.83782797, 0.76479963],
        [0.7818017 , 0.58014363],
        [1.        , 0.75      ],
        [1.        , 0.5       ]],

       [[0.63002644, 0.6375102 ],
        [0.49592129, 0.49379152],
        [0.7818017 , 0.58014363],
        [0.68074413, 0.41970635]],

       [[0.38534186, 0.6857371 ],
        [0.49592129, 0.49379152],
        [0.52285327, 0.80110305],
        [0.63002644, 0.6375102 ]],

       [[0.38534186, 0.6857371 ],
        [0.52285327, 0.80110305],
        [0.32888457, 0.85398126],
        [0.5       , 1.        ]],

       [[0.83782797, 0.76479963],
        [0.71431293, 0.82270356],
        [0.7818017 , 0.58014363],
        [0.63002644, 0.6375102 ]],

       [[0.71431293, 0.82270356],
        [0.75      , 1.        ],
        [0.52285327, 0.80110305],
        [0.5       , 1.        ]],

       [[0.83782797, 0.76479963],
        [1.        , 1.        ],
        [0.71431293, 0.82270356],
        [0.75      , 1.        ]]]),
              'tri': array([[[0.5       , 1.        ],
        [0.25      , 1.        ],
        [0.32888457, 0.85398126]],

       [[0.71431293, 0.82270356],
        [0.52285327, 0.80110305],
        [0.63002644, 0.6375102 ]],

       [[1.        , 1.        ],
        [0.83782797, 0.76479963],
        [1.        , 0.75      ]]])},
        spts_nodes={'quad': array([[18, 28, 11, 10],
       [32, 31, 28, 29],
       [24, 31, 23, 32],
       [24, 23, 25, 14],
       [18, 19, 28, 32],
       [19, 13, 23, 14],
       [18, 12, 19, 13]]),
                    'tri': array([[14, 15, 25],
       [19, 23, 32],
       [12, 18, 11]])},
        spts_curved={'quad': array([False, False, False, False, False, False, False]),
                     'tri': array([False, False, False])},
        strict_geometry=True)
[Rank 0] Base totals  →  elems=30 conn-rows=112
[Rank 0] Base totals  →  elems=30 conn-rows=112
[Rank 0] Base totals  →  elems=30 conn-rows=112
[Rank 0] SubMesh(etypes=['quad', 'tri'],
        eidxs_base={'quad': array([ 0, 12, 14, 18,  4, 19, 21]),
                    'tri': array([3, 1, 5])},
        eidxs={'quad': array([ 0,  4, 12, 14, 18, 19, 21]),
               'tri': array([1, 3, 5])},
        conn=array([[ 0,  1,  0,  0,  1, 19,  3],
       [ 0,  1,  1,  0,  1, 14,  2],
       [ 0,  1,  2,  0,  1,  4,  1],
       [ 0,  3,  0, -1, -1, -1,  3],
       [ 0,  3,  1,  1,  0,  0,  0],
       [ 0,  3,  2,  0,  1, 18,  2],
       [ 0,  5,  0,  0,  1, 21,  0],
       [ 0,  5,  1,  0,  1,  0,  3],
       [ 0,  5,  2, -1, -1, -1,  2],
       [ 1,  0,  0,  0,  1,  4,  3],
       [ 1,  0,  1,  2,  1, 15,  0],
       [ 1,  0,  2, -1, -1, -1,  2],
       [ 1,  0,  3,  0,  0,  5,  1],
       [ 1,  4,  0,  0,  1, 21,  3],
       [ 1,  4,  1,  0,  0,  1,  2],
       [ 1,  4,  2,  0,  1, 12,  3],
       [ 1,  4,  3,  0,  1,  0,  0],
       [ 1, 12,  0,  0,  1, 14,  1],
       [ 1, 12,  1,  2,  1,  1,  1],
       [ 1, 12,  2,  2,  1, 15,  1],
       [ 1, 12,  3,  0,  1,  4,  2],
       [ 1, 14,  0,  1,  1,  6,  1],
       [ 1, 14,  1,  0,  1, 12,  0],
       [ 1, 14,  2,  0,  0,  1,  1],
       [ 1, 14,  3,  0,  1, 18,  0],
       [ 1, 18,  0,  0,  1, 14,  3],
       [ 1, 18,  1,  0,  1, 19,  2],
       [ 1, 18,  2,  0,  0,  3,  2],
       [ 1, 18,  3,  1,  1,  7,  2],
       [ 1, 19,  0,  0,  1, 21,  2],
       [ 1, 19,  1, -1, -1, -1,  3],
       [ 1, 19,  2,  0,  1, 18,  1],
       [ 1, 19,  3,  0,  0,  1,  0],
       [ 1, 21,  0,  0,  0,  5,  0],
       [ 1, 21,  1, -1, -1, -1,  3],
       [ 1, 21,  2,  0,  1, 19,  0],
       [ 1, 21,  3,  0,  1,  4,  0]]),
        spts={'quad': array([[[0.83782797, 0.76479963],
        [0.7818017 , 0.58014363],
        [1.        , 0.75      ],
        [1.        , 0.5       ]],

       [[0.63002644, 0.6375102 ],
        [0.49592129, 0.49379152],
        [0.7818017 , 0.58014363],
        [0.68074413, 0.41970635]],

       [[0.38534186, 0.6857371 ],
        [0.49592129, 0.49379152],
        [0.52285327, 0.80110305],
        [0.63002644, 0.6375102 ]],

       [[0.38534186, 0.6857371 ],
        [0.52285327, 0.80110305],
        [0.32888457, 0.85398126],
        [0.5       , 1.        ]],

       [[0.83782797, 0.76479963],
        [0.71431293, 0.82270356],
        [0.7818017 , 0.58014363],
        [0.63002644, 0.6375102 ]],

       [[0.71431293, 0.82270356],
        [0.75      , 1.        ],
        [0.52285327, 0.80110305],
        [0.5       , 1.        ]],

       [[0.83782797, 0.76479963],
        [1.        , 1.        ],
        [0.71431293, 0.82270356],
        [0.75      , 1.        ]]]),
              'tri': array([[[0.5       , 1.        ],
        [0.25      , 1.        ],
        [0.32888457, 0.85398126]],

       [[0.71431293, 0.82270356],
        [0.52285327, 0.80110305],
        [0.63002644, 0.6375102 ]],

       [[1.        , 1.        ],
        [0.83782797, 0.76479963],
        [1.        , 0.75      ]]])},
        spts_nodes={'quad': array([[18, 28, 11, 10],
       [32, 31, 28, 29],
       [24, 31, 23, 32],
       [24, 23, 25, 14],
       [18, 19, 28, 32],
       [19, 13, 23, 14],
       [18, 12, 19, 13]]),
                    'tri': array([[14, 15, 25],
       [19, 23, 32],
       [12, 18, 11]])},
        spts_curved={'quad': array([False, False, False, False, False, False, False]),
                     'tri': array([False, False, False])},
        strict_geometry=True)
[Rank 0] Base totals  →  elems=30 conn-rows=112
[Rank 0] SubMesh(etypes=['quad', 'tri'],
        eidxs_base={'quad': array([ 0, 12, 14, 18,  4, 19, 21]),
                    'tri': array([3, 1, 5])},
        eidxs={'quad': array([ 0,  4, 12, 14, 18, 19, 21]),
               'tri': array([1, 3, 5])},
        conn=array([[ 0,  1,  0,  0,  1, 19,  3],
       [ 0,  1,  1,  0,  1, 14,  2],
       [ 0,  1,  2,  0,  1,  4,  1],
       [ 0,  3,  0, -1, -1, -1,  3],
       [ 0,  3,  1,  1,  0,  0,  0],
       [ 0,  3,  2,  0,  1, 18,  2],
       [ 0,  5,  0,  0,  1, 21,  0],
       [ 0,  5,  1,  0,  1,  0,  3],
       [ 0,  5,  2, -1, -1, -1,  2],
       [ 1,  0,  0,  0,  1,  4,  3],
       [ 1,  0,  1,  2,  1, 15,  0],
       [ 1,  0,  2, -1, -1, -1,  2],
       [ 1,  0,  3,  0,  0,  5,  1],
       [ 1,  4,  0,  0,  1, 21,  3],
       [ 1,  4,  1,  0,  0,  1,  2],
       [ 1,  4,  2,  0,  1, 12,  3],
       [ 1,  4,  3,  0,  1,  0,  0],
       [ 1, 12,  0,  0,  1, 14,  1],
       [ 1, 12,  1,  2,  1,  1,  1],
       [ 1, 12,  2,  2,  1, 15,  1],
       [ 1, 12,  3,  0,  1,  4,  2],
       [ 1, 14,  0,  1,  1,  6,  1],
       [ 1, 14,  1,  0,  1, 12,  0],
       [ 1, 14,  2,  0,  0,  1,  1],
       [ 1, 14,  3,  0,  1, 18,  0],
       [ 1, 18,  0,  0,  1, 14,  3],
       [ 1, 18,  1,  0,  1, 19,  2],
       [ 1, 18,  2,  0,  0,  3,  2],
       [ 1, 18,  3,  1,  1,  7,  2],
       [ 1, 19,  0,  0,  1, 21,  2],
       [ 1, 19,  1, -1, -1, -1,  3],
       [ 1, 19,  2,  0,  1, 18,  1],
       [ 1, 19,  3,  0,  0,  1,  0],
       [ 1, 21,  0,  0,  0,  5,  0],
       [ 1, 21,  1, -1, -1, -1,  3],
       [ 1, 21,  2,  0,  1, 19,  0],
       [ 1, 21,  3,  0,  1,  4,  0]]),
        spts={'quad': array([[[0.83782797, 0.76479963],
        [0.7818017 , 0.58014363],
        [1.        , 0.75      ],
        [1.        , 0.5       ]],

       [[0.63002644, 0.6375102 ],
        [0.49592129, 0.49379152],
        [0.7818017 , 0.58014363],
        [0.68074413, 0.41970635]],

       [[0.38534186, 0.6857371 ],
        [0.49592129, 0.49379152],
        [0.52285327, 0.80110305],
        [0.63002644, 0.6375102 ]],

       [[0.38534186, 0.6857371 ],
        [0.52285327, 0.80110305],
        [0.32888457, 0.85398126],
        [0.5       , 1.        ]],

       [[0.83782797, 0.76479963],
        [0.71431293, 0.82270356],
        [0.7818017 , 0.58014363],
        [0.63002644, 0.6375102 ]],

       [[0.71431293, 0.82270356],
        [0.75      , 1.        ],
        [0.52285327, 0.80110305],
        [0.5       , 1.        ]],

       [[0.83782797, 0.76479963],
        [1.        , 1.        ],
        [0.71431293, 0.82270356],
        [0.75      , 1.        ]]]),
              'tri': array([[[0.5       , 1.        ],
        [0.25      , 1.        ],
        [0.32888457, 0.85398126]],

       [[0.71431293, 0.82270356],
        [0.52285327, 0.80110305],
        [0.63002644, 0.6375102 ]],

       [[1.        , 1.        ],
        [0.83782797, 0.76479963],
        [1.        , 0.75      ]]])},
        spts_nodes={'quad': array([[18, 28, 11, 10],
       [32, 31, 28, 29],
       [24, 31, 23, 32],
       [24, 23, 25, 14],
       [18, 19, 28, 32],
       [19, 13, 23, 14],
       [18, 12, 19, 13]]),
                    'tri': array([[14, 15, 25],
       [19, 23, 32],
       [12, 18, 11]])},
        spts_curved={'quad': array([False, False, False, False, False, False, False]),
                     'tri': array([False, False, False])},
        strict_geometry=True,
        arrays={'spts': {'quad': array([[[0.83782797, 0.76479963],
        [0.7818017 , 0.58014363],
        [1.        , 0.75      ],
        [1.        , 0.5       ]],

       [[0.63002644, 0.6375102 ],
        [0.49592129, 0.49379152],
        [0.7818017 , 0.58014363],
        [0.68074413, 0.41970635]],

       [[0.38534186, 0.6857371 ],
        [0.49592129, 0.49379152],
        [0.52285327, 0.80110305],
        [0.63002644, 0.6375102 ]],

       [[0.38534186, 0.6857371 ],
        [0.52285327, 0.80110305],
        [0.32888457, 0.85398126],
        [0.5       , 1.        ]],

       [[0.83782797, 0.76479963],
        [0.71431293, 0.82270356],
        [0.7818017 , 0.58014363],
        [0.63002644, 0.6375102 ]],

       [[0.71431293, 0.82270356],
        [0.75      , 1.        ],
        [0.52285327, 0.80110305],
        [0.5       , 1.        ]],

       [[0.83782797, 0.76479963],
        [1.        , 1.        ],
        [0.71431293, 0.82270356],
        [0.75      , 1.        ]]]),
                         'tri': array([[[0.5       , 1.        ],
        [0.25      , 1.        ],
        [0.32888457, 0.85398126]],

       [[0.71431293, 0.82270356],
        [0.52285327, 0.80110305],
        [0.63002644, 0.6375102 ]],

       [[1.        , 1.        ],
        [0.83782797, 0.76479963],
        [1.        , 0.75      ]]])},
                'spts_curved': {'quad': array([False, False, False, False, False, False, False]),
                                'tri': array([False, False, False])},
                'spts_nodes': {'quad': array([[18, 28, 11, 10],
       [32, 31, 28, 29],
       [24, 31, 23, 32],
       [24, 23, 25, 14],
       [18, 19, 28, 32],
       [19, 13, 23, 14],
       [18, 12, 19, 13]]),
                               'tri': array([[14, 15, 25],
       [19, 23, 32],
       [12, 18, 11]])}},
        _ary_edim={'spts': 1, 'spts_curved': 0, 'spts_nodes': 0})
[Rank 0] Base totals  →  elems=30 conn-rows=112
[Rank 0] Base totals  →  elems=30 conn-rows=112
[Rank 0] Base totals  →  elems=30 conn-rows=112
[Rank 0] SubMesh(etypes=['quad', 'tri'],
        eidxs_base={'quad': array([ 0, 12, 14, 18,  4, 19, 21]),
                    'tri': array([3, 1, 5])},
        eidxs={'quad': array([ 0,  4, 12, 14, 18, 19, 21]),
               'tri': array([1, 3, 5])},
        conn=array([[ 0,  1,  0,  0,  1, 19,  3],
       [ 0,  1,  1,  0,  1, 14,  2],
       [ 0,  1,  2,  0,  1,  4,  1],
       [ 0,  3,  0, -1, -1, -1,  3],
       [ 0,  3,  1,  1,  0,  0,  0],
       [ 0,  3,  2,  0,  1, 18,  2],
       [ 0,  5,  0,  0,  1, 21,  0],
       [ 0,  5,  1,  0,  1,  0,  3],
       [ 0,  5,  2, -1, -1, -1,  2],
       [ 1,  0,  0,  0,  1,  4,  3],
       [ 1,  0,  1,  2,  1, 15,  0],
       [ 1,  0,  2, -1, -1, -1,  2],
       [ 1,  0,  3,  0,  0,  5,  1],
       [ 1,  4,  0,  0,  1, 21,  3],
       [ 1,  4,  1,  0,  0,  1,  2],
       [ 1,  4,  2,  0,  1, 12,  3],
       [ 1,  4,  3,  0,  1,  0,  0],
       [ 1, 12,  0,  0,  1, 14,  1],
       [ 1, 12,  1,  2,  1,  1,  1],
       [ 1, 12,  2,  2,  1, 15,  1],
       [ 1, 12,  3,  0,  1,  4,  2],
       [ 1, 14,  0,  1,  1,  6,  1],
       [ 1, 14,  1,  0,  1, 12,  0],
       [ 1, 14,  2,  0,  0,  1,  1],
       [ 1, 14,  3,  0,  1, 18,  0],
       [ 1, 18,  0,  0,  1, 14,  3],
       [ 1, 18,  1,  0,  1, 19,  2],
       [ 1, 18,  2,  0,  0,  3,  2],
       [ 1, 18,  3,  1,  1,  7,  2],
       [ 1, 19,  0,  0,  1, 21,  2],
       [ 1, 19,  1, -1, -1, -1,  3],
       [ 1, 19,  2,  0,  1, 18,  1],
       [ 1, 19,  3,  0,  0,  1,  0],
       [ 1, 21,  0,  0,  0,  5,  0],
       [ 1, 21,  1, -1, -1, -1,  3],
       [ 1, 21,  2,  0,  1, 19,  0],
       [ 1, 21,  3,  0,  1,  4,  0]]),
        spts={'quad': array([[[0.83782797, 0.76479963],
        [0.7818017 , 0.58014363],
        [1.        , 0.75      ],
        [1.        , 0.5       ]],

       [[0.63002644, 0.6375102 ],
        [0.49592129, 0.49379152],
        [0.7818017 , 0.58014363],
        [0.68074413, 0.41970635]],

       [[0.38534186, 0.6857371 ],
        [0.49592129, 0.49379152],
        [0.52285327, 0.80110305],
        [0.63002644, 0.6375102 ]],

       [[0.38534186, 0.6857371 ],
        [0.52285327, 0.80110305],
        [0.32888457, 0.85398126],
        [0.5       , 1.        ]],

       [[0.83782797, 0.76479963],
        [0.71431293, 0.82270356],
        [0.7818017 , 0.58014363],
        [0.63002644, 0.6375102 ]],

       [[0.71431293, 0.82270356],
        [0.75      , 1.        ],
        [0.52285327, 0.80110305],
        [0.5       , 1.        ]],

       [[0.83782797, 0.76479963],
        [1.        , 1.        ],
        [0.71431293, 0.82270356],
        [0.75      , 1.        ]]]),
              'tri': array([[[0.5       , 1.        ],
        [0.25      , 1.        ],
        [0.32888457, 0.85398126]],

       [[0.71431293, 0.82270356],
        [0.52285327, 0.80110305],
        [0.63002644, 0.6375102 ]],

       [[1.        , 1.        ],
        [0.83782797, 0.76479963],
        [1.        , 0.75      ]]])},
        spts_nodes={'quad': array([[18, 28, 11, 10],
       [32, 31, 28, 29],
       [24, 31, 23, 32],
       [24, 23, 25, 14],
       [18, 19, 28, 32],
       [19, 13, 23, 14],
       [18, 12, 19, 13]]),
                    'tri': array([[14, 15, 25],
       [19, 23, 32],
       [12, 18, 11]])},
        spts_curved={'quad': array([False, False, False, False, False, False, False]),
                     'tri': array([False, False, False])},
        strict_geometry=True)
[Rank 0] Base totals  →  elems=30 conn-rows=112
[Rank 0] SubMesh(etypes=['quad', 'tri'],
        eidxs_base={'quad': array([ 0, 12, 14, 18,  4, 19, 21]),
                    'tri': array([3, 1, 5])},
        eidxs={'quad': array([ 0,  4, 12, 14, 18, 19, 21]),
               'tri': array([1, 3, 5])},
        conn=array([[ 0,  1,  0,  0,  1, 19,  3],
       [ 0,  1,  1,  0,  1, 14,  2],
       [ 0,  1,  2,  0,  1,  4,  1],
       [ 0,  3,  0, -1, -1, -1,  3],
       [ 0,  3,  1,  1,  0,  0,  0],
       [ 0,  3,  2,  0,  1, 18,  2],
       [ 0,  5,  0,  0,  1, 21,  0],
       [ 0,  5,  1,  0,  1,  0,  3],
       [ 0,  5,  2, -1, -1, -1,  2],
       [ 1,  0,  0,  0,  1,  4,  3],
       [ 1,  0,  1,  2,  1, 15,  0],
       [ 1,  0,  2, -1, -1, -1,  2],
       [ 1,  0,  3,  0,  0,  5,  1],
       [ 1,  4,  0,  0,  1, 21,  3],
       [ 1,  4,  1,  0,  0,  1,  2],
       [ 1,  4,  2,  0,  1, 12,  3],
       [ 1,  4,  3,  0,  1,  0,  0],
       [ 1, 12,  0,  0,  1, 14,  1],
       [ 1, 12,  1,  2,  1,  1,  1],
       [ 1, 12,  2,  2,  1, 15,  1],
       [ 1, 12,  3,  0,  1,  4,  2],
       [ 1, 14,  0,  1,  1,  6,  1],
       [ 1, 14,  1,  0,  1, 12,  0],
       [ 1, 14,  2,  0,  0,  1,  1],
       [ 1, 14,  3,  0,  1, 18,  0],
       [ 1, 18,  0,  0,  1, 14,  3],
       [ 1, 18,  1,  0,  1, 19,  2],
       [ 1, 18,  2,  0,  0,  3,  2],
       [ 1, 18,  3,  1,  1,  7,  2],
       [ 1, 19,  0,  0,  1, 21,  2],
       [ 1, 19,  1, -1, -1, -1,  3],
       [ 1, 19,  2,  0,  1, 18,  1],
       [ 1, 19,  3,  0,  0,  1,  0],
       [ 1, 21,  0,  0,  0,  5,  0],
       [ 1, 21,  1, -1, -1, -1,  3],
       [ 1, 21,  2,  0,  1, 19,  0],
       [ 1, 21,  3,  0,  1,  4,  0]]),
        spts={'quad': array([[[0.83782797, 0.76479963],
        [0.7818017 , 0.58014363],
        [1.        , 0.75      ],
        [1.        , 0.5       ]],

       [[0.63002644, 0.6375102 ],
        [0.49592129, 0.49379152],
        [0.7818017 , 0.58014363],
        [0.68074413, 0.41970635]],

       [[0.38534186, 0.6857371 ],
        [0.49592129, 0.49379152],
        [0.52285327, 0.80110305],
        [0.63002644, 0.6375102 ]],

       [[0.38534186, 0.6857371 ],
        [0.52285327, 0.80110305],
        [0.32888457, 0.85398126],
        [0.5       , 1.        ]],

       [[0.83782797, 0.76479963],
        [0.71431293, 0.82270356],
        [0.7818017 , 0.58014363],
        [0.63002644, 0.6375102 ]],

       [[0.71431293, 0.82270356],
        [0.75      , 1.        ],
        [0.52285327, 0.80110305],
        [0.5       , 1.        ]],

       [[0.83782797, 0.76479963],
        [1.        , 1.        ],
        [0.71431293, 0.82270356],
        [0.75      , 1.        ]]]),
              'tri': array([[[0.5       , 1.        ],
        [0.25      , 1.        ],
        [0.32888457, 0.85398126]],

       [[0.71431293, 0.82270356],
        [0.52285327, 0.80110305],
        [0.63002644, 0.6375102 ]],

       [[1.        , 1.        ],
        [0.83782797, 0.76479963],
        [1.        , 0.75      ]]])},
        spts_nodes={'quad': array([[18, 28, 11, 10],
       [32, 31, 28, 29],
       [24, 31, 23, 32],
       [24, 23, 25, 14],
       [18, 19, 28, 32],
       [19, 13, 23, 14],
       [18, 12, 19, 13]]),
                    'tri': array([[14, 15, 25],
       [19, 23, 32],
       [12, 18, 11]])},
        spts_curved={'quad': array([False, False, False, False, False, False, False]),
                     'tri': array([False, False, False])},
        strict_geometry=True)
[Rank 0] SubMesh(etypes=['quad', 'tri'],
        eidxs_base={'quad': array([ 0, 12, 14, 18,  4, 19, 21]),
                    'tri': array([3, 1, 5])},
        eidxs={'quad': array([ 0,  4, 12, 14, 18, 19, 21]),
               'tri': array([1, 3, 5])},
        conn=array([[ 0,  1,  0,  0,  1, 19,  3],
       [ 0,  1,  1,  0,  1, 14,  2],
       [ 0,  1,  2,  0,  1,  4,  1],
       [ 0,  3,  0, -1, -1, -1,  3],
       [ 0,  3,  1,  1,  0,  0,  0],
       [ 0,  3,  2,  0,  1, 18,  2],
       [ 0,  5,  0,  0,  1, 21,  0],
       [ 0,  5,  1,  0,  1,  0,  3],
       [ 0,  5,  2, -1, -1, -1,  2],
       [ 1,  0,  0,  0,  1,  4,  3],
       [ 1,  0,  1,  2,  1, 15,  0],
       [ 1,  0,  2, -1, -1, -1,  2],
       [ 1,  0,  3,  0,  0,  5,  1],
       [ 1,  4,  0,  0,  1, 21,  3],
       [ 1,  4,  1,  0,  0,  1,  2],
       [ 1,  4,  2,  0,  1, 12,  3],
       [ 1,  4,  3,  0,  1,  0,  0],
       [ 1, 12,  0,  0,  1, 14,  1],
       [ 1, 12,  1,  1,  1,  1,  1],
       [ 1, 12,  2,  2,  1, 15,  1],
       [ 1, 12,  3,  0,  1,  4,  2],
       [ 1, 14,  0,  1,  1,  6,  1],
       [ 1, 14,  1,  0,  1, 12,  0],
       [ 1, 14,  2,  0,  0,  1,  1],
       [ 1, 14,  3,  0,  1, 18,  0],
       [ 1, 18,  0,  0,  1, 14,  3],
       [ 1, 18,  1,  0,  1, 19,  2],
       [ 1, 18,  2,  0,  0,  3,  2],
       [ 1, 18,  3,  1,  1,  7,  2],
       [ 1, 19,  0,  0,  1, 21,  2],
       [ 1, 19,  1, -1, -1, -1,  3],
       [ 1, 19,  2,  0,  1, 18,  1],
       [ 1, 19,  3,  0,  0,  1,  0],
       [ 1, 21,  0,  0,  0,  5,  0],
       [ 1, 21,  1, -1, -1, -1,  3],
       [ 1, 21,  2,  0,  1, 19,  0],
       [ 1, 21,  3,  0,  1,  4,  0]]),
        spts={'quad': array([[[0.83782797, 0.76479963],
        [0.7818017 , 0.58014363],
        [1.        , 0.75      ],
        [1.        , 0.5       ]],

       [[0.63002644, 0.6375102 ],
        [0.49592129, 0.49379152],
        [0.7818017 , 0.58014363],
        [0.68074413, 0.41970635]],

       [[0.38534186, 0.6857371 ],
        [0.49592129, 0.49379152],
        [0.52285327, 0.80110305],
        [0.63002644, 0.6375102 ]],

       [[0.38534186, 0.6857371 ],
        [0.52285327, 0.80110305],
        [0.32888457, 0.85398126],
        [0.5       , 1.        ]],

       [[0.83782797, 0.76479963],
        [0.71431293, 0.82270356],
        [0.7818017 , 0.58014363],
        [0.63002644, 0.6375102 ]],

       [[0.71431293, 0.82270356],
        [0.75      , 1.        ],
        [0.52285327, 0.80110305],
        [0.5       , 1.        ]],

       [[0.83782797, 0.76479963],
        [1.        , 1.        ],
        [0.71431293, 0.82270356],
        [0.75      , 1.        ]]]),
              'tri': array([[[0.5       , 1.        ],
        [0.25      , 1.        ],
        [0.32888457, 0.85398126]],

       [[0.71431293, 0.82270356],
        [0.52285327, 0.80110305],
        [0.63002644, 0.6375102 ]],

       [[1.        , 1.        ],
        [0.83782797, 0.76479963],
        [1.        , 0.75      ]]])},
        spts_nodes={'quad': array([[18, 28, 11, 10],
       [32, 31, 28, 29],
       [24, 31, 23, 32],
       [24, 23, 25, 14],
       [18, 19, 28, 32],
       [19, 13, 23, 14],
       [18, 12, 19, 13]]),
                    'tri': array([[14, 15, 25],
       [19, 23, 32],
       [12, 18, 11]])},
        spts_curved={'quad': array([False, False, False, False, False, False, False]),
                     'tri': array([False, False, False])},
        strict_geometry=True)
[Rank 0] Base totals  →  elems=30 conn-rows=112
[Rank 0] Base totals  →  elems=30 conn-rows=112
[Rank 0] Base totals  →  elems=30 conn-rows=112
[Rank 0] Base totals  →  elems=30 conn-rows=112
[Rank 0] Base totals  →  elems=30 conn-rows=112
[Rank 0] Base totals  →  elems=30 conn-rows=112
[Rank 0] Base totals  →  elems=30 conn-rows=112
[Rank 0] Base totals  →  elems=30 conn-rows=112
[Rank 0] Base totals  →  elems=30 conn-rows=112
[Rank 0] Base totals  →  elems=30 conn-rows=112
[Rank 0] Base totals  →  elems=30 conn-rows=112
[Rank 0] Base totals  →  elems=30 conn-rows=112
[Rank 0] Base totals  →  elems=30 conn-rows=112
[Rank 0] Base totals  →  elems=30 conn-rows=112
[Rank 0] Base totals  →  elems=30 conn-rows=112
[Rank 0] Base totals  →  elems=30 conn-rows=112
[Rank 0] Base totals  →  elems=30 conn-rows=112
[Rank 0] Base totals  →  elems=30 conn-rows=112
[Rank 0] Base totals  →  elems=30 conn-rows=112
[Rank 0] Base totals  →  elems=30 conn-rows=112
[Rank 0] Base totals  →  elems=30 conn-rows=112
[Rank 0] Base totals  →  elems=30 conn-rows=112
[Rank 0] Base totals  →  elems=30 conn-rows=112
[Rank 0] Base totals  →  elems=30 conn-rows=112
[Rank 0] Base totals  →  elems=30 conn-rows=112
[Rank 0] Base totals  →  elems=30 conn-rows=112
[Rank 0] Base totals  →  elems=30 conn-rows=112
[Rank 0] SubMesh(etypes=['quad', 'tri'],
        eidxs_base={'quad': array([ 0, 12, 14, 18,  4, 19, 21]),
                    'tri': array([3, 1, 5])},
        eidxs={'quad': array([ 0, 12, 14, 18,  4, 19, 21]),
               'tri': array([3, 1, 5])},
        conn=array([[ 0,  1,  0,  0,  1, 19,  3],
       [ 0,  1,  1,  0,  1, 14,  2],
       [ 0,  1,  2,  0,  1,  4,  1],
       [ 0,  3,  0, -1, -1, -1,  3],
       [ 0,  3,  1,  1,  0,  0,  0],
       [ 0,  3,  2,  0,  1, 18,  2],
       [ 0,  5,  0,  0,  1, 21,  0],
       [ 0,  5,  1,  0,  1,  0,  3],
       [ 0,  5,  2, -1, -1, -1,  2],
       [ 1,  0,  0,  0,  1,  4,  3],
       [ 1,  0,  1,  2,  1, 15,  0],
       [ 1,  0,  2, -1, -1, -1,  2],
       [ 1,  0,  3,  0,  0,  5,  1],
       [ 1,  4,  0,  0,  1, 21,  3],
       [ 1,  4,  1,  0,  0,  1,  2],
       [ 1,  4,  2,  0,  1, 12,  3],
       [ 1,  4,  3,  0,  1,  0,  0],
       [ 1, 12,  0,  0,  1, 14,  1],
       [ 1, 12,  1,  2,  1,  1,  1],
       [ 1, 12,  2,  2,  1, 15,  1],
       [ 1, 12,  3,  0,  1,  4,  2],
       [ 1, 14,  0,  1,  1,  6,  1],
       [ 1, 14,  1,  0,  1, 12,  0],
       [ 1, 14,  2,  0,  0,  1,  1],
       [ 1, 14,  3,  0,  1, 18,  0],
       [ 1, 18,  0,  0,  1, 14,  3],
       [ 1, 18,  1,  0,  1, 19,  2],
       [ 1, 18,  2,  0,  0,  3,  2],
       [ 1, 18,  3,  1,  1,  7,  2],
       [ 1, 19,  0,  0,  1, 21,  2],
       [ 1, 19,  1, -1, -1, -1,  3],
       [ 1, 19,  2,  0,  1, 18,  1],
       [ 1, 19,  3,  0,  0,  1,  0],
       [ 1, 21,  0,  0,  0,  5,  0],
       [ 1, 21,  1, -1, -1, -1,  3],
       [ 1, 21,  2,  0,  1, 19,  0],
       [ 1, 21,  3,  0,  1,  4,  0]]),
        strict_geometry=True)
[Rank 0] SubMesh(etypes=['quad', 'tri'],
        eidxs_base={'quad': array([ 0, 12, 14, 18,  4, 19, 21]),
                    'tri': array([3, 1, 5])},
        eidxs={'quad': array([ 0,  4, 12, 14, 18, 19, 21]),
               'tri': array([1, 3, 5])},
        conn=array([[ 0,  1,  0,  0,  1, 19,  3],
       [ 0,  1,  1,  0,  1, 14,  2],
       [ 0,  1,  2,  0,  1,  4,  1],
       [ 0,  3,  0, -1, -1, -1,  3],
       [ 0,  3,  1,  1,  0,  0,  0],
       [ 0,  3,  2,  0,  1, 18,  2],
       [ 0,  5,  0,  0,  1, 21,  0],
       [ 0,  5,  1,  0,  1,  0,  3],
       [ 0,  5,  2, -1, -1, -1,  2],
       [ 1,  0,  0,  0,  1,  4,  3],
       [ 1,  0,  1,  2,  1, 15,  0],
       [ 1,  0,  2, -1, -1, -1,  2],
       [ 1,  0,  3,  0,  0,  5,  1],
       [ 1,  4,  0,  0,  1, 21,  3],
       [ 1,  4,  1,  0,  0,  1,  2],
       [ 1,  4,  2,  0,  1, 12,  3],
       [ 1,  4,  3,  0,  1,  0,  0],
       [ 1, 12,  0,  0,  1, 14,  1],
       [ 1, 12,  1,  2,  1,  1,  1],
       [ 1, 12,  2,  2,  1, 15,  1],
       [ 1, 12,  3,  0,  1,  4,  2],
       [ 1, 14,  0,  1,  1,  6,  1],
       [ 1, 14,  1,  0,  1, 12,  0],
       [ 1, 14,  2,  0,  0,  1,  1],
       [ 1, 14,  3,  0,  1, 18,  0],
       [ 1, 18,  0,  0,  1, 14,  3],
       [ 1, 18,  1,  0,  1, 19,  2],
       [ 1, 18,  2,  0,  0,  3,  2],
       [ 1, 18,  3,  1,  1,  7,  2],
       [ 1, 19,  0,  0,  1, 21,  2],
       [ 1, 19,  1, -1, -1, -1,  3],
       [ 1, 19,  2,  0,  1, 18,  1],
       [ 1, 19,  3,  0,  0,  1,  0],
       [ 1, 21,  0,  0,  0,  5,  0],
       [ 1, 21,  1, -1, -1, -1,  3],
       [ 1, 21,  2,  0,  1, 19,  0],
       [ 1, 21,  3,  0,  1,  4,  0]]),
        strict_geometry=True)
[Rank 0] SubMesh(etypes=['quad', 'tri'],
        eidxs_base={'quad': array([ 0, 12, 14, 18,  4, 19, 21]),
                    'tri': array([3, 1, 5])},
        eidxs={'quad': array([ 0,  4, 12, 14, 18, 19, 21]),
               'tri': array([1, 3, 5])},
        conn=array([[ 0,  1,  0,  0,  1, 19,  3],
       [ 0,  1,  1,  0,  1, 14,  2],
       [ 0,  1,  2,  0,  1,  4,  1],
       [ 0,  3,  0, -1, -1, -1,  3],
       [ 0,  3,  1,  1,  0,  0,  0],
       [ 0,  3,  2,  0,  1, 18,  2],
       [ 0,  5,  0,  0,  1, 21,  0],
       [ 0,  5,  1,  0,  1,  0,  3],
       [ 0,  5,  2, -1, -1, -1,  2],
       [ 1,  0,  0,  0,  1,  4,  3],
       [ 1,  0,  1,  2,  1, 15,  0],
       [ 1,  0,  2, -1, -1, -1,  2],
       [ 1,  0,  3,  0,  0,  5,  1],
       [ 1,  4,  0,  0,  1, 21,  3],
       [ 1,  4,  1,  0,  0,  1,  2],
       [ 1,  4,  2,  0,  1, 12,  3],
       [ 1,  4,  3,  0,  1,  0,  0],
       [ 1, 12,  0,  0,  1, 14,  1],
       [ 1, 12,  1,  1,  1,  1,  1],
       [ 1, 12,  2,  2,  1, 15,  1],
       [ 1, 12,  3,  0,  1,  4,  2],
       [ 1, 14,  0,  1,  1,  6,  1],
       [ 1, 14,  1,  0,  1, 12,  0],
       [ 1, 14,  2,  0,  0,  1,  1],
       [ 1, 14,  3,  0,  1, 18,  0],
       [ 1, 18,  0,  0,  1, 14,  3],
       [ 1, 18,  1,  0,  1, 19,  2],
       [ 1, 18,  2,  0,  0,  3,  2],
       [ 1, 18,  3,  1,  1,  7,  2],
       [ 1, 19,  0,  0,  1, 21,  2],
       [ 1, 19,  1, -1, -1, -1,  3],
       [ 1, 19,  2,  0,  1, 18,  1],
       [ 1, 19,  3,  0,  0,  1,  0],
       [ 1, 21,  0,  0,  0,  5,  0],
       [ 1, 21,  1, -1, -1, -1,  3],
       [ 1, 21,  2,  0,  1, 19,  0],
       [ 1, 21,  3,  0,  1,  4,  0]]),
        strict_geometry=True)
[Rank 0] Base totals  →  elems=30 conn-rows=112
[Rank 0] SubMesh(etypes=['quad', 'tri'],
        eidxs_base={'quad': array([ 0, 12, 14, 18,  4, 19, 21]),
                    'tri': array([3, 1, 5])},
        eidxs={'quad': array([ 0, 12, 14, 18,  4, 19, 21]),
               'tri': array([3, 1, 5])},
        conn=array([[ 0,  1,  0,  0,  1, 19,  3],
       [ 0,  1,  1,  0,  1, 14,  2],
       [ 0,  1,  2,  0,  1,  4,  1],
       [ 0,  3,  0, -1, -1, -1,  3],
       [ 0,  3,  1,  1,  0,  0,  0],
       [ 0,  3,  2,  0,  1, 18,  2],
       [ 0,  5,  0,  0,  1, 21,  0],
       [ 0,  5,  1,  0,  1,  0,  3],
       [ 0,  5,  2, -1, -1, -1,  2],
       [ 1,  0,  0,  0,  1,  4,  3],
       [ 1,  0,  1,  2,  1, 15,  0],
       [ 1,  0,  2, -1, -1, -1,  2],
       [ 1,  0,  3,  0,  0,  5,  1],
       [ 1,  4,  0,  0,  1, 21,  3],
       [ 1,  4,  1,  0,  0,  1,  2],
       [ 1,  4,  2,  0,  1, 12,  3],
       [ 1,  4,  3,  0,  1,  0,  0],
       [ 1, 12,  0,  0,  1, 14,  1],
       [ 1, 12,  1,  2,  1,  1,  1],
       [ 1, 12,  2,  2,  1, 15,  1],
       [ 1, 12,  3,  0,  1,  4,  2],
       [ 1, 14,  0,  1,  1,  6,  1],
       [ 1, 14,  1,  0,  1, 12,  0],
       [ 1, 14,  2,  0,  0,  1,  1],
       [ 1, 14,  3,  0,  1, 18,  0],
       [ 1, 18,  0,  0,  1, 14,  3],
       [ 1, 18,  1,  0,  1, 19,  2],
       [ 1, 18,  2,  0,  0,  3,  2],
       [ 1, 18,  3,  1,  1,  7,  2],
       [ 1, 19,  0,  0,  1, 21,  2],
       [ 1, 19,  1, -1, -1, -1,  3],
       [ 1, 19,  2,  0,  1, 18,  1],
       [ 1, 19,  3,  0,  0,  1,  0],
       [ 1, 21,  0,  0,  0,  5,  0],
       [ 1, 21,  1, -1, -1, -1,  3],
       [ 1, 21,  2,  0,  1, 19,  0],
       [ 1, 21,  3,  0,  1,  4,  0]]),
        strict_geometry=True)
[Rank 0] SubMesh(etypes=['quad', 'tri'],
        eidxs_base={'quad': array([ 0, 12, 14, 18,  4, 19, 21]),
                    'tri': array([3, 1, 5])},
        eidxs={'quad': array([ 0,  4, 12, 14, 18, 19, 21]),
               'tri': array([1, 3, 5])},
        conn=array([[ 0,  1,  0,  0,  1, 19,  3],
       [ 0,  1,  1,  0,  1, 14,  2],
       [ 0,  1,  2,  0,  1,  4,  1],
       [ 0,  3,  0, -1, -1, -1,  3],
       [ 0,  3,  1,  1,  0,  0,  0],
       [ 0,  3,  2,  0,  1, 18,  2],
       [ 0,  5,  0,  0,  1, 21,  0],
       [ 0,  5,  1,  0,  1,  0,  3],
       [ 0,  5,  2, -1, -1, -1,  2],
       [ 1,  0,  0,  0,  1,  4,  3],
       [ 1,  0,  1,  2,  1, 15,  0],
       [ 1,  0,  2, -1, -1, -1,  2],
       [ 1,  0,  3,  0,  0,  5,  1],
       [ 1,  4,  0,  0,  1, 21,  3],
       [ 1,  4,  1,  0,  0,  1,  2],
       [ 1,  4,  2,  0,  1, 12,  3],
       [ 1,  4,  3,  0,  1,  0,  0],
       [ 1, 12,  0,  0,  1, 14,  1],
       [ 1, 12,  1,  2,  1,  1,  1],
       [ 1, 12,  2,  2,  1, 15,  1],
       [ 1, 12,  3,  0,  1,  4,  2],
       [ 1, 14,  0,  1,  1,  6,  1],
       [ 1, 14,  1,  0,  1, 12,  0],
       [ 1, 14,  2,  0,  0,  1,  1],
       [ 1, 14,  3,  0,  1, 18,  0],
       [ 1, 18,  0,  0,  1, 14,  3],
       [ 1, 18,  1,  0,  1, 19,  2],
       [ 1, 18,  2,  0,  0,  3,  2],
       [ 1, 18,  3,  1,  1,  7,  2],
       [ 1, 19,  0,  0,  1, 21,  2],
       [ 1, 19,  1, -1, -1, -1,  3],
       [ 1, 19,  2,  0,  1, 18,  1],
       [ 1, 19,  3,  0,  0,  1,  0],
       [ 1, 21,  0,  0,  0,  5,  0],
       [ 1, 21,  1, -1, -1, -1,  3],
       [ 1, 21,  2,  0,  1, 19,  0],
       [ 1, 21,  3,  0,  1,  4,  0]]),
        strict_geometry=True)
[Rank 0] SubMesh(etypes=['quad', 'tri'],
        eidxs_base={'quad': array([ 0, 12, 14, 18,  4, 19, 21]),
                    'tri': array([3, 1, 5])},
        eidxs={'quad': array([ 0,  4, 12, 14, 18, 19, 21]),
               'tri': array([1, 3, 5])},
        conn=array([[ 0,  1,  0,  0,  1, 19,  3],
       [ 0,  1,  1,  0,  1, 14,  2],
       [ 0,  1,  2,  0,  1,  4,  1],
       [ 0,  3,  0, -1, -1, -1,  3],
       [ 0,  3,  1,  1,  0,  0,  0],
       [ 0,  3,  2,  0,  1, 18,  2],
       [ 0,  5,  0,  0,  1, 21,  0],
       [ 0,  5,  1,  0,  1,  0,  3],
       [ 0,  5,  2, -1, -1, -1,  2],
       [ 1,  0,  0,  0,  1,  4,  3],
       [ 1,  0,  1,  2,  1, 15,  0],
       [ 1,  0,  2, -1, -1, -1,  2],
       [ 1,  0,  3,  0,  0,  5,  1],
       [ 1,  4,  0,  0,  1, 21,  3],
       [ 1,  4,  1,  0,  0,  1,  2],
       [ 1,  4,  2,  0,  1, 12,  3],
       [ 1,  4,  3,  0,  1,  0,  0],
       [ 1, 12,  0,  0,  1, 14,  1],
       [ 1, 12,  1,  1,  1,  1,  1],
       [ 1, 12,  2,  2,  1, 15,  1],
       [ 1, 12,  3,  0,  1,  4,  2],
       [ 1, 14,  0,  1,  1,  6,  1],
       [ 1, 14,  1,  0,  1, 12,  0],
       [ 1, 14,  2,  0,  0,  1,  1],
       [ 1, 14,  3,  0,  1, 18,  0],
       [ 1, 18,  0,  0,  1, 14,  3],
       [ 1, 18,  1,  0,  1, 19,  2],
       [ 1, 18,  2,  0,  0,  3,  2],
       [ 1, 18,  3,  1,  1,  7,  2],
       [ 1, 19,  0,  0,  1, 21,  2],
       [ 1, 19,  1, -1, -1, -1,  3],
       [ 1, 19,  2,  0,  1, 18,  1],
       [ 1, 19,  3,  0,  0,  1,  0],
       [ 1, 21,  0,  0,  0,  5,  0],
       [ 1, 21,  1, -1, -1, -1,  3],
       [ 1, 21,  2,  0,  1, 19,  0],
       [ 1, 21,  3,  0,  1,  4,  0]]),
        strict_geometry=True)
[Rank 0] Base totals  →  elems=30 conn-rows=112
[Rank 0] SubMesh(etypes=['quad', 'tri'],
        eidxs_base={'quad': array([ 0, 12, 14, 18,  4, 19, 21]),
                    'tri': array([3, 1, 5])},
        eidxs={'quad': array([ 0, 12, 14, 18,  4, 19, 21]),
               'tri': array([3, 1, 5])},
        conn=array([[ 0,  1,  0,  0,  1, 19,  3],
       [ 0,  1,  1,  0,  1, 14,  2],
       [ 0,  1,  2,  0,  1,  4,  1],
       [ 0,  3,  0, -1, -1, -1,  3],
       [ 0,  3,  1,  1,  0,  0,  0],
       [ 0,  3,  2,  0,  1, 18,  2],
       [ 0,  5,  0,  0,  1, 21,  0],
       [ 0,  5,  1,  0,  1,  0,  3],
       [ 0,  5,  2, -1, -1, -1,  2],
       [ 1,  0,  0,  0,  1,  4,  3],
       [ 1,  0,  1,  2,  1, 15,  0],
       [ 1,  0,  2, -1, -1, -1,  2],
       [ 1,  0,  3,  0,  0,  5,  1],
       [ 1,  4,  0,  0,  1, 21,  3],
       [ 1,  4,  1,  0,  0,  1,  2],
       [ 1,  4,  2,  0,  1, 12,  3],
       [ 1,  4,  3,  0,  1,  0,  0],
       [ 1, 12,  0,  0,  1, 14,  1],
       [ 1, 12,  1,  2,  1,  1,  1],
       [ 1, 12,  2,  2,  1, 15,  1],
       [ 1, 12,  3,  0,  1,  4,  2],
       [ 1, 14,  0,  1,  1,  6,  1],
       [ 1, 14,  1,  0,  1, 12,  0],
       [ 1, 14,  2,  0,  0,  1,  1],
       [ 1, 14,  3,  0,  1, 18,  0],
       [ 1, 18,  0,  0,  1, 14,  3],
       [ 1, 18,  1,  0,  1, 19,  2],
       [ 1, 18,  2,  0,  0,  3,  2],
       [ 1, 18,  3,  1,  1,  7,  2],
       [ 1, 19,  0,  0,  1, 21,  2],
       [ 1, 19,  1, -1, -1, -1,  3],
       [ 1, 19,  2,  0,  1, 18,  1],
       [ 1, 19,  3,  0,  0,  1,  0],
       [ 1, 21,  0,  0,  0,  5,  0],
       [ 1, 21,  1, -1, -1, -1,  3],
       [ 1, 21,  2,  0,  1, 19,  0],
       [ 1, 21,  3,  0,  1,  4,  0]]),
        strict_geometry=True)
[Rank 0] SubMesh(etypes=['quad', 'tri'],
        eidxs_base={'quad': array([ 0, 12, 14, 18,  4, 19, 21]),
                    'tri': array([3, 1, 5])},
        eidxs={'quad': array([ 0,  4, 12, 14, 18, 19, 21]),
               'tri': array([1, 3, 5])},
        conn=array([[ 0,  1,  0,  0,  1, 19,  3],
       [ 0,  1,  1,  0,  1, 14,  2],
       [ 0,  1,  2,  0,  1,  4,  1],
       [ 0,  3,  0, -1, -1, -1,  3],
       [ 0,  3,  1,  1,  0,  0,  0],
       [ 0,  3,  2,  0,  1, 18,  2],
       [ 0,  5,  0,  0,  1, 21,  0],
       [ 0,  5,  1,  0,  1,  0,  3],
       [ 0,  5,  2, -1, -1, -1,  2],
       [ 1,  0,  0,  0,  1,  4,  3],
       [ 1,  0,  1,  2,  1, 15,  0],
       [ 1,  0,  2, -1, -1, -1,  2],
       [ 1,  0,  3,  0,  0,  5,  1],
       [ 1,  4,  0,  0,  1, 21,  3],
       [ 1,  4,  1,  0,  0,  1,  2],
       [ 1,  4,  2,  0,  1, 12,  3],
       [ 1,  4,  3,  0,  1,  0,  0],
       [ 1, 12,  0,  0,  1, 14,  1],
       [ 1, 12,  1,  2,  1,  1,  1],
       [ 1, 12,  2,  2,  1, 15,  1],
       [ 1, 12,  3,  0,  1,  4,  2],
       [ 1, 14,  0,  1,  1,  6,  1],
       [ 1, 14,  1,  0,  1, 12,  0],
       [ 1, 14,  2,  0,  0,  1,  1],
       [ 1, 14,  3,  0,  1, 18,  0],
       [ 1, 18,  0,  0,  1, 14,  3],
       [ 1, 18,  1,  0,  1, 19,  2],
       [ 1, 18,  2,  0,  0,  3,  2],
       [ 1, 18,  3,  1,  1,  7,  2],
       [ 1, 19,  0,  0,  1, 21,  2],
       [ 1, 19,  1, -1, -1, -1,  3],
       [ 1, 19,  2,  0,  1, 18,  1],
       [ 1, 19,  3,  0,  0,  1,  0],
       [ 1, 21,  0,  0,  0,  5,  0],
       [ 1, 21,  1, -1, -1, -1,  3],
       [ 1, 21,  2,  0,  1, 19,  0],
       [ 1, 21,  3,  0,  1,  4,  0]]),
        strict_geometry=True)
[Rank 0] SubMesh(etypes=['quad', 'tri'],
        eidxs_base={'quad': array([ 0, 12, 14, 18,  4, 19, 21]),
                    'tri': array([3, 1, 5])},
        eidxs={'quad': array([ 0,  4, 12, 14, 18, 19, 21]),
               'tri': array([1, 3, 5])},
        conn=array([[ 0,  1,  0,  0,  1, 19,  3],
       [ 0,  1,  1,  0,  1, 14,  2],
       [ 0,  1,  2,  0,  1,  4,  1],
       [ 0,  3,  0, -1, -1, -1,  3],
       [ 0,  3,  1,  1,  0,  0,  0],
       [ 0,  3,  2,  0,  1, 18,  2],
       [ 0,  5,  0,  0,  1, 21,  0],
       [ 0,  5,  1,  0,  1,  0,  3],
       [ 0,  5,  2, -1, -1, -1,  2],
       [ 1,  0,  0,  0,  1,  4,  3],
       [ 1,  0,  1,  2,  1, 15,  0],
       [ 1,  0,  2, -1, -1, -1,  2],
       [ 1,  0,  3,  0,  0,  5,  1],
       [ 1,  4,  0,  0,  1, 21,  3],
       [ 1,  4,  1,  0,  0,  1,  2],
       [ 1,  4,  2,  0,  1, 12,  3],
       [ 1,  4,  3,  0,  1,  0,  0],
       [ 1, 12,  0,  0,  1, 14,  1],
       [ 1, 12,  1,  1,  1,  1,  1],
       [ 1, 12,  2,  2,  1, 15,  1],
       [ 1, 12,  3,  0,  1,  4,  2],
       [ 1, 14,  0,  1,  1,  6,  1],
       [ 1, 14,  1,  0,  1, 12,  0],
       [ 1, 14,  2,  0,  0,  1,  1],
       [ 1, 14,  3,  0,  1, 18,  0],
       [ 1, 18,  0,  0,  1, 14,  3],
       [ 1, 18,  1,  0,  1, 19,  2],
       [ 1, 18,  2,  0,  0,  3,  2],
       [ 1, 18,  3,  1,  1,  7,  2],
       [ 1, 19,  0,  0,  1, 21,  2],
       [ 1, 19,  1, -1, -1, -1,  3],
       [ 1, 19,  2,  0,  1, 18,  1],
       [ 1, 19,  3,  0,  0,  1,  0],
       [ 1, 21,  0,  0,  0,  5,  0],
       [ 1, 21,  1, -1, -1, -1,  3],
       [ 1, 21,  2,  0,  1, 19,  0],
       [ 1, 21,  3,  0,  1,  4,  0]]),
        strict_geometry=True)
[Rank 0] Base totals  →  elems=30 conn-rows=112
[Rank 0] SubMesh(etypes=['quad', 'tri'],
        eidxs_base={'quad': array([ 0, 12, 14, 18,  4, 19, 21]),
                    'tri': array([3, 1, 5])},
        eidxs={'quad': array([ 0, 12, 14, 18,  4, 19, 21]),
               'tri': array([3, 1, 5])},
        conn=array([[ 0,  1,  0,  0,  1, 19,  3],
       [ 0,  1,  1,  0,  1, 14,  2],
       [ 0,  1,  2,  0,  1,  4,  1],
       [ 0,  3,  0, -1, -1, -1,  3],
       [ 0,  3,  1,  1,  0,  0,  0],
       [ 0,  3,  2,  0,  1, 18,  2],
       [ 0,  5,  0,  0,  1, 21,  0],
       [ 0,  5,  1,  0,  1,  0,  3],
       [ 0,  5,  2, -1, -1, -1,  2],
       [ 1,  0,  0,  0,  1,  4,  3],
       [ 1,  0,  1,  2,  1, 15,  0],
       [ 1,  0,  2, -1, -1, -1,  2],
       [ 1,  0,  3,  0,  0,  5,  1],
       [ 1,  4,  0,  0,  1, 21,  3],
       [ 1,  4,  1,  0,  0,  1,  2],
       [ 1,  4,  2,  0,  1, 12,  3],
       [ 1,  4,  3,  0,  1,  0,  0],
       [ 1, 12,  0,  0,  1, 14,  1],
       [ 1, 12,  1,  2,  1,  1,  1],
       [ 1, 12,  2,  2,  1, 15,  1],
       [ 1, 12,  3,  0,  1,  4,  2],
       [ 1, 14,  0,  1,  1,  6,  1],
       [ 1, 14,  1,  0,  1, 12,  0],
       [ 1, 14,  2,  0,  0,  1,  1],
       [ 1, 14,  3,  0,  1, 18,  0],
       [ 1, 18,  0,  0,  1, 14,  3],
       [ 1, 18,  1,  0,  1, 19,  2],
       [ 1, 18,  2,  0,  0,  3,  2],
       [ 1, 18,  3,  1,  1,  7,  2],
       [ 1, 19,  0,  0,  1, 21,  2],
       [ 1, 19,  1, -1, -1, -1,  3],
       [ 1, 19,  2,  0,  1, 18,  1],
       [ 1, 19,  3,  0,  0,  1,  0],
       [ 1, 21,  0,  0,  0,  5,  0],
       [ 1, 21,  1, -1, -1, -1,  3],
       [ 1, 21,  2,  0,  1, 19,  0],
       [ 1, 21,  3,  0,  1,  4,  0]]),
        strict_geometry=True)
[Rank 0] SubMesh(etypes=['quad', 'tri'],
        eidxs_base={'quad': array([ 0, 12, 14, 18,  4, 19, 21]),
                    'tri': array([3, 1, 5])},
        eidxs={'quad': array([ 0,  4, 12, 14, 18, 19, 21]),
               'tri': array([1, 3, 5])},
        conn=array([[ 0,  1,  0,  0,  1, 19,  3],
       [ 0,  1,  1,  0,  1, 14,  2],
       [ 0,  1,  2,  0,  1,  4,  1],
       [ 0,  3,  0, -1, -1, -1,  3],
       [ 0,  3,  1,  1,  0,  0,  0],
       [ 0,  3,  2,  0,  1, 18,  2],
       [ 0,  5,  0,  0,  1, 21,  0],
       [ 0,  5,  1,  0,  1,  0,  3],
       [ 0,  5,  2, -1, -1, -1,  2],
       [ 1,  0,  0,  0,  1,  4,  3],
       [ 1,  0,  1,  2,  1, 15,  0],
       [ 1,  0,  2, -1, -1, -1,  2],
       [ 1,  0,  3,  0,  0,  5,  1],
       [ 1,  4,  0,  0,  1, 21,  3],
       [ 1,  4,  1,  0,  0,  1,  2],
       [ 1,  4,  2,  0,  1, 12,  3],
       [ 1,  4,  3,  0,  1,  0,  0],
       [ 1, 12,  0,  0,  1, 14,  1],
       [ 1, 12,  1,  2,  1,  1,  1],
       [ 1, 12,  2,  2,  1, 15,  1],
       [ 1, 12,  3,  0,  1,  4,  2],
       [ 1, 14,  0,  1,  1,  6,  1],
       [ 1, 14,  1,  0,  1, 12,  0],
       [ 1, 14,  2,  0,  0,  1,  1],
       [ 1, 14,  3,  0,  1, 18,  0],
       [ 1, 18,  0,  0,  1, 14,  3],
       [ 1, 18,  1,  0,  1, 19,  2],
       [ 1, 18,  2,  0,  0,  3,  2],
       [ 1, 18,  3,  1,  1,  7,  2],
       [ 1, 19,  0,  0,  1, 21,  2],
       [ 1, 19,  1, -1, -1, -1,  3],
       [ 1, 19,  2,  0,  1, 18,  1],
       [ 1, 19,  3,  0,  0,  1,  0],
       [ 1, 21,  0,  0,  0,  5,  0],
       [ 1, 21,  1, -1, -1, -1,  3],
       [ 1, 21,  2,  0,  1, 19,  0],
       [ 1, 21,  3,  0,  1,  4,  0]]),
        strict_geometry=True)
[Rank 0] SubMesh(etypes=['quad', 'tri'],
        eidxs_base={'quad': array([ 0, 12, 14, 18,  4, 19, 21]),
                    'tri': array([3, 1, 5])},
        eidxs={'quad': array([ 0,  4, 12, 14, 18, 19, 21]),
               'tri': array([1, 3, 5])},
        conn=array([[ 0,  1,  0,  0,  1, 19,  3],
       [ 0,  1,  1,  0,  1, 14,  2],
       [ 0,  1,  2,  0,  1,  4,  1],
       [ 0,  3,  0, -1, -1, -1,  3],
       [ 0,  3,  1,  1,  0,  0,  0],
       [ 0,  3,  2,  0,  1, 18,  2],
       [ 0,  5,  0,  0,  1, 21,  0],
       [ 0,  5,  1,  0,  1,  0,  3],
       [ 0,  5,  2, -1, -1, -1,  2],
       [ 1,  0,  0,  0,  1,  4,  3],
       [ 1,  0,  1,  2,  1, 15,  0],
       [ 1,  0,  2, -1, -1, -1,  2],
       [ 1,  0,  3,  0,  0,  5,  1],
       [ 1,  4,  0,  0,  1, 21,  3],
       [ 1,  4,  1,  0,  0,  1,  2],
       [ 1,  4,  2,  0,  1, 12,  3],
       [ 1,  4,  3,  0,  1,  0,  0],
       [ 1, 12,  0,  0,  1, 14,  1],
       [ 1, 12,  1,  1,  1,  1,  1],
       [ 1, 12,  2,  2,  1, 15,  1],
       [ 1, 12,  3,  0,  1,  4,  2],
       [ 1, 14,  0,  1,  1,  6,  1],
       [ 1, 14,  1,  0,  1, 12,  0],
       [ 1, 14,  2,  0,  0,  1,  1],
       [ 1, 14,  3,  0,  1, 18,  0],
       [ 1, 18,  0,  0,  1, 14,  3],
       [ 1, 18,  1,  0,  1, 19,  2],
       [ 1, 18,  2,  0,  0,  3,  2],
       [ 1, 18,  3,  1,  1,  7,  2],
       [ 1, 19,  0,  0,  1, 21,  2],
       [ 1, 19,  1, -1, -1, -1,  3],
       [ 1, 19,  2,  0,  1, 18,  1],
       [ 1, 19,  3,  0,  0,  1,  0],
       [ 1, 21,  0,  0,  0,  5,  0],
       [ 1, 21,  1, -1, -1, -1,  3],
       [ 1, 21,  2,  0,  1, 19,  0],
       [ 1, 21,  3,  0,  1,  4,  0]]),
        strict_geometry=True)
[Rank 0] Base totals  →  elems=30 conn-rows=112
[Rank 0] SubMesh(etypes=['quad', 'tri'],
        eidxs_base={'quad': array([ 0, 12, 14, 18,  4, 19, 21]),
                    'tri': array([3, 1, 5])},
        eidxs={'quad': array([ 0, 12, 14, 18,  4, 19, 21]),
               'tri': array([3, 1, 5])},
        conn=array([[ 0,  1,  0,  0,  1, 19,  3],
       [ 0,  1,  1,  0,  1, 14,  2],
       [ 0,  1,  2,  0,  1,  4,  1],
       [ 0,  3,  0, -1, -1, -1,  3],
       [ 0,  3,  1,  1,  0,  0,  0],
       [ 0,  3,  2,  0,  1, 18,  2],
       [ 0,  5,  0,  0,  1, 21,  0],
       [ 0,  5,  1,  0,  1,  0,  3],
       [ 0,  5,  2, -1, -1, -1,  2],
       [ 1,  0,  0,  0,  1,  4,  3],
       [ 1,  0,  1,  2,  1, 15,  0],
       [ 1,  0,  2, -1, -1, -1,  2],
       [ 1,  0,  3,  0,  0,  5,  1],
       [ 1,  4,  0,  0,  1, 21,  3],
       [ 1,  4,  1,  0,  0,  1,  2],
       [ 1,  4,  2,  0,  1, 12,  3],
       [ 1,  4,  3,  0,  1,  0,  0],
       [ 1, 12,  0,  0,  1, 14,  1],
       [ 1, 12,  1,  2,  1,  1,  1],
       [ 1, 12,  2,  2,  1, 15,  1],
       [ 1, 12,  3,  0,  1,  4,  2],
       [ 1, 14,  0,  1,  1,  6,  1],
       [ 1, 14,  1,  0,  1, 12,  0],
       [ 1, 14,  2,  0,  0,  1,  1],
       [ 1, 14,  3,  0,  1, 18,  0],
       [ 1, 18,  0,  0,  1, 14,  3],
       [ 1, 18,  1,  0,  1, 19,  2],
       [ 1, 18,  2,  0,  0,  3,  2],
       [ 1, 18,  3,  1,  1,  7,  2],
       [ 1, 19,  0,  0,  1, 21,  2],
       [ 1, 19,  1, -1, -1, -1,  3],
       [ 1, 19,  2,  0,  1, 18,  1],
       [ 1, 19,  3,  0,  0,  1,  0],
       [ 1, 21,  0,  0,  0,  5,  0],
       [ 1, 21,  1, -1, -1, -1,  3],
       [ 1, 21,  2,  0,  1, 19,  0],
       [ 1, 21,  3,  0,  1,  4,  0]]),
        strict_geometry=True)
[Rank 0] SubMesh(etypes=['quad', 'tri'],
        eidxs_base={'quad': array([ 0, 12, 14, 18,  4, 19, 21]),
                    'tri': array([3, 1, 5])},
        eidxs={'quad': array([ 0,  4, 12, 14, 18, 19, 21]),
               'tri': array([1, 3, 5])},
        conn=array([[ 0,  1,  0,  0,  1, 19,  3],
       [ 0,  1,  1,  0,  1, 14,  2],
       [ 0,  1,  2,  0,  1,  4,  1],
       [ 0,  3,  0, -1, -1, -1,  3],
       [ 0,  3,  1,  1,  0,  0,  0],
       [ 0,  3,  2,  0,  1, 18,  2],
       [ 0,  5,  0,  0,  1, 21,  0],
       [ 0,  5,  1,  0,  1,  0,  3],
       [ 0,  5,  2, -1, -1, -1,  2],
       [ 1,  0,  0,  0,  1,  4,  3],
       [ 1,  0,  1,  2,  1, 15,  0],
       [ 1,  0,  2, -1, -1, -1,  2],
       [ 1,  0,  3,  0,  0,  5,  1],
       [ 1,  4,  0,  0,  1, 21,  3],
       [ 1,  4,  1,  0,  0,  1,  2],
       [ 1,  4,  2,  0,  1, 12,  3],
       [ 1,  4,  3,  0,  1,  0,  0],
       [ 1, 12,  0,  0,  1, 14,  1],
       [ 1, 12,  1,  2,  1,  1,  1],
       [ 1, 12,  2,  2,  1, 15,  1],
       [ 1, 12,  3,  0,  1,  4,  2],
       [ 1, 14,  0,  1,  1,  6,  1],
       [ 1, 14,  1,  0,  1, 12,  0],
       [ 1, 14,  2,  0,  0,  1,  1],
       [ 1, 14,  3,  0,  1, 18,  0],
       [ 1, 18,  0,  0,  1, 14,  3],
       [ 1, 18,  1,  0,  1, 19,  2],
       [ 1, 18,  2,  0,  0,  3,  2],
       [ 1, 18,  3,  1,  1,  7,  2],
       [ 1, 19,  0,  0,  1, 21,  2],
       [ 1, 19,  1, -1, -1, -1,  3],
       [ 1, 19,  2,  0,  1, 18,  1],
       [ 1, 19,  3,  0,  0,  1,  0],
       [ 1, 21,  0,  0,  0,  5,  0],
       [ 1, 21,  1, -1, -1, -1,  3],
       [ 1, 21,  2,  0,  1, 19,  0],
       [ 1, 21,  3,  0,  1,  4,  0]]),
        strict_geometry=True)
[Rank 0] SubMesh(etypes=['quad', 'tri'],
        eidxs_base={'quad': array([ 0, 12, 14, 18,  4, 19, 21]),
                    'tri': array([3, 1, 5])},
        eidxs={'quad': array([ 0,  4, 12, 14, 18, 19, 21]),
               'tri': array([1, 3, 5])},
        conn=array([[ 0,  1,  0,  0,  1, 19,  3],
       [ 0,  1,  1,  0,  1, 14,  2],
       [ 0,  1,  2,  0,  1,  4,  1],
       [ 0,  3,  0, -1, -1, -1,  3],
       [ 0,  3,  1,  1,  0,  0,  0],
       [ 0,  3,  2,  0,  1, 18,  2],
       [ 0,  5,  0,  0,  1, 21,  0],
       [ 0,  5,  1,  0,  1,  0,  3],
       [ 0,  5,  2, -1, -1, -1,  2],
       [ 1,  0,  0,  0,  1,  4,  3],
       [ 1,  0,  1,  2,  1, 15,  0],
       [ 1,  0,  2, -1, -1, -1,  2],
       [ 1,  0,  3,  0,  0,  5,  1],
       [ 1,  4,  0,  0,  1, 21,  3],
       [ 1,  4,  1,  0,  0,  1,  2],
       [ 1,  4,  2,  0,  1, 12,  3],
       [ 1,  4,  3,  0,  1,  0,  0],
       [ 1, 12,  0,  0,  1, 14,  1],
       [ 1, 12,  1,  1,  1,  1,  1],
       [ 1, 12,  2,  2,  1, 15,  1],
       [ 1, 12,  3,  0,  1,  4,  2],
       [ 1, 14,  0,  1,  1,  6,  1],
       [ 1, 14,  1,  0,  1, 12,  0],
       [ 1, 14,  2,  0,  0,  1,  1],
       [ 1, 14,  3,  0,  1, 18,  0],
       [ 1, 18,  0,  0,  1, 14,  3],
       [ 1, 18,  1,  0,  1, 19,  2],
       [ 1, 18,  2,  0,  0,  3,  2],
       [ 1, 18,  3,  1,  1,  7,  2],
       [ 1, 19,  0,  0,  1, 21,  2],
       [ 1, 19,  1, -1, -1, -1,  3],
       [ 1, 19,  2,  0,  1, 18,  1],
       [ 1, 19,  3,  0,  0,  1,  0],
       [ 1, 21,  0,  0,  0,  5,  0],
       [ 1, 21,  1, -1, -1, -1,  3],
       [ 1, 21,  2,  0,  1, 19,  0],
       [ 1, 21,  3,  0,  1,  4,  0]]),
        strict_geometry=True)
[Rank 0] Base totals  →  elems=30 conn-rows=112
[Rank 0] SubMesh(etypes=['quad', 'tri'],
        eidxs_base={'quad': array([ 0, 12, 14, 18,  4, 19, 21]),
                    'tri': array([3, 1, 5])},
        eidxs={'quad': array([ 0, 12, 14, 18,  4, 19, 21]),
               'tri': array([3, 1, 5])},
        conn=array([[ 0,  1,  0,  0,  1, 19,  3],
       [ 0,  1,  1,  0,  1, 14,  2],
       [ 0,  1,  2,  0,  1,  4,  1],
       [ 0,  3,  0, -1, -1, -1,  3],
       [ 0,  3,  1,  1,  0,  0,  0],
       [ 0,  3,  2,  0,  1, 18,  2],
       [ 0,  5,  0,  0,  1, 21,  0],
       [ 0,  5,  1,  0,  1,  0,  3],
       [ 0,  5,  2, -1, -1, -1,  2],
       [ 1,  0,  0,  0,  1,  4,  3],
       [ 1,  0,  1,  2,  1, 15,  0],
       [ 1,  0,  2, -1, -1, -1,  2],
       [ 1,  0,  3,  0,  0,  5,  1],
       [ 1,  4,  0,  0,  1, 21,  3],
       [ 1,  4,  1,  0,  0,  1,  2],
       [ 1,  4,  2,  0,  1, 12,  3],
       [ 1,  4,  3,  0,  1,  0,  0],
       [ 1, 12,  0,  0,  1, 14,  1],
       [ 1, 12,  1,  2,  1,  1,  1],
       [ 1, 12,  2,  2,  1, 15,  1],
       [ 1, 12,  3,  0,  1,  4,  2],
       [ 1, 14,  0,  1,  1,  6,  1],
       [ 1, 14,  1,  0,  1, 12,  0],
       [ 1, 14,  2,  0,  0,  1,  1],
       [ 1, 14,  3,  0,  1, 18,  0],
       [ 1, 18,  0,  0,  1, 14,  3],
       [ 1, 18,  1,  0,  1, 19,  2],
       [ 1, 18,  2,  0,  0,  3,  2],
       [ 1, 18,  3,  1,  1,  7,  2],
       [ 1, 19,  0,  0,  1, 21,  2],
       [ 1, 19,  1, -1, -1, -1,  3],
       [ 1, 19,  2,  0,  1, 18,  1],
       [ 1, 19,  3,  0,  0,  1,  0],
       [ 1, 21,  0,  0,  0,  5,  0],
       [ 1, 21,  1, -1, -1, -1,  3],
       [ 1, 21,  2,  0,  1, 19,  0],
       [ 1, 21,  3,  0,  1,  4,  0]]),
        strict_geometry=True)
[Rank 0] Base totals  →  elems=30 conn-rows=112
[Rank 0] SubMesh(etypes=['quad', 'tri'],
        eidxs_base={'quad': array([ 0, 12, 14, 18,  4, 19, 21]),
                    'tri': array([3, 1, 5])},
        eidxs={'quad': array([ 0, 12, 14, 18,  4, 19, 21]),
               'tri': array([3, 1, 5])},
        conn=array([[ 0,  1,  0,  0,  1, 19,  3],
       [ 0,  1,  1,  0,  1, 14,  2],
       [ 0,  1,  2,  0,  1,  4,  1],
       [ 0,  3,  0, -1, -1, -1,  3],
       [ 0,  3,  1,  1,  0,  0,  0],
       [ 0,  3,  2,  0,  1, 18,  2],
       [ 0,  5,  0,  0,  1, 21,  0],
       [ 0,  5,  1,  0,  1,  0,  3],
       [ 0,  5,  2, -1, -1, -1,  2],
       [ 1,  0,  0,  0,  1,  4,  3],
       [ 1,  0,  1,  2,  1, 15,  0],
       [ 1,  0,  2, -1, -1, -1,  2],
       [ 1,  0,  3,  0,  0,  5,  1],
       [ 1,  4,  0,  0,  1, 21,  3],
       [ 1,  4,  1,  0,  0,  1,  2],
       [ 1,  4,  2,  0,  1, 12,  3],
       [ 1,  4,  3,  0,  1,  0,  0],
       [ 1, 12,  0,  0,  1, 14,  1],
       [ 1, 12,  1,  2,  1,  1,  1],
       [ 1, 12,  2,  2,  1, 15,  1],
       [ 1, 12,  3,  0,  1,  4,  2],
       [ 1, 14,  0,  1,  1,  6,  1],
       [ 1, 14,  1,  0,  1, 12,  0],
       [ 1, 14,  2,  0,  0,  1,  1],
       [ 1, 14,  3,  0,  1, 18,  0],
       [ 1, 18,  0,  0,  1, 14,  3],
       [ 1, 18,  1,  0,  1, 19,  2],
       [ 1, 18,  2,  0,  0,  3,  2],
       [ 1, 18,  3,  1,  1,  7,  2],
       [ 1, 19,  0,  0,  1, 21,  2],
       [ 1, 19,  1, -1, -1, -1,  3],
       [ 1, 19,  2,  0,  1, 18,  1],
       [ 1, 19,  3,  0,  0,  1,  0],
       [ 1, 21,  0,  0,  0,  5,  0],
       [ 1, 21,  1, -1, -1, -1,  3],
       [ 1, 21,  2,  0,  1, 19,  0],
       [ 1, 21,  3,  0,  1,  4,  0]]),
        strict_geometry=True)
[Rank 0] SubMesh(etypes=['quad', 'tri'],
        eidxs_base={'quad': array([ 0, 12, 14, 18,  4, 19, 21]),
                    'tri': array([3, 1, 5])},
        eidxs={'quad': array([ 0,  4, 12, 14, 18, 19, 21]),
               'tri': array([1, 3, 5])},
        conn=array([[ 0,  1,  0,  0,  1, 19,  3],
       [ 0,  1,  1,  0,  1, 14,  2],
       [ 0,  1,  2,  0,  1,  4,  1],
       [ 0,  3,  0, -1, -1, -1,  3],
       [ 0,  3,  1,  1,  0,  0,  0],
       [ 0,  3,  2,  0,  1, 18,  2],
       [ 0,  5,  0,  0,  1, 21,  0],
       [ 0,  5,  1,  0,  1,  0,  3],
       [ 0,  5,  2, -1, -1, -1,  2],
       [ 1,  0,  0,  0,  1,  4,  3],
       [ 1,  0,  1,  2,  1, 15,  0],
       [ 1,  0,  2, -1, -1, -1,  2],
       [ 1,  0,  3,  0,  0,  5,  1],
       [ 1,  4,  0,  0,  1, 21,  3],
       [ 1,  4,  1,  0,  0,  1,  2],
       [ 1,  4,  2,  0,  1, 12,  3],
       [ 1,  4,  3,  0,  1,  0,  0],
       [ 1, 12,  0,  0,  1, 14,  1],
       [ 1, 12,  1,  2,  1,  1,  1],
       [ 1, 12,  2,  2,  1, 15,  1],
       [ 1, 12,  3,  0,  1,  4,  2],
       [ 1, 14,  0,  1,  1,  6,  1],
       [ 1, 14,  1,  0,  1, 12,  0],
       [ 1, 14,  2,  0,  0,  1,  1],
       [ 1, 14,  3,  0,  1, 18,  0],
       [ 1, 18,  0,  0,  1, 14,  3],
       [ 1, 18,  1,  0,  1, 19,  2],
       [ 1, 18,  2,  0,  0,  3,  2],
       [ 1, 18,  3,  1,  1,  7,  2],
       [ 1, 19,  0,  0,  1, 21,  2],
       [ 1, 19,  1, -1, -1, -1,  3],
       [ 1, 19,  2,  0,  1, 18,  1],
       [ 1, 19,  3,  0,  0,  1,  0],
       [ 1, 21,  0,  0,  0,  5,  0],
       [ 1, 21,  1, -1, -1, -1,  3],
       [ 1, 21,  2,  0,  1, 19,  0],
       [ 1, 21,  3,  0,  1,  4,  0]]),
        strict_geometry=True)
[Rank 0] SubMesh(etypes=['quad', 'tri'],
        eidxs_base={'quad': array([ 0, 12, 14, 18,  4, 19, 21]),
                    'tri': array([3, 1, 5])},
        eidxs={'quad': array([ 0,  4, 12, 14, 18, 19, 21]),
               'tri': array([1, 3, 5])},
        conn=array([[ 0,  1,  0,  0,  1, 19,  3],
       [ 0,  1,  1,  0,  1, 14,  2],
       [ 0,  1,  2,  0,  1,  4,  1],
       [ 0,  3,  0, -1, -1, -1,  3],
       [ 0,  3,  1,  1,  0,  0,  0],
       [ 0,  3,  2,  0,  1, 18,  2],
       [ 0,  5,  0,  0,  1, 21,  0],
       [ 0,  5,  1,  0,  1,  0,  3],
       [ 0,  5,  2, -1, -1, -1,  2],
       [ 1,  0,  0,  0,  1,  4,  3],
       [ 1,  0,  1,  2,  1, 15,  0],
       [ 1,  0,  2, -1, -1, -1,  2],
       [ 1,  0,  3,  0,  0,  5,  1],
       [ 1,  4,  0,  0,  1, 21,  3],
       [ 1,  4,  1,  0,  0,  1,  2],
       [ 1,  4,  2,  0,  1, 12,  3],
       [ 1,  4,  3,  0,  1,  0,  0],
       [ 1, 12,  0,  0,  1, 14,  1],
       [ 1, 12,  1,  1,  1,  1,  1],
       [ 1, 12,  2,  2,  1, 15,  1],
       [ 1, 12,  3,  0,  1,  4,  2],
       [ 1, 14,  0,  1,  1,  6,  1],
       [ 1, 14,  1,  0,  1, 12,  0],
       [ 1, 14,  2,  0,  0,  1,  1],
       [ 1, 14,  3,  0,  1, 18,  0],
       [ 1, 18,  0,  0,  1, 14,  3],
       [ 1, 18,  1,  0,  1, 19,  2],
       [ 1, 18,  2,  0,  0,  3,  2],
       [ 1, 18,  3,  1,  1,  7,  2],
       [ 1, 19,  0,  0,  1, 21,  2],
       [ 1, 19,  1, -1, -1, -1,  3],
       [ 1, 19,  2,  0,  1, 18,  1],
       [ 1, 19,  3,  0,  0,  1,  0],
       [ 1, 21,  0,  0,  0,  5,  0],
       [ 1, 21,  1, -1, -1, -1,  3],
       [ 1, 21,  2,  0,  1, 19,  0],
       [ 1, 21,  3,  0,  1,  4,  0]]),
        strict_geometry=True)
[Rank 0] Base totals  →  elems=30 conn-rows=112
[Rank 0] SubMesh(etypes=['quad', 'tri'],
        eidxs_base={'quad': array([ 0, 12, 14, 18,  4, 19, 21]),
                    'tri': array([3, 1, 5])},
        eidxs={'quad': array([ 0, 12, 14, 18,  4, 19, 21]),
               'tri': array([3, 1, 5])},
        conn=array([[ 0,  1,  0,  0,  1, 19,  3],
       [ 0,  1,  1,  0,  1, 14,  2],
       [ 0,  1,  2,  0,  1,  4,  1],
       [ 0,  3,  0, -1, -1, -1,  3],
       [ 0,  3,  1,  1,  0,  0,  0],
       [ 0,  3,  2,  0,  1, 18,  2],
       [ 0,  5,  0,  0,  1, 21,  0],
       [ 0,  5,  1,  0,  1,  0,  3],
       [ 0,  5,  2, -1, -1, -1,  2],
       [ 1,  0,  0,  0,  1,  4,  3],
       [ 1,  0,  1,  2,  1, 15,  0],
       [ 1,  0,  2, -1, -1, -1,  2],
       [ 1,  0,  3,  0,  0,  5,  1],
       [ 1,  4,  0,  0,  1, 21,  3],
       [ 1,  4,  1,  0,  0,  1,  2],
       [ 1,  4,  2,  0,  1, 12,  3],
       [ 1,  4,  3,  0,  1,  0,  0],
       [ 1, 12,  0,  0,  1, 14,  1],
       [ 1, 12,  1,  2,  1,  1,  1],
       [ 1, 12,  2,  2,  1, 15,  1],
       [ 1, 12,  3,  0,  1,  4,  2],
       [ 1, 14,  0,  1,  1,  6,  1],
       [ 1, 14,  1,  0,  1, 12,  0],
       [ 1, 14,  2,  0,  0,  1,  1],
       [ 1, 14,  3,  0,  1, 18,  0],
       [ 1, 18,  0,  0,  1, 14,  3],
       [ 1, 18,  1,  0,  1, 19,  2],
       [ 1, 18,  2,  0,  0,  3,  2],
       [ 1, 18,  3,  1,  1,  7,  2],
       [ 1, 19,  0,  0,  1, 21,  2],
       [ 1, 19,  1, -1, -1, -1,  3],
       [ 1, 19,  2,  0,  1, 18,  1],
       [ 1, 19,  3,  0,  0,  1,  0],
       [ 1, 21,  0,  0,  0,  5,  0],
       [ 1, 21,  1, -1, -1, -1,  3],
       [ 1, 21,  2,  0,  1, 19,  0],
       [ 1, 21,  3,  0,  1,  4,  0]]),
        strict_geometry=True)
[Rank 0] SubMesh(etypes=['quad', 'tri'],
        eidxs_base={'quad': array([ 0, 12, 14, 18,  4, 19, 21]),
                    'tri': array([3, 1, 5])},
        eidxs={'quad': array([ 0,  4, 12, 14, 18, 19, 21]),
               'tri': array([1, 3, 5])},
        conn=array([[ 0,  1,  0,  0,  1, 19,  3],
       [ 0,  1,  1,  0,  1, 14,  2],
       [ 0,  1,  2,  0,  1,  4,  1],
       [ 0,  3,  0, -1, -1, -1,  3],
       [ 0,  3,  1,  1,  0,  0,  0],
       [ 0,  3,  2,  0,  1, 18,  2],
       [ 0,  5,  0,  0,  1, 21,  0],
       [ 0,  5,  1,  0,  1,  0,  3],
       [ 0,  5,  2, -1, -1, -1,  2],
       [ 1,  0,  0,  0,  1,  4,  3],
       [ 1,  0,  1,  2,  1, 15,  0],
       [ 1,  0,  2, -1, -1, -1,  2],
       [ 1,  0,  3,  0,  0,  5,  1],
       [ 1,  4,  0,  0,  1, 21,  3],
       [ 1,  4,  1,  0,  0,  1,  2],
       [ 1,  4,  2,  0,  1, 12,  3],
       [ 1,  4,  3,  0,  1,  0,  0],
       [ 1, 12,  0,  0,  1, 14,  1],
       [ 1, 12,  1,  2,  1,  1,  1],
       [ 1, 12,  2,  2,  1, 15,  1],
       [ 1, 12,  3,  0,  1,  4,  2],
       [ 1, 14,  0,  1,  1,  6,  1],
       [ 1, 14,  1,  0,  1, 12,  0],
       [ 1, 14,  2,  0,  0,  1,  1],
       [ 1, 14,  3,  0,  1, 18,  0],
       [ 1, 18,  0,  0,  1, 14,  3],
       [ 1, 18,  1,  0,  1, 19,  2],
       [ 1, 18,  2,  0,  0,  3,  2],
       [ 1, 18,  3,  1,  1,  7,  2],
       [ 1, 19,  0,  0,  1, 21,  2],
       [ 1, 19,  1, -1, -1, -1,  3],
       [ 1, 19,  2,  0,  1, 18,  1],
       [ 1, 19,  3,  0,  0,  1,  0],
       [ 1, 21,  0,  0,  0,  5,  0],
       [ 1, 21,  1, -1, -1, -1,  3],
       [ 1, 21,  2,  0,  1, 19,  0],
       [ 1, 21,  3,  0,  1,  4,  0]]),
        strict_geometry=True)
[Rank 0] SubMesh(etypes=['quad', 'tri'],
        eidxs_base={'quad': array([ 0, 12, 14, 18,  4, 19, 21]),
                    'tri': array([3, 1, 5])},
        eidxs={'quad': array([ 0,  4, 12, 14, 18, 19, 21]),
               'tri': array([1, 3, 5])},
        conn=array([[ 0,  1,  0,  0,  1, 19,  3],
       [ 0,  1,  1,  0,  1, 14,  2],
       [ 0,  1,  2,  0,  1,  4,  1],
       [ 0,  3,  0, -1, -1, -1,  3],
       [ 0,  3,  1,  1,  0,  0,  0],
       [ 0,  3,  2,  0,  1, 18,  2],
       [ 0,  5,  0,  0,  1, 21,  0],
       [ 0,  5,  1,  0,  1,  0,  3],
       [ 0,  5,  2, -1, -1, -1,  2],
       [ 1,  0,  0,  0,  1,  4,  3],
       [ 1,  0,  1,  2,  1, 15,  0],
       [ 1,  0,  2, -1, -1, -1,  2],
       [ 1,  0,  3,  0,  0,  5,  1],
       [ 1,  4,  0,  0,  1, 21,  3],
       [ 1,  4,  1,  0,  0,  1,  2],
       [ 1,  4,  2,  0,  1, 12,  3],
       [ 1,  4,  3,  0,  1,  0,  0],
       [ 1, 12,  0,  0,  1, 14,  1],
       [ 1, 12,  1,  1,  1,  1,  1],
       [ 1, 12,  2,  2,  1, 15,  1],
       [ 1, 12,  3,  0,  1,  4,  2],
       [ 1, 14,  0,  1,  1,  6,  1],
       [ 1, 14,  1,  0,  1, 12,  0],
       [ 1, 14,  2,  0,  0,  1,  1],
       [ 1, 14,  3,  0,  1, 18,  0],
       [ 1, 18,  0,  0,  1, 14,  3],
       [ 1, 18,  1,  0,  1, 19,  2],
       [ 1, 18,  2,  0,  0,  3,  2],
       [ 1, 18,  3,  1,  1,  7,  2],
       [ 1, 19,  0,  0,  1, 21,  2],
       [ 1, 19,  1, -1, -1, -1,  3],
       [ 1, 19,  2,  0,  1, 18,  1],
       [ 1, 19,  3,  0,  0,  1,  0],
       [ 1, 21,  0,  0,  0,  5,  0],
       [ 1, 21,  1, -1, -1, -1,  3],
       [ 1, 21,  2,  0,  1, 19,  0],
       [ 1, 21,  3,  0,  1,  4,  0]]),
        strict_geometry=True)
[Rank 0] Base totals  →  elems=30 conn-rows=112
[Rank 0] SubMesh(etypes=['quad', 'tri'],
        eidxs_base={'quad': array([ 0, 12, 14, 18,  4, 19, 21]),
                    'tri': array([3, 1, 5])},
        eidxs={'quad': array([ 0, 12, 14, 18,  4, 19, 21]),
               'tri': array([3, 1, 5])},
        conn=array([[ 0,  1,  0,  0,  1, 19,  3],
       [ 0,  1,  1,  0,  1, 14,  2],
       [ 0,  1,  2,  0,  1,  4,  1],
       [ 0,  3,  0, -1, -1, -1,  3],
       [ 0,  3,  1,  1,  0,  0,  0],
       [ 0,  3,  2,  0,  1, 18,  2],
       [ 0,  5,  0,  0,  1, 21,  0],
       [ 0,  5,  1,  0,  1,  0,  3],
       [ 0,  5,  2, -1, -1, -1,  2],
       [ 1,  0,  0,  0,  1,  4,  3],
       [ 1,  0,  1,  2,  1, 15,  0],
       [ 1,  0,  2, -1, -1, -1,  2],
       [ 1,  0,  3,  0,  0,  5,  1],
       [ 1,  4,  0,  0,  1, 21,  3],
       [ 1,  4,  1,  0,  0,  1,  2],
       [ 1,  4,  2,  0,  1, 12,  3],
       [ 1,  4,  3,  0,  1,  0,  0],
       [ 1, 12,  0,  0,  1, 14,  1],
       [ 1, 12,  1,  2,  1,  1,  1],
       [ 1, 12,  2,  2,  1, 15,  1],
       [ 1, 12,  3,  0,  1,  4,  2],
       [ 1, 14,  0,  1,  1,  6,  1],
       [ 1, 14,  1,  0,  1, 12,  0],
       [ 1, 14,  2,  0,  0,  1,  1],
       [ 1, 14,  3,  0,  1, 18,  0],
       [ 1, 18,  0,  0,  1, 14,  3],
       [ 1, 18,  1,  0,  1, 19,  2],
       [ 1, 18,  2,  0,  0,  3,  2],
       [ 1, 18,  3,  1,  1,  7,  2],
       [ 1, 19,  0,  0,  1, 21,  2],
       [ 1, 19,  1, -1, -1, -1,  3],
       [ 1, 19,  2,  0,  1, 18,  1],
       [ 1, 19,  3,  0,  0,  1,  0],
       [ 1, 21,  0,  0,  0,  5,  0],
       [ 1, 21,  1, -1, -1, -1,  3],
       [ 1, 21,  2,  0,  1, 19,  0],
       [ 1, 21,  3,  0,  1,  4,  0]]),
        strict_geometry=True)
[Rank 0] SubMesh(etypes=['quad', 'tri'],
        eidxs_base={'quad': array([ 0, 12, 14, 18,  4, 19, 21]),
                    'tri': array([3, 1, 5])},
        eidxs={'quad': array([ 0,  4, 12, 14, 18, 19, 21]),
               'tri': array([1, 3, 5])},
        conn=array([[ 0,  1,  0,  0,  1, 19,  3],
       [ 0,  1,  1,  0,  1, 14,  2],
       [ 0,  1,  2,  0,  1,  4,  1],
       [ 0,  3,  0, -1, -1, -1,  3],
       [ 0,  3,  1,  1,  0,  0,  0],
       [ 0,  3,  2,  0,  1, 18,  2],
       [ 0,  5,  0,  0,  1, 21,  0],
       [ 0,  5,  1,  0,  1,  0,  3],
       [ 0,  5,  2, -1, -1, -1,  2],
       [ 1,  0,  0,  0,  1,  4,  3],
       [ 1,  0,  1,  2,  1, 15,  0],
       [ 1,  0,  2, -1, -1, -1,  2],
       [ 1,  0,  3,  0,  0,  5,  1],
       [ 1,  4,  0,  0,  1, 21,  3],
       [ 1,  4,  1,  0,  0,  1,  2],
       [ 1,  4,  2,  0,  1, 12,  3],
       [ 1,  4,  3,  0,  1,  0,  0],
       [ 1, 12,  0,  0,  1, 14,  1],
       [ 1, 12,  1,  2,  1,  1,  1],
       [ 1, 12,  2,  2,  1, 15,  1],
       [ 1, 12,  3,  0,  1,  4,  2],
       [ 1, 14,  0,  1,  1,  6,  1],
       [ 1, 14,  1,  0,  1, 12,  0],
       [ 1, 14,  2,  0,  0,  1,  1],
       [ 1, 14,  3,  0,  1, 18,  0],
       [ 1, 18,  0,  0,  1, 14,  3],
       [ 1, 18,  1,  0,  1, 19,  2],
       [ 1, 18,  2,  0,  0,  3,  2],
       [ 1, 18,  3,  1,  1,  7,  2],
       [ 1, 19,  0,  0,  1, 21,  2],
       [ 1, 19,  1, -1, -1, -1,  3],
       [ 1, 19,  2,  0,  1, 18,  1],
       [ 1, 19,  3,  0,  0,  1,  0],
       [ 1, 21,  0,  0,  0,  5,  0],
       [ 1, 21,  1, -1, -1, -1,  3],
       [ 1, 21,  2,  0,  1, 19,  0],
       [ 1, 21,  3,  0,  1,  4,  0]]),
        strict_geometry=True)
[Rank 0] SubMesh(etypes=['quad', 'tri'],
        eidxs_base={'quad': array([ 0, 12, 14, 18,  4, 19, 21]),
                    'tri': array([3, 1, 5])},
        eidxs={'quad': array([ 0,  4, 12, 14, 18, 19, 21]),
               'tri': array([1, 3, 5])},
        conn=array([[ 0,  1,  0,  0,  1, 19,  3],
       [ 0,  1,  1,  0,  1, 14,  2],
       [ 0,  1,  2,  0,  1,  4,  1],
       [ 0,  3,  0, -1, -1, -1,  3],
       [ 0,  3,  1,  1,  0,  0,  0],
       [ 0,  3,  2,  0,  1, 18,  2],
       [ 0,  5,  0,  0,  1, 21,  0],
       [ 0,  5,  1,  0,  1,  0,  3],
       [ 0,  5,  2, -1, -1, -1,  2],
       [ 1,  0,  0,  0,  1,  4,  3],
       [ 1,  0,  1,  2,  1, 15,  0],
       [ 1,  0,  2, -1, -1, -1,  2],
       [ 1,  0,  3,  0,  0,  5,  1],
       [ 1,  4,  0,  0,  1, 21,  3],
       [ 1,  4,  1,  0,  0,  1,  2],
       [ 1,  4,  2,  0,  1, 12,  3],
       [ 1,  4,  3,  0,  1,  0,  0],
       [ 1, 12,  0,  0,  1, 14,  1],
       [ 1, 12,  1,  1,  1,  1,  1],
       [ 1, 12,  2,  2,  1, 15,  1],
       [ 1, 12,  3,  0,  1,  4,  2],
       [ 1, 14,  0,  1,  1,  6,  1],
       [ 1, 14,  1,  0,  1, 12,  0],
       [ 1, 14,  2,  0,  0,  1,  1],
       [ 1, 14,  3,  0,  1, 18,  0],
       [ 1, 18,  0,  0,  1, 14,  3],
       [ 1, 18,  1,  0,  1, 19,  2],
       [ 1, 18,  2,  0,  0,  3,  2],
       [ 1, 18,  3,  1,  1,  7,  2],
       [ 1, 19,  0,  0,  1, 21,  2],
       [ 1, 19,  1, -1, -1, -1,  3],
       [ 1, 19,  2,  0,  1, 18,  1],
       [ 1, 19,  3,  0,  0,  1,  0],
       [ 1, 21,  0,  0,  0,  5,  0],
       [ 1, 21,  1, -1, -1, -1,  3],
       [ 1, 21,  2,  0,  1, 19,  0],
       [ 1, 21,  3,  0,  1,  4,  0]]),
        strict_geometry=True)
[Rank 0] Base totals  →  elems=30 conn-rows=112
[Rank 0] SubMesh(etypes=['quad', 'tri'],
        eidxs_base={'quad': array([ 0, 12, 14, 18,  4, 19, 21]),
                    'tri': array([3, 1, 5])},
        eidxs={'quad': array([ 0, 12, 14, 18,  4, 19, 21]),
               'tri': array([3, 1, 5])},
        conn=array([[ 0,  1,  0,  0,  1, 19,  3],
       [ 0,  1,  1,  0,  1, 14,  2],
       [ 0,  1,  2,  0,  1,  4,  1],
       [ 0,  3,  0, -1, -1, -1,  3],
       [ 0,  3,  1,  1,  0,  0,  0],
       [ 0,  3,  2,  0,  1, 18,  2],
       [ 0,  5,  0,  0,  1, 21,  0],
       [ 0,  5,  1,  0,  1,  0,  3],
       [ 0,  5,  2, -1, -1, -1,  2],
       [ 1,  0,  0,  0,  1,  4,  3],
       [ 1,  0,  1,  2,  1, 15,  0],
       [ 1,  0,  2, -1, -1, -1,  2],
       [ 1,  0,  3,  0,  0,  5,  1],
       [ 1,  4,  0,  0,  1, 21,  3],
       [ 1,  4,  1,  0,  0,  1,  2],
       [ 1,  4,  2,  0,  1, 12,  3],
       [ 1,  4,  3,  0,  1,  0,  0],
       [ 1, 12,  0,  0,  1, 14,  1],
       [ 1, 12,  1,  2,  1,  1,  1],
       [ 1, 12,  2,  2,  1, 15,  1],
       [ 1, 12,  3,  0,  1,  4,  2],
       [ 1, 14,  0,  1,  1,  6,  1],
       [ 1, 14,  1,  0,  1, 12,  0],
       [ 1, 14,  2,  0,  0,  1,  1],
       [ 1, 14,  3,  0,  1, 18,  0],
       [ 1, 18,  0,  0,  1, 14,  3],
       [ 1, 18,  1,  0,  1, 19,  2],
       [ 1, 18,  2,  0,  0,  3,  2],
       [ 1, 18,  3,  1,  1,  7,  2],
       [ 1, 19,  0,  0,  1, 21,  2],
       [ 1, 19,  1, -1, -1, -1,  3],
       [ 1, 19,  2,  0,  1, 18,  1],
       [ 1, 19,  3,  0,  0,  1,  0],
       [ 1, 21,  0,  0,  0,  5,  0],
       [ 1, 21,  1, -1, -1, -1,  3],
       [ 1, 21,  2,  0,  1, 19,  0],
       [ 1, 21,  3,  0,  1,  4,  0]]),
        spts={'quad': array([[[0.83782797, 0.76479963],
        [0.7818017 , 0.58014363],
        [1.        , 0.75      ],
        [1.        , 0.5       ]],

       [[0.63002644, 0.6375102 ],
        [0.49592129, 0.49379152],
        [0.7818017 , 0.58014363],
        [0.68074413, 0.41970635]],

       [[0.38534186, 0.6857371 ],
        [0.49592129, 0.49379152],
        [0.52285327, 0.80110305],
        [0.63002644, 0.6375102 ]],

       [[0.38534186, 0.6857371 ],
        [0.52285327, 0.80110305],
        [0.32888457, 0.85398126],
        [0.5       , 1.        ]],

       [[0.83782797, 0.76479963],
        [0.71431293, 0.82270356],
        [0.7818017 , 0.58014363],
        [0.63002644, 0.6375102 ]],

       [[0.71431293, 0.82270356],
        [0.75      , 1.        ],
        [0.52285327, 0.80110305],
        [0.5       , 1.        ]],

       [[0.83782797, 0.76479963],
        [1.        , 1.        ],
        [0.71431293, 0.82270356],
        [0.75      , 1.        ]]]),
              'tri': array([[[0.5       , 1.        ],
        [0.25      , 1.        ],
        [0.32888457, 0.85398126]],

       [[0.71431293, 0.82270356],
        [0.52285327, 0.80110305],
        [0.63002644, 0.6375102 ]],

       [[1.        , 1.        ],
        [0.83782797, 0.76479963],
        [1.        , 0.75      ]]])},
        spts_nodes={'quad': array([[18, 28, 11, 10],
       [32, 31, 28, 29],
       [24, 31, 23, 32],
       [24, 23, 25, 14],
       [18, 19, 28, 32],
       [19, 13, 23, 14],
       [18, 12, 19, 13]]),
                    'tri': array([[14, 15, 25],
       [19, 23, 32],
       [12, 18, 11]])},
        spts_curved={'quad': array([False, False, False, False, False, False, False]),
                     'tri': array([False, False, False])},
        strict_geometry=True)
[Rank 0] SubMesh(etypes=['quad', 'tri'],
        eidxs_base={'quad': array([ 0, 12, 14, 18,  4, 19, 21]),
                    'tri': array([3, 1, 5])},
        eidxs={'quad': array([ 0,  4, 12, 14, 18, 19, 21]),
               'tri': array([1, 3, 5])},
        conn=array([[ 0,  1,  0,  0,  1, 19,  3],
       [ 0,  1,  1,  0,  1, 14,  2],
       [ 0,  1,  2,  0,  1,  4,  1],
       [ 0,  3,  0, -1, -1, -1,  3],
       [ 0,  3,  1,  1,  0,  0,  0],
       [ 0,  3,  2,  0,  1, 18,  2],
       [ 0,  5,  0,  0,  1, 21,  0],
       [ 0,  5,  1,  0,  1,  0,  3],
       [ 0,  5,  2, -1, -1, -1,  2],
       [ 1,  0,  0,  0,  1,  4,  3],
       [ 1,  0,  1,  2,  1, 15,  0],
       [ 1,  0,  2, -1, -1, -1,  2],
       [ 1,  0,  3,  0,  0,  5,  1],
       [ 1,  4,  0,  0,  1, 21,  3],
       [ 1,  4,  1,  0,  0,  1,  2],
       [ 1,  4,  2,  0,  1, 12,  3],
       [ 1,  4,  3,  0,  1,  0,  0],
       [ 1, 12,  0,  0,  1, 14,  1],
       [ 1, 12,  1,  2,  1,  1,  1],
       [ 1, 12,  2,  2,  1, 15,  1],
       [ 1, 12,  3,  0,  1,  4,  2],
       [ 1, 14,  0,  1,  1,  6,  1],
       [ 1, 14,  1,  0,  1, 12,  0],
       [ 1, 14,  2,  0,  0,  1,  1],
       [ 1, 14,  3,  0,  1, 18,  0],
       [ 1, 18,  0,  0,  1, 14,  3],
       [ 1, 18,  1,  0,  1, 19,  2],
       [ 1, 18,  2,  0,  0,  3,  2],
       [ 1, 18,  3,  1,  1,  7,  2],
       [ 1, 19,  0,  0,  1, 21,  2],
       [ 1, 19,  1, -1, -1, -1,  3],
       [ 1, 19,  2,  0,  1, 18,  1],
       [ 1, 19,  3,  0,  0,  1,  0],
       [ 1, 21,  0,  0,  0,  5,  0],
       [ 1, 21,  1, -1, -1, -1,  3],
       [ 1, 21,  2,  0,  1, 19,  0],
       [ 1, 21,  3,  0,  1,  4,  0]]),
        spts={'quad': array([[[0.83782797, 0.76479963],
        [0.7818017 , 0.58014363],
        [1.        , 0.75      ],
        [1.        , 0.5       ]],

       [[0.63002644, 0.6375102 ],
        [0.49592129, 0.49379152],
        [0.7818017 , 0.58014363],
        [0.68074413, 0.41970635]],

       [[0.38534186, 0.6857371 ],
        [0.49592129, 0.49379152],
        [0.52285327, 0.80110305],
        [0.63002644, 0.6375102 ]],

       [[0.38534186, 0.6857371 ],
        [0.52285327, 0.80110305],
        [0.32888457, 0.85398126],
        [0.5       , 1.        ]],

       [[0.83782797, 0.76479963],
        [0.71431293, 0.82270356],
        [0.7818017 , 0.58014363],
        [0.63002644, 0.6375102 ]],

       [[0.71431293, 0.82270356],
        [0.75      , 1.        ],
        [0.52285327, 0.80110305],
        [0.5       , 1.        ]],

       [[0.83782797, 0.76479963],
        [1.        , 1.        ],
        [0.71431293, 0.82270356],
        [0.75      , 1.        ]]]),
              'tri': array([[[0.5       , 1.        ],
        [0.25      , 1.        ],
        [0.32888457, 0.85398126]],

       [[0.71431293, 0.82270356],
        [0.52285327, 0.80110305],
        [0.63002644, 0.6375102 ]],

       [[1.        , 1.        ],
        [0.83782797, 0.76479963],
        [1.        , 0.75      ]]])},
        spts_nodes={'quad': array([[18, 28, 11, 10],
       [32, 31, 28, 29],
       [24, 31, 23, 32],
       [24, 23, 25, 14],
       [18, 19, 28, 32],
       [19, 13, 23, 14],
       [18, 12, 19, 13]]),
                    'tri': array([[14, 15, 25],
       [19, 23, 32],
       [12, 18, 11]])},
        spts_curved={'quad': array([False, False, False, False, False, False, False]),
                     'tri': array([False, False, False])},
        strict_geometry=True)
[Rank 0] SubMesh(etypes=['quad', 'tri'],
        eidxs_base={'quad': array([ 0, 12, 14, 18,  4, 19, 21]),
                    'tri': array([3, 1, 5])},
        eidxs={'quad': array([ 0,  4, 12, 14, 18, 19, 21]),
               'tri': array([1, 3, 5])},
        conn=array([[ 0,  1,  0,  0,  1, 19,  3],
       [ 0,  1,  1,  0,  1, 14,  2],
       [ 0,  1,  2,  0,  1,  4,  1],
       [ 0,  3,  0, -1, -1, -1,  3],
       [ 0,  3,  1,  1,  0,  0,  0],
       [ 0,  3,  2,  0,  1, 18,  2],
       [ 0,  5,  0,  0,  1, 21,  0],
       [ 0,  5,  1,  0,  1,  0,  3],
       [ 0,  5,  2, -1, -1, -1,  2],
       [ 1,  0,  0,  0,  1,  4,  3],
       [ 1,  0,  1,  2,  1, 15,  0],
       [ 1,  0,  2, -1, -1, -1,  2],
       [ 1,  0,  3,  0,  0,  5,  1],
       [ 1,  4,  0,  0,  1, 21,  3],
       [ 1,  4,  1,  0,  0,  1,  2],
       [ 1,  4,  2,  0,  1, 12,  3],
       [ 1,  4,  3,  0,  1,  0,  0],
       [ 1, 12,  0,  0,  1, 14,  1],
       [ 1, 12,  1,  1,  1,  1,  1],
       [ 1, 12,  2,  2,  1, 15,  1],
       [ 1, 12,  3,  0,  1,  4,  2],
       [ 1, 14,  0,  1,  1,  6,  1],
       [ 1, 14,  1,  0,  1, 12,  0],
       [ 1, 14,  2,  0,  0,  1,  1],
       [ 1, 14,  3,  0,  1, 18,  0],
       [ 1, 18,  0,  0,  1, 14,  3],
       [ 1, 18,  1,  0,  1, 19,  2],
       [ 1, 18,  2,  0,  0,  3,  2],
       [ 1, 18,  3,  1,  1,  7,  2],
       [ 1, 19,  0,  0,  1, 21,  2],
       [ 1, 19,  1, -1, -1, -1,  3],
       [ 1, 19,  2,  0,  1, 18,  1],
       [ 1, 19,  3,  0,  0,  1,  0],
       [ 1, 21,  0,  0,  0,  5,  0],
       [ 1, 21,  1, -1, -1, -1,  3],
       [ 1, 21,  2,  0,  1, 19,  0],
       [ 1, 21,  3,  0,  1,  4,  0]]),
        spts={'quad': array([[[0.83782797, 0.76479963],
        [0.7818017 , 0.58014363],
        [1.        , 0.75      ],
        [1.        , 0.5       ]],

       [[0.63002644, 0.6375102 ],
        [0.49592129, 0.49379152],
        [0.7818017 , 0.58014363],
        [0.68074413, 0.41970635]],

       [[0.38534186, 0.6857371 ],
        [0.49592129, 0.49379152],
        [0.52285327, 0.80110305],
        [0.63002644, 0.6375102 ]],

       [[0.38534186, 0.6857371 ],
        [0.52285327, 0.80110305],
        [0.32888457, 0.85398126],
        [0.5       , 1.        ]],

       [[0.83782797, 0.76479963],
        [0.71431293, 0.82270356],
        [0.7818017 , 0.58014363],
        [0.63002644, 0.6375102 ]],

       [[0.71431293, 0.82270356],
        [0.75      , 1.        ],
        [0.52285327, 0.80110305],
        [0.5       , 1.        ]],

       [[0.83782797, 0.76479963],
        [1.        , 1.        ],
        [0.71431293, 0.82270356],
        [0.75      , 1.        ]]]),
              'tri': array([[[0.5       , 1.        ],
        [0.25      , 1.        ],
        [0.32888457, 0.85398126]],

       [[0.71431293, 0.82270356],
        [0.52285327, 0.80110305],
        [0.63002644, 0.6375102 ]],

       [[1.        , 1.        ],
        [0.83782797, 0.76479963],
        [1.        , 0.75      ]]])},
        spts_nodes={'quad': array([[18, 28, 11, 10],
       [32, 31, 28, 29],
       [24, 31, 23, 32],
       [24, 23, 25, 14],
       [18, 19, 28, 32],
       [19, 13, 23, 14],
       [18, 12, 19, 13]]),
                    'tri': array([[14, 15, 25],
       [19, 23, 32],
       [12, 18, 11]])},
        spts_curved={'quad': array([False, False, False, False, False, False, False]),
                     'tri': array([False, False, False])},
        strict_geometry=True)
[Rank 0] Base totals  →  elems=30 conn-rows=112
[Rank 0] SubMesh(etypes=['quad', 'tri'],
        eidxs_base={'quad': array([ 0, 12, 14, 18,  4, 19, 21]),
                    'tri': array([3, 1, 5])},
        eidxs={'quad': array([ 0, 12, 14, 18,  4, 19, 21]),
               'tri': array([3, 1, 5])},
        conn=array([[ 0,  1,  0,  0,  1, 19,  3],
       [ 0,  1,  1,  0,  1, 14,  2],
       [ 0,  1,  2,  0,  1,  4,  1],
       [ 0,  3,  0, -1, -1, -1,  3],
       [ 0,  3,  1,  1,  0,  0,  0],
       [ 0,  3,  2,  0,  1, 18,  2],
       [ 0,  5,  0,  0,  1, 21,  0],
       [ 0,  5,  1,  0,  1,  0,  3],
       [ 0,  5,  2, -1, -1, -1,  2],
       [ 1,  0,  0,  0,  1,  4,  3],
       [ 1,  0,  1,  2,  1, 15,  0],
       [ 1,  0,  2, -1, -1, -1,  2],
       [ 1,  0,  3,  0,  0,  5,  1],
       [ 1,  4,  0,  0,  1, 21,  3],
       [ 1,  4,  1,  0,  0,  1,  2],
       [ 1,  4,  2,  0,  1, 12,  3],
       [ 1,  4,  3,  0,  1,  0,  0],
       [ 1, 12,  0,  0,  1, 14,  1],
       [ 1, 12,  1,  2,  1,  1,  1],
       [ 1, 12,  2,  2,  1, 15,  1],
       [ 1, 12,  3,  0,  1,  4,  2],
       [ 1, 14,  0,  1,  1,  6,  1],
       [ 1, 14,  1,  0,  1, 12,  0],
       [ 1, 14,  2,  0,  0,  1,  1],
       [ 1, 14,  3,  0,  1, 18,  0],
       [ 1, 18,  0,  0,  1, 14,  3],
       [ 1, 18,  1,  0,  1, 19,  2],
       [ 1, 18,  2,  0,  0,  3,  2],
       [ 1, 18,  3,  1,  1,  7,  2],
       [ 1, 19,  0,  0,  1, 21,  2],
       [ 1, 19,  1, -1, -1, -1,  3],
       [ 1, 19,  2,  0,  1, 18,  1],
       [ 1, 19,  3,  0,  0,  1,  0],
       [ 1, 21,  0,  0,  0,  5,  0],
       [ 1, 21,  1, -1, -1, -1,  3],
       [ 1, 21,  2,  0,  1, 19,  0],
       [ 1, 21,  3,  0,  1,  4,  0]]),
        spts={'quad': array([[[0.83782797, 0.76479963],
        [0.7818017 , 0.58014363],
        [1.        , 0.75      ],
        [1.        , 0.5       ]],

       [[0.63002644, 0.6375102 ],
        [0.49592129, 0.49379152],
        [0.7818017 , 0.58014363],
        [0.68074413, 0.41970635]],

       [[0.38534186, 0.6857371 ],
        [0.49592129, 0.49379152],
        [0.52285327, 0.80110305],
        [0.63002644, 0.6375102 ]],

       [[0.38534186, 0.6857371 ],
        [0.52285327, 0.80110305],
        [0.32888457, 0.85398126],
        [0.5       , 1.        ]],

       [[0.83782797, 0.76479963],
        [0.71431293, 0.82270356],
        [0.7818017 , 0.58014363],
        [0.63002644, 0.6375102 ]],

       [[0.71431293, 0.82270356],
        [0.75      , 1.        ],
        [0.52285327, 0.80110305],
        [0.5       , 1.        ]],

       [[0.83782797, 0.76479963],
        [1.        , 1.        ],
        [0.71431293, 0.82270356],
        [0.75      , 1.        ]]]),
              'tri': array([[[0.5       , 1.        ],
        [0.25      , 1.        ],
        [0.32888457, 0.85398126]],

       [[0.71431293, 0.82270356],
        [0.52285327, 0.80110305],
        [0.63002644, 0.6375102 ]],

       [[1.        , 1.        ],
        [0.83782797, 0.76479963],
        [1.        , 0.75      ]]])},
        spts_nodes={'quad': array([[18, 28, 11, 10],
       [32, 31, 28, 29],
       [24, 31, 23, 32],
       [24, 23, 25, 14],
       [18, 19, 28, 32],
       [19, 13, 23, 14],
       [18, 12, 19, 13]]),
                    'tri': array([[14, 15, 25],
       [19, 23, 32],
       [12, 18, 11]])},
        spts_curved={'quad': array([False, False, False, False, False, False, False]),
                     'tri': array([False, False, False])},
        strict_geometry=True)
[Rank 0] SubMesh(etypes=['quad', 'tri'],
        eidxs_base={'quad': array([ 0, 12, 14, 18,  4, 19, 21]),
                    'tri': array([3, 1, 5])},
        eidxs={'quad': array([ 0,  4, 12, 14, 18, 19, 21]),
               'tri': array([1, 3, 5])},
        conn=array([[ 0,  1,  0,  0,  1, 19,  3],
       [ 0,  1,  1,  0,  1, 14,  2],
       [ 0,  1,  2,  0,  1,  4,  1],
       [ 0,  3,  0, -1, -1, -1,  3],
       [ 0,  3,  1,  1,  0,  0,  0],
       [ 0,  3,  2,  0,  1, 18,  2],
       [ 0,  5,  0,  0,  1, 21,  0],
       [ 0,  5,  1,  0,  1,  0,  3],
       [ 0,  5,  2, -1, -1, -1,  2],
       [ 1,  0,  0,  0,  1,  4,  3],
       [ 1,  0,  1,  2,  1, 15,  0],
       [ 1,  0,  2, -1, -1, -1,  2],
       [ 1,  0,  3,  0,  0,  5,  1],
       [ 1,  4,  0,  0,  1, 21,  3],
       [ 1,  4,  1,  0,  0,  1,  2],
       [ 1,  4,  2,  0,  1, 12,  3],
       [ 1,  4,  3,  0,  1,  0,  0],
       [ 1, 12,  0,  0,  1, 14,  1],
       [ 1, 12,  1,  2,  1,  1,  1],
       [ 1, 12,  2,  2,  1, 15,  1],
       [ 1, 12,  3,  0,  1,  4,  2],
       [ 1, 14,  0,  1,  1,  6,  1],
       [ 1, 14,  1,  0,  1, 12,  0],
       [ 1, 14,  2,  0,  0,  1,  1],
       [ 1, 14,  3,  0,  1, 18,  0],
       [ 1, 18,  0,  0,  1, 14,  3],
       [ 1, 18,  1,  0,  1, 19,  2],
       [ 1, 18,  2,  0,  0,  3,  2],
       [ 1, 18,  3,  1,  1,  7,  2],
       [ 1, 19,  0,  0,  1, 21,  2],
       [ 1, 19,  1, -1, -1, -1,  3],
       [ 1, 19,  2,  0,  1, 18,  1],
       [ 1, 19,  3,  0,  0,  1,  0],
       [ 1, 21,  0,  0,  0,  5,  0],
       [ 1, 21,  1, -1, -1, -1,  3],
       [ 1, 21,  2,  0,  1, 19,  0],
       [ 1, 21,  3,  0,  1,  4,  0]]),
        spts={'quad': array([[[0.83782797, 0.76479963],
        [0.7818017 , 0.58014363],
        [1.        , 0.75      ],
        [1.        , 0.5       ]],

       [[0.63002644, 0.6375102 ],
        [0.49592129, 0.49379152],
        [0.7818017 , 0.58014363],
        [0.68074413, 0.41970635]],

       [[0.38534186, 0.6857371 ],
        [0.49592129, 0.49379152],
        [0.52285327, 0.80110305],
        [0.63002644, 0.6375102 ]],

       [[0.38534186, 0.6857371 ],
        [0.52285327, 0.80110305],
        [0.32888457, 0.85398126],
        [0.5       , 1.        ]],

       [[0.83782797, 0.76479963],
        [0.71431293, 0.82270356],
        [0.7818017 , 0.58014363],
        [0.63002644, 0.6375102 ]],

       [[0.71431293, 0.82270356],
        [0.75      , 1.        ],
        [0.52285327, 0.80110305],
        [0.5       , 1.        ]],

       [[0.83782797, 0.76479963],
        [1.        , 1.        ],
        [0.71431293, 0.82270356],
        [0.75      , 1.        ]]]),
              'tri': array([[[0.5       , 1.        ],
        [0.25      , 1.        ],
        [0.32888457, 0.85398126]],

       [[0.71431293, 0.82270356],
        [0.52285327, 0.80110305],
        [0.63002644, 0.6375102 ]],

       [[1.        , 1.        ],
        [0.83782797, 0.76479963],
        [1.        , 0.75      ]]])},
        spts_nodes={'quad': array([[18, 28, 11, 10],
       [32, 31, 28, 29],
       [24, 31, 23, 32],
       [24, 23, 25, 14],
       [18, 19, 28, 32],
       [19, 13, 23, 14],
       [18, 12, 19, 13]]),
                    'tri': array([[14, 15, 25],
       [19, 23, 32],
       [12, 18, 11]])},
        spts_curved={'quad': array([False, False, False, False, False, False, False]),
                     'tri': array([False, False, False])},
        strict_geometry=True)
[Rank 0] SubMesh(etypes=['quad', 'tri'],
        eidxs_base={'quad': array([ 0, 12, 14, 18,  4, 19, 21]),
                    'tri': array([3, 1, 5])},
        eidxs={'quad': array([ 0,  4, 12, 14, 18, 19, 21]),
               'tri': array([1, 3, 5])},
        conn=array([[ 0,  1,  0,  0,  1, 19,  3],
       [ 0,  1,  1,  0,  1, 14,  2],
       [ 0,  1,  2,  0,  1,  4,  1],
       [ 0,  3,  0, -1, -1, -1,  3],
       [ 0,  3,  1,  1,  0,  0,  0],
       [ 0,  3,  2,  0,  1, 18,  2],
       [ 0,  5,  0,  0,  1, 21,  0],
       [ 0,  5,  1,  0,  1,  0,  3],
       [ 0,  5,  2, -1, -1, -1,  2],
       [ 1,  0,  0,  0,  1,  4,  3],
       [ 1,  0,  1,  2,  1, 15,  0],
       [ 1,  0,  2, -1, -1, -1,  2],
       [ 1,  0,  3,  0,  0,  5,  1],
       [ 1,  4,  0,  0,  1, 21,  3],
       [ 1,  4,  1,  0,  0,  1,  2],
       [ 1,  4,  2,  0,  1, 12,  3],
       [ 1,  4,  3,  0,  1,  0,  0],
       [ 1, 12,  0,  0,  1, 14,  1],
       [ 1, 12,  1,  1,  1,  1,  1],
       [ 1, 12,  2,  2,  1, 15,  1],
       [ 1, 12,  3,  0,  1,  4,  2],
       [ 1, 14,  0,  1,  1,  6,  1],
       [ 1, 14,  1,  0,  1, 12,  0],
       [ 1, 14,  2,  0,  0,  1,  1],
       [ 1, 14,  3,  0,  1, 18,  0],
       [ 1, 18,  0,  0,  1, 14,  3],
       [ 1, 18,  1,  0,  1, 19,  2],
       [ 1, 18,  2,  0,  0,  3,  2],
       [ 1, 18,  3,  1,  1,  7,  2],
       [ 1, 19,  0,  0,  1, 21,  2],
       [ 1, 19,  1, -1, -1, -1,  3],
       [ 1, 19,  2,  0,  1, 18,  1],
       [ 1, 19,  3,  0,  0,  1,  0],
       [ 1, 21,  0,  0,  0,  5,  0],
       [ 1, 21,  1, -1, -1, -1,  3],
       [ 1, 21,  2,  0,  1, 19,  0],
       [ 1, 21,  3,  0,  1,  4,  0]]),
        spts={'quad': array([[[0.83782797, 0.76479963],
        [0.7818017 , 0.58014363],
        [1.        , 0.75      ],
        [1.        , 0.5       ]],

       [[0.63002644, 0.6375102 ],
        [0.49592129, 0.49379152],
        [0.7818017 , 0.58014363],
        [0.68074413, 0.41970635]],

       [[0.38534186, 0.6857371 ],
        [0.49592129, 0.49379152],
        [0.52285327, 0.80110305],
        [0.63002644, 0.6375102 ]],

       [[0.38534186, 0.6857371 ],
        [0.52285327, 0.80110305],
        [0.32888457, 0.85398126],
        [0.5       , 1.        ]],

       [[0.83782797, 0.76479963],
        [0.71431293, 0.82270356],
        [0.7818017 , 0.58014363],
        [0.63002644, 0.6375102 ]],

       [[0.71431293, 0.82270356],
        [0.75      , 1.        ],
        [0.52285327, 0.80110305],
        [0.5       , 1.        ]],

       [[0.83782797, 0.76479963],
        [1.        , 1.        ],
        [0.71431293, 0.82270356],
        [0.75      , 1.        ]]]),
              'tri': array([[[0.5       , 1.        ],
        [0.25      , 1.        ],
        [0.32888457, 0.85398126]],

       [[0.71431293, 0.82270356],
        [0.52285327, 0.80110305],
        [0.63002644, 0.6375102 ]],

       [[1.        , 1.        ],
        [0.83782797, 0.76479963],
        [1.        , 0.75      ]]])},
        spts_nodes={'quad': array([[18, 28, 11, 10],
       [32, 31, 28, 29],
       [24, 31, 23, 32],
       [24, 23, 25, 14],
       [18, 19, 28, 32],
       [19, 13, 23, 14],
       [18, 12, 19, 13]]),
                    'tri': array([[14, 15, 25],
       [19, 23, 32],
       [12, 18, 11]])},
        spts_curved={'quad': array([False, False, False, False, False, False, False]),
                     'tri': array([False, False, False])},
        strict_geometry=True)
[Rank 0] Base totals  →  elems=30 conn-rows=112
[Rank 0] SubMesh(etypes=['quad', 'tri'],
        eidxs_base={'quad': array([ 0, 12, 14, 18,  4, 19, 21]),
                    'tri': array([3, 1, 5])},
        eidxs={'quad': array([ 0, 12, 14, 18,  4, 19, 21]),
               'tri': array([3, 1, 5])},
        conn=array([[ 0,  1,  0,  0,  1, 19,  3],
       [ 0,  1,  1,  0,  1, 14,  2],
       [ 0,  1,  2,  0,  1,  4,  1],
       [ 0,  3,  0, -1, -1, -1,  3],
       [ 0,  3,  1,  1,  0,  0,  0],
       [ 0,  3,  2,  0,  1, 18,  2],
       [ 0,  5,  0,  0,  1, 21,  0],
       [ 0,  5,  1,  0,  1,  0,  3],
       [ 0,  5,  2, -1, -1, -1,  2],
       [ 1,  0,  0,  0,  1,  4,  3],
       [ 1,  0,  1,  2,  1, 15,  0],
       [ 1,  0,  2, -1, -1, -1,  2],
       [ 1,  0,  3,  0,  0,  5,  1],
       [ 1,  4,  0,  0,  1, 21,  3],
       [ 1,  4,  1,  0,  0,  1,  2],
       [ 1,  4,  2,  0,  1, 12,  3],
       [ 1,  4,  3,  0,  1,  0,  0],
       [ 1, 12,  0,  0,  1, 14,  1],
       [ 1, 12,  1,  2,  1,  1,  1],
       [ 1, 12,  2,  2,  1, 15,  1],
       [ 1, 12,  3,  0,  1,  4,  2],
       [ 1, 14,  0,  1,  1,  6,  1],
       [ 1, 14,  1,  0,  1, 12,  0],
       [ 1, 14,  2,  0,  0,  1,  1],
       [ 1, 14,  3,  0,  1, 18,  0],
       [ 1, 18,  0,  0,  1, 14,  3],
       [ 1, 18,  1,  0,  1, 19,  2],
       [ 1, 18,  2,  0,  0,  3,  2],
       [ 1, 18,  3,  1,  1,  7,  2],
       [ 1, 19,  0,  0,  1, 21,  2],
       [ 1, 19,  1, -1, -1, -1,  3],
       [ 1, 19,  2,  0,  1, 18,  1],
       [ 1, 19,  3,  0,  0,  1,  0],
       [ 1, 21,  0,  0,  0,  5,  0],
       [ 1, 21,  1, -1, -1, -1,  3],
       [ 1, 21,  2,  0,  1, 19,  0],
       [ 1, 21,  3,  0,  1,  4,  0]]),
        arrays={'spts': {'quad': array([[[0.83782797, 0.76479963],
        [0.7818017 , 0.58014363],
        [1.        , 0.75      ],
        [1.        , 0.5       ]],

       [[0.63002644, 0.6375102 ],
        [0.49592129, 0.49379152],
        [0.7818017 , 0.58014363],
        [0.68074413, 0.41970635]],

       [[0.38534186, 0.6857371 ],
        [0.49592129, 0.49379152],
        [0.52285327, 0.80110305],
        [0.63002644, 0.6375102 ]],

       [[0.38534186, 0.6857371 ],
        [0.52285327, 0.80110305],
        [0.32888457, 0.85398126],
        [0.5       , 1.        ]],

       [[0.83782797, 0.76479963],
        [0.71431293, 0.82270356],
        [0.7818017 , 0.58014363],
        [0.63002644, 0.6375102 ]],

       [[0.71431293, 0.82270356],
        [0.75      , 1.        ],
        [0.52285327, 0.80110305],
        [0.5       , 1.        ]],

       [[0.83782797, 0.76479963],
        [1.        , 1.        ],
        [0.71431293, 0.82270356],
        [0.75      , 1.        ]]]),
                         'tri': array([[[0.5       , 1.        ],
        [0.25      , 1.        ],
        [0.32888457, 0.85398126]],

       [[0.71431293, 0.82270356],
        [0.52285327, 0.80110305],
        [0.63002644, 0.6375102 ]],

       [[1.        , 1.        ],
        [0.83782797, 0.76479963],
        [1.        , 0.75      ]]])},
                'spts_curved': {'quad': array([False, False, False, False, False, False, False]),
                                'tri': array([False, False, False])},
                'spts_nodes': {'quad': array([[18, 28, 11, 10],
       [32, 31, 28, 29],
       [24, 31, 23, 32],
       [24, 23, 25, 14],
       [18, 19, 28, 32],
       [19, 13, 23, 14],
       [18, 12, 19, 13]]),
                               'tri': array([[14, 15, 25],
       [19, 23, 32],
       [12, 18, 11]])}},
        strict_geometry=True)
[Rank 0] SubMesh(etypes=['quad', 'tri'],
        eidxs_base={'quad': array([ 0, 12, 14, 18,  4, 19, 21]),
                    'tri': array([3, 1, 5])},
        eidxs={'quad': array([ 0,  4, 12, 14, 18, 19, 21]),
               'tri': array([1, 3, 5])},
        conn=array([[ 0,  1,  0,  0,  1, 19,  3],
       [ 0,  1,  1,  0,  1, 14,  2],
       [ 0,  1,  2,  0,  1,  4,  1],
       [ 0,  3,  0, -1, -1, -1,  3],
       [ 0,  3,  1,  1,  0,  0,  0],
       [ 0,  3,  2,  0,  1, 18,  2],
       [ 0,  5,  0,  0,  1, 21,  0],
       [ 0,  5,  1,  0,  1,  0,  3],
       [ 0,  5,  2, -1, -1, -1,  2],
       [ 1,  0,  0,  0,  1,  4,  3],
       [ 1,  0,  1,  2,  1, 15,  0],
       [ 1,  0,  2, -1, -1, -1,  2],
       [ 1,  0,  3,  0,  0,  5,  1],
       [ 1,  4,  0,  0,  1, 21,  3],
       [ 1,  4,  1,  0,  0,  1,  2],
       [ 1,  4,  2,  0,  1, 12,  3],
       [ 1,  4,  3,  0,  1,  0,  0],
       [ 1, 12,  0,  0,  1, 14,  1],
       [ 1, 12,  1,  2,  1,  1,  1],
       [ 1, 12,  2,  2,  1, 15,  1],
       [ 1, 12,  3,  0,  1,  4,  2],
       [ 1, 14,  0,  1,  1,  6,  1],
       [ 1, 14,  1,  0,  1, 12,  0],
       [ 1, 14,  2,  0,  0,  1,  1],
       [ 1, 14,  3,  0,  1, 18,  0],
       [ 1, 18,  0,  0,  1, 14,  3],
       [ 1, 18,  1,  0,  1, 19,  2],
       [ 1, 18,  2,  0,  0,  3,  2],
       [ 1, 18,  3,  1,  1,  7,  2],
       [ 1, 19,  0,  0,  1, 21,  2],
       [ 1, 19,  1, -1, -1, -1,  3],
       [ 1, 19,  2,  0,  1, 18,  1],
       [ 1, 19,  3,  0,  0,  1,  0],
       [ 1, 21,  0,  0,  0,  5,  0],
       [ 1, 21,  1, -1, -1, -1,  3],
       [ 1, 21,  2,  0,  1, 19,  0],
       [ 1, 21,  3,  0,  1,  4,  0]]),
        arrays={'spts': {'quad': array([[[0.83782797, 0.76479963],
        [0.7818017 , 0.58014363],
        [1.        , 0.75      ],
        [1.        , 0.5       ]],

       [[0.63002644, 0.6375102 ],
        [0.49592129, 0.49379152],
        [0.7818017 , 0.58014363],
        [0.68074413, 0.41970635]],

       [[0.38534186, 0.6857371 ],
        [0.49592129, 0.49379152],
        [0.52285327, 0.80110305],
        [0.63002644, 0.6375102 ]],

       [[0.38534186, 0.6857371 ],
        [0.52285327, 0.80110305],
        [0.32888457, 0.85398126],
        [0.5       , 1.        ]],

       [[0.83782797, 0.76479963],
        [0.71431293, 0.82270356],
        [0.7818017 , 0.58014363],
        [0.63002644, 0.6375102 ]],

       [[0.71431293, 0.82270356],
        [0.75      , 1.        ],
        [0.52285327, 0.80110305],
        [0.5       , 1.        ]],

       [[0.83782797, 0.76479963],
        [1.        , 1.        ],
        [0.71431293, 0.82270356],
        [0.75      , 1.        ]]]),
                         'tri': array([[[0.5       , 1.        ],
        [0.25      , 1.        ],
        [0.32888457, 0.85398126]],

       [[0.71431293, 0.82270356],
        [0.52285327, 0.80110305],
        [0.63002644, 0.6375102 ]],

       [[1.        , 1.        ],
        [0.83782797, 0.76479963],
        [1.        , 0.75      ]]])},
                'spts_curved': {'quad': array([False, False, False, False, False, False, False]),
                                'tri': array([False, False, False])},
                'spts_nodes': {'quad': array([[18, 28, 11, 10],
       [32, 31, 28, 29],
       [24, 31, 23, 32],
       [24, 23, 25, 14],
       [18, 19, 28, 32],
       [19, 13, 23, 14],
       [18, 12, 19, 13]]),
                               'tri': array([[14, 15, 25],
       [19, 23, 32],
       [12, 18, 11]])}},
        strict_geometry=True)
[Rank 0] SubMesh(etypes=['quad', 'tri'],
        eidxs_base={'quad': array([ 0, 12, 14, 18,  4, 19, 21]),
                    'tri': array([3, 1, 5])},
        eidxs={'quad': array([ 0,  4, 12, 14, 18, 19, 21]),
               'tri': array([1, 3, 5])},
        conn=array([[ 0,  1,  0,  0,  1, 19,  3],
       [ 0,  1,  1,  0,  1, 14,  2],
       [ 0,  1,  2,  0,  1,  4,  1],
       [ 0,  3,  0, -1, -1, -1,  3],
       [ 0,  3,  1,  1,  0,  0,  0],
       [ 0,  3,  2,  0,  1, 18,  2],
       [ 0,  5,  0,  0,  1, 21,  0],
       [ 0,  5,  1,  0,  1,  0,  3],
       [ 0,  5,  2, -1, -1, -1,  2],
       [ 1,  0,  0,  0,  1,  4,  3],
       [ 1,  0,  1,  2,  1, 15,  0],
       [ 1,  0,  2, -1, -1, -1,  2],
       [ 1,  0,  3,  0,  0,  5,  1],
       [ 1,  4,  0,  0,  1, 21,  3],
       [ 1,  4,  1,  0,  0,  1,  2],
       [ 1,  4,  2,  0,  1, 12,  3],
       [ 1,  4,  3,  0,  1,  0,  0],
       [ 1, 12,  0,  0,  1, 14,  1],
       [ 1, 12,  1,  1,  1,  1,  1],
       [ 1, 12,  2,  2,  1, 15,  1],
       [ 1, 12,  3,  0,  1,  4,  2],
       [ 1, 14,  0,  1,  1,  6,  1],
       [ 1, 14,  1,  0,  1, 12,  0],
       [ 1, 14,  2,  0,  0,  1,  1],
       [ 1, 14,  3,  0,  1, 18,  0],
       [ 1, 18,  0,  0,  1, 14,  3],
       [ 1, 18,  1,  0,  1, 19,  2],
       [ 1, 18,  2,  0,  0,  3,  2],
       [ 1, 18,  3,  1,  1,  7,  2],
       [ 1, 19,  0,  0,  1, 21,  2],
       [ 1, 19,  1, -1, -1, -1,  3],
       [ 1, 19,  2,  0,  1, 18,  1],
       [ 1, 19,  3,  0,  0,  1,  0],
       [ 1, 21,  0,  0,  0,  5,  0],
       [ 1, 21,  1, -1, -1, -1,  3],
       [ 1, 21,  2,  0,  1, 19,  0],
       [ 1, 21,  3,  0,  1,  4,  0]]),
        arrays={'spts': {'quad': array([[[0.83782797, 0.76479963],
        [0.7818017 , 0.58014363],
        [1.        , 0.75      ],
        [1.        , 0.5       ]],

       [[0.63002644, 0.6375102 ],
        [0.49592129, 0.49379152],
        [0.7818017 , 0.58014363],
        [0.68074413, 0.41970635]],

       [[0.38534186, 0.6857371 ],
        [0.49592129, 0.49379152],
        [0.52285327, 0.80110305],
        [0.63002644, 0.6375102 ]],

       [[0.38534186, 0.6857371 ],
        [0.52285327, 0.80110305],
        [0.32888457, 0.85398126],
        [0.5       , 1.        ]],

       [[0.83782797, 0.76479963],
        [0.71431293, 0.82270356],
        [0.7818017 , 0.58014363],
        [0.63002644, 0.6375102 ]],

       [[0.71431293, 0.82270356],
        [0.75      , 1.        ],
        [0.52285327, 0.80110305],
        [0.5       , 1.        ]],

       [[0.83782797, 0.76479963],
        [1.        , 1.        ],
        [0.71431293, 0.82270356],
        [0.75      , 1.        ]]]),
                         'tri': array([[[0.5       , 1.        ],
        [0.25      , 1.        ],
        [0.32888457, 0.85398126]],

       [[0.71431293, 0.82270356],
        [0.52285327, 0.80110305],
        [0.63002644, 0.6375102 ]],

       [[1.        , 1.        ],
        [0.83782797, 0.76479963],
        [1.        , 0.75      ]]])},
                'spts_curved': {'quad': array([False, False, False, False, False, False, False]),
                                'tri': array([False, False, False])},
                'spts_nodes': {'quad': array([[18, 28, 11, 10],
       [32, 31, 28, 29],
       [24, 31, 23, 32],
       [24, 23, 25, 14],
       [18, 19, 28, 32],
       [19, 13, 23, 14],
       [18, 12, 19, 13]]),
                               'tri': array([[14, 15, 25],
       [19, 23, 32],
       [12, 18, 11]])}},
        strict_geometry=True)
[Rank 0] Base totals  →  elems=30 conn-rows=112
[Rank 0] SubMesh(etypes=['quad', 'tri'],
        eidxs_base={'quad': array([ 0, 12, 14, 18,  4, 19, 21]),
                    'tri': array([3, 1, 5])},
        eidxs={'quad': array([ 0, 12, 14, 18,  4, 19, 21]),
               'tri': array([3, 1, 5])},
        conn=array([[ 0,  1,  0,  0,  1, 19,  3],
       [ 0,  1,  1,  0,  1, 14,  2],
       [ 0,  1,  2,  0,  1,  4,  1],
       [ 0,  3,  0, -1, -1, -1,  3],
       [ 0,  3,  1,  1,  0,  0,  0],
       [ 0,  3,  2,  0,  1, 18,  2],
       [ 0,  5,  0,  0,  1, 21,  0],
       [ 0,  5,  1,  0,  1,  0,  3],
       [ 0,  5,  2, -1, -1, -1,  2],
       [ 1,  0,  0,  0,  1,  4,  3],
       [ 1,  0,  1,  2,  1, 15,  0],
       [ 1,  0,  2, -1, -1, -1,  2],
       [ 1,  0,  3,  0,  0,  5,  1],
       [ 1,  4,  0,  0,  1, 21,  3],
       [ 1,  4,  1,  0,  0,  1,  2],
       [ 1,  4,  2,  0,  1, 12,  3],
       [ 1,  4,  3,  0,  1,  0,  0],
       [ 1, 12,  0,  0,  1, 14,  1],
       [ 1, 12,  1,  2,  1,  1,  1],
       [ 1, 12,  2,  2,  1, 15,  1],
       [ 1, 12,  3,  0,  1,  4,  2],
       [ 1, 14,  0,  1,  1,  6,  1],
       [ 1, 14,  1,  0,  1, 12,  0],
       [ 1, 14,  2,  0,  0,  1,  1],
       [ 1, 14,  3,  0,  1, 18,  0],
       [ 1, 18,  0,  0,  1, 14,  3],
       [ 1, 18,  1,  0,  1, 19,  2],
       [ 1, 18,  2,  0,  0,  3,  2],
       [ 1, 18,  3,  1,  1,  7,  2],
       [ 1, 19,  0,  0,  1, 21,  2],
       [ 1, 19,  1, -1, -1, -1,  3],
       [ 1, 19,  2,  0,  1, 18,  1],
       [ 1, 19,  3,  0,  0,  1,  0],
       [ 1, 21,  0,  0,  0,  5,  0],
       [ 1, 21,  1, -1, -1, -1,  3],
       [ 1, 21,  2,  0,  1, 19,  0],
       [ 1, 21,  3,  0,  1,  4,  0]]),
        arrays={'spts': {'quad': array([[[0.83782797, 0.76479963],
        [0.7818017 , 0.58014363],
        [1.        , 0.75      ],
        [1.        , 0.5       ]],

       [[0.63002644, 0.6375102 ],
        [0.49592129, 0.49379152],
        [0.7818017 , 0.58014363],
        [0.68074413, 0.41970635]],

       [[0.38534186, 0.6857371 ],
        [0.49592129, 0.49379152],
        [0.52285327, 0.80110305],
        [0.63002644, 0.6375102 ]],

       [[0.38534186, 0.6857371 ],
        [0.52285327, 0.80110305],
        [0.32888457, 0.85398126],
        [0.5       , 1.        ]],

       [[0.83782797, 0.76479963],
        [0.71431293, 0.82270356],
        [0.7818017 , 0.58014363],
        [0.63002644, 0.6375102 ]],

       [[0.71431293, 0.82270356],
        [0.75      , 1.        ],
        [0.52285327, 0.80110305],
        [0.5       , 1.        ]],

       [[0.83782797, 0.76479963],
        [1.        , 1.        ],
        [0.71431293, 0.82270356],
        [0.75      , 1.        ]]]),
                         'tri': array([[[0.5       , 1.        ],
        [0.25      , 1.        ],
        [0.32888457, 0.85398126]],

       [[0.71431293, 0.82270356],
        [0.52285327, 0.80110305],
        [0.63002644, 0.6375102 ]],

       [[1.        , 1.        ],
        [0.83782797, 0.76479963],
        [1.        , 0.75      ]]])},
                'spts_curved': {'quad': array([False, False, False, False, False, False, False]),
                                'tri': array([False, False, False])},
                'spts_nodes': {'quad': array([[18, 28, 11, 10],
       [32, 31, 28, 29],
       [24, 31, 23, 32],
       [24, 23, 25, 14],
       [18, 19, 28, 32],
       [19, 13, 23, 14],
       [18, 12, 19, 13]]),
                               'tri': array([[14, 15, 25],
       [19, 23, 32],
       [12, 18, 11]])}},
        strict_geometry=True)
[Rank 0] SubMesh(etypes=['quad', 'tri'],
        eidxs_base={'quad': array([ 0, 12, 14, 18,  4, 19, 21]),
                    'tri': array([3, 1, 5])},
        eidxs={'quad': array([ 0,  4, 12, 14, 18, 19, 21]),
               'tri': array([1, 3, 5])},
        conn=array([[ 0,  1,  0,  0,  1, 19,  3],
       [ 0,  1,  1,  0,  1, 14,  2],
       [ 0,  1,  2,  0,  1,  4,  1],
       [ 0,  3,  0, -1, -1, -1,  3],
       [ 0,  3,  1,  1,  0,  0,  0],
       [ 0,  3,  2,  0,  1, 18,  2],
       [ 0,  5,  0,  0,  1, 21,  0],
       [ 0,  5,  1,  0,  1,  0,  3],
       [ 0,  5,  2, -1, -1, -1,  2],
       [ 1,  0,  0,  0,  1,  4,  3],
       [ 1,  0,  1,  2,  1, 15,  0],
       [ 1,  0,  2, -1, -1, -1,  2],
       [ 1,  0,  3,  0,  0,  5,  1],
       [ 1,  4,  0,  0,  1, 21,  3],
       [ 1,  4,  1,  0,  0,  1,  2],
       [ 1,  4,  2,  0,  1, 12,  3],
       [ 1,  4,  3,  0,  1,  0,  0],
       [ 1, 12,  0,  0,  1, 14,  1],
       [ 1, 12,  1,  2,  1,  1,  1],
       [ 1, 12,  2,  2,  1, 15,  1],
       [ 1, 12,  3,  0,  1,  4,  2],
       [ 1, 14,  0,  1,  1,  6,  1],
       [ 1, 14,  1,  0,  1, 12,  0],
       [ 1, 14,  2,  0,  0,  1,  1],
       [ 1, 14,  3,  0,  1, 18,  0],
       [ 1, 18,  0,  0,  1, 14,  3],
       [ 1, 18,  1,  0,  1, 19,  2],
       [ 1, 18,  2,  0,  0,  3,  2],
       [ 1, 18,  3,  1,  1,  7,  2],
       [ 1, 19,  0,  0,  1, 21,  2],
       [ 1, 19,  1, -1, -1, -1,  3],
       [ 1, 19,  2,  0,  1, 18,  1],
       [ 1, 19,  3,  0,  0,  1,  0],
       [ 1, 21,  0,  0,  0,  5,  0],
       [ 1, 21,  1, -1, -1, -1,  3],
       [ 1, 21,  2,  0,  1, 19,  0],
       [ 1, 21,  3,  0,  1,  4,  0]]),
        arrays={'spts': {'quad': array([[[0.83782797, 0.76479963],
        [0.7818017 , 0.58014363],
        [1.        , 0.75      ],
        [1.        , 0.5       ]],

       [[0.63002644, 0.6375102 ],
        [0.49592129, 0.49379152],
        [0.7818017 , 0.58014363],
        [0.68074413, 0.41970635]],

       [[0.38534186, 0.6857371 ],
        [0.49592129, 0.49379152],
        [0.52285327, 0.80110305],
        [0.63002644, 0.6375102 ]],

       [[0.38534186, 0.6857371 ],
        [0.52285327, 0.80110305],
        [0.32888457, 0.85398126],
        [0.5       , 1.        ]],

       [[0.83782797, 0.76479963],
        [0.71431293, 0.82270356],
        [0.7818017 , 0.58014363],
        [0.63002644, 0.6375102 ]],

       [[0.71431293, 0.82270356],
        [0.75      , 1.        ],
        [0.52285327, 0.80110305],
        [0.5       , 1.        ]],

       [[0.83782797, 0.76479963],
        [1.        , 1.        ],
        [0.71431293, 0.82270356],
        [0.75      , 1.        ]]]),
                         'tri': array([[[0.5       , 1.        ],
        [0.25      , 1.        ],
        [0.32888457, 0.85398126]],

       [[0.71431293, 0.82270356],
        [0.52285327, 0.80110305],
        [0.63002644, 0.6375102 ]],

       [[1.        , 1.        ],
        [0.83782797, 0.76479963],
        [1.        , 0.75      ]]])},
                'spts_curved': {'quad': array([False, False, False, False, False, False, False]),
                                'tri': array([False, False, False])},
                'spts_nodes': {'quad': array([[18, 28, 11, 10],
       [32, 31, 28, 29],
       [24, 31, 23, 32],
       [24, 23, 25, 14],
       [18, 19, 28, 32],
       [19, 13, 23, 14],
       [18, 12, 19, 13]]),
                               'tri': array([[14, 15, 25],
       [19, 23, 32],
       [12, 18, 11]])}},
        strict_geometry=True)
[Rank 0] SubMesh(etypes=['quad', 'tri'],
        eidxs_base={'quad': array([ 0, 12, 14, 18,  4, 19, 21]),
                    'tri': array([3, 1, 5])},
        eidxs={'quad': array([ 0,  4, 12, 14, 18, 19, 21]),
               'tri': array([1, 3, 5])},
        conn=array([[ 0,  1,  0,  0,  1, 19,  3],
       [ 0,  1,  1,  0,  1, 14,  2],
       [ 0,  1,  2,  0,  1,  4,  1],
       [ 0,  3,  0, -1, -1, -1,  3],
       [ 0,  3,  1,  1,  0,  0,  0],
       [ 0,  3,  2,  0,  1, 18,  2],
       [ 0,  5,  0,  0,  1, 21,  0],
       [ 0,  5,  1,  0,  1,  0,  3],
       [ 0,  5,  2, -1, -1, -1,  2],
       [ 1,  0,  0,  0,  1,  4,  3],
       [ 1,  0,  1,  2,  1, 15,  0],
       [ 1,  0,  2, -1, -1, -1,  2],
       [ 1,  0,  3,  0,  0,  5,  1],
       [ 1,  4,  0,  0,  1, 21,  3],
       [ 1,  4,  1,  0,  0,  1,  2],
       [ 1,  4,  2,  0,  1, 12,  3],
       [ 1,  4,  3,  0,  1,  0,  0],
       [ 1, 12,  0,  0,  1, 14,  1],
       [ 1, 12,  1,  1,  1,  1,  1],
       [ 1, 12,  2,  2,  1, 15,  1],
       [ 1, 12,  3,  0,  1,  4,  2],
       [ 1, 14,  0,  1,  1,  6,  1],
       [ 1, 14,  1,  0,  1, 12,  0],
       [ 1, 14,  2,  0,  0,  1,  1],
       [ 1, 14,  3,  0,  1, 18,  0],
       [ 1, 18,  0,  0,  1, 14,  3],
       [ 1, 18,  1,  0,  1, 19,  2],
       [ 1, 18,  2,  0,  0,  3,  2],
       [ 1, 18,  3,  1,  1,  7,  2],
       [ 1, 19,  0,  0,  1, 21,  2],
       [ 1, 19,  1, -1, -1, -1,  3],
       [ 1, 19,  2,  0,  1, 18,  1],
       [ 1, 19,  3,  0,  0,  1,  0],
       [ 1, 21,  0,  0,  0,  5,  0],
       [ 1, 21,  1, -1, -1, -1,  3],
       [ 1, 21,  2,  0,  1, 19,  0],
       [ 1, 21,  3,  0,  1,  4,  0]]),
        arrays={'spts': {'quad': array([[[0.83782797, 0.76479963],
        [0.7818017 , 0.58014363],
        [1.        , 0.75      ],
        [1.        , 0.5       ]],

       [[0.63002644, 0.6375102 ],
        [0.49592129, 0.49379152],
        [0.7818017 , 0.58014363],
        [0.68074413, 0.41970635]],

       [[0.38534186, 0.6857371 ],
        [0.49592129, 0.49379152],
        [0.52285327, 0.80110305],
        [0.63002644, 0.6375102 ]],

       [[0.38534186, 0.6857371 ],
        [0.52285327, 0.80110305],
        [0.32888457, 0.85398126],
        [0.5       , 1.        ]],

       [[0.83782797, 0.76479963],
        [0.71431293, 0.82270356],
        [0.7818017 , 0.58014363],
        [0.63002644, 0.6375102 ]],

       [[0.71431293, 0.82270356],
        [0.75      , 1.        ],
        [0.52285327, 0.80110305],
        [0.5       , 1.        ]],

       [[0.83782797, 0.76479963],
        [1.        , 1.        ],
        [0.71431293, 0.82270356],
        [0.75      , 1.        ]]]),
                         'tri': array([[[0.5       , 1.        ],
        [0.25      , 1.        ],
        [0.32888457, 0.85398126]],

       [[0.71431293, 0.82270356],
        [0.52285327, 0.80110305],
        [0.63002644, 0.6375102 ]],

       [[1.        , 1.        ],
        [0.83782797, 0.76479963],
        [1.        , 0.75      ]]])},
                'spts_curved': {'quad': array([False, False, False, False, False, False, False]),
                                'tri': array([False, False, False])},
                'spts_nodes': {'quad': array([[18, 28, 11, 10],
       [32, 31, 28, 29],
       [24, 31, 23, 32],
       [24, 23, 25, 14],
       [18, 19, 28, 32],
       [19, 13, 23, 14],
       [18, 12, 19, 13]]),
                               'tri': array([[14, 15, 25],
       [19, 23, 32],
       [12, 18, 11]])}},
        strict_geometry=True)
[Rank 0] Base totals  →  elems=30 conn-rows=112
[Rank 0] SubMesh(etypes=['quad', 'tri'],
        eidxs_base={'quad': array([ 0, 12, 14, 18,  4, 19, 21]),
                    'tri': array([3, 1, 5])},
        eidxs={'quad': array([ 0, 12, 14, 18,  4, 19, 21]),
               'tri': array([3, 1, 5])},
        conn=array([[ 0,  1,  0,  0,  1, 19,  3],
       [ 0,  1,  1,  0,  1, 14,  2],
       [ 0,  1,  2,  0,  1,  4,  1],
       [ 0,  3,  0, -1, -1, -1,  3],
       [ 0,  3,  1,  1,  0,  0,  0],
       [ 0,  3,  2,  0,  1, 18,  2],
       [ 0,  5,  0,  0,  1, 21,  0],
       [ 0,  5,  1,  0,  1,  0,  3],
       [ 0,  5,  2, -1, -1, -1,  2],
       [ 1,  0,  0,  0,  1,  4,  3],
       [ 1,  0,  1,  2,  1, 15,  0],
       [ 1,  0,  2, -1, -1, -1,  2],
       [ 1,  0,  3,  0,  0,  5,  1],
       [ 1,  4,  0,  0,  1, 21,  3],
       [ 1,  4,  1,  0,  0,  1,  2],
       [ 1,  4,  2,  0,  1, 12,  3],
       [ 1,  4,  3,  0,  1,  0,  0],
       [ 1, 12,  0,  0,  1, 14,  1],
       [ 1, 12,  1,  2,  1,  1,  1],
       [ 1, 12,  2,  2,  1, 15,  1],
       [ 1, 12,  3,  0,  1,  4,  2],
       [ 1, 14,  0,  1,  1,  6,  1],
       [ 1, 14,  1,  0,  1, 12,  0],
       [ 1, 14,  2,  0,  0,  1,  1],
       [ 1, 14,  3,  0,  1, 18,  0],
       [ 1, 18,  0,  0,  1, 14,  3],
       [ 1, 18,  1,  0,  1, 19,  2],
       [ 1, 18,  2,  0,  0,  3,  2],
       [ 1, 18,  3,  1,  1,  7,  2],
       [ 1, 19,  0,  0,  1, 21,  2],
       [ 1, 19,  1, -1, -1, -1,  3],
       [ 1, 19,  2,  0,  1, 18,  1],
       [ 1, 19,  3,  0,  0,  1,  0],
       [ 1, 21,  0,  0,  0,  5,  0],
       [ 1, 21,  1, -1, -1, -1,  3],
       [ 1, 21,  2,  0,  1, 19,  0],
       [ 1, 21,  3,  0,  1,  4,  0]]),
        arrays={'spts': {'quad': array([[[0.83782797, 0.76479963],
        [0.7818017 , 0.58014363],
        [1.        , 0.75      ],
        [1.        , 0.5       ]],

       [[0.63002644, 0.6375102 ],
        [0.49592129, 0.49379152],
        [0.7818017 , 0.58014363],
        [0.68074413, 0.41970635]],

       [[0.38534186, 0.6857371 ],
        [0.49592129, 0.49379152],
        [0.52285327, 0.80110305],
        [0.63002644, 0.6375102 ]],

       [[0.38534186, 0.6857371 ],
        [0.52285327, 0.80110305],
        [0.32888457, 0.85398126],
        [0.5       , 1.        ]],

       [[0.83782797, 0.76479963],
        [0.71431293, 0.82270356],
        [0.7818017 , 0.58014363],
        [0.63002644, 0.6375102 ]],

       [[0.71431293, 0.82270356],
        [0.75      , 1.        ],
        [0.52285327, 0.80110305],
        [0.5       , 1.        ]],

       [[0.83782797, 0.76479963],
        [1.        , 1.        ],
        [0.71431293, 0.82270356],
        [0.75      , 1.        ]]]),
                         'tri': array([[[0.5       , 1.        ],
        [0.25      , 1.        ],
        [0.32888457, 0.85398126]],

       [[0.71431293, 0.82270356],
        [0.52285327, 0.80110305],
        [0.63002644, 0.6375102 ]],

       [[1.        , 1.        ],
        [0.83782797, 0.76479963],
        [1.        , 0.75      ]]])},
                'spts_curved': {'quad': array([False, False, False, False, False, False, False]),
                                'tri': array([False, False, False])},
                'spts_nodes': {'quad': array([[18, 28, 11, 10],
       [32, 31, 28, 29],
       [24, 31, 23, 32],
       [24, 23, 25, 14],
       [18, 19, 28, 32],
       [19, 13, 23, 14],
       [18, 12, 19, 13]]),
                               'tri': array([[14, 15, 25],
       [19, 23, 32],
       [12, 18, 11]])}},
        strict_geometry=True)
[Rank 0] SubMesh(etypes=['quad', 'tri'],
        eidxs_base={'quad': array([ 0, 12, 14, 18,  4, 19, 21]),
                    'tri': array([3, 1, 5])},
        eidxs={'quad': array([ 0,  4, 12, 14, 18, 19, 21]),
               'tri': array([1, 3, 5])},
        conn=array([[ 0,  1,  0,  0,  1, 19,  3],
       [ 0,  1,  1,  0,  1, 14,  2],
       [ 0,  1,  2,  0,  1,  4,  1],
       [ 0,  3,  0, -1, -1, -1,  3],
       [ 0,  3,  1,  1,  0,  0,  0],
       [ 0,  3,  2,  0,  1, 18,  2],
       [ 0,  5,  0,  0,  1, 21,  0],
       [ 0,  5,  1,  0,  1,  0,  3],
       [ 0,  5,  2, -1, -1, -1,  2],
       [ 1,  0,  0,  0,  1,  4,  3],
       [ 1,  0,  1,  2,  1, 15,  0],
       [ 1,  0,  2, -1, -1, -1,  2],
       [ 1,  0,  3,  0,  0,  5,  1],
       [ 1,  4,  0,  0,  1, 21,  3],
       [ 1,  4,  1,  0,  0,  1,  2],
       [ 1,  4,  2,  0,  1, 12,  3],
       [ 1,  4,  3,  0,  1,  0,  0],
       [ 1, 12,  0,  0,  1, 14,  1],
       [ 1, 12,  1,  2,  1,  1,  1],
       [ 1, 12,  2,  2,  1, 15,  1],
       [ 1, 12,  3,  0,  1,  4,  2],
       [ 1, 14,  0,  1,  1,  6,  1],
       [ 1, 14,  1,  0,  1, 12,  0],
       [ 1, 14,  2,  0,  0,  1,  1],
       [ 1, 14,  3,  0,  1, 18,  0],
       [ 1, 18,  0,  0,  1, 14,  3],
       [ 1, 18,  1,  0,  1, 19,  2],
       [ 1, 18,  2,  0,  0,  3,  2],
       [ 1, 18,  3,  1,  1,  7,  2],
       [ 1, 19,  0,  0,  1, 21,  2],
       [ 1, 19,  1, -1, -1, -1,  3],
       [ 1, 19,  2,  0,  1, 18,  1],
       [ 1, 19,  3,  0,  0,  1,  0],
       [ 1, 21,  0,  0,  0,  5,  0],
       [ 1, 21,  1, -1, -1, -1,  3],
       [ 1, 21,  2,  0,  1, 19,  0],
       [ 1, 21,  3,  0,  1,  4,  0]]),
        arrays={'spts': {'quad': array([[[0.83782797, 0.76479963],
        [0.7818017 , 0.58014363],
        [1.        , 0.75      ],
        [1.        , 0.5       ]],

       [[0.63002644, 0.6375102 ],
        [0.49592129, 0.49379152],
        [0.7818017 , 0.58014363],
        [0.68074413, 0.41970635]],

       [[0.38534186, 0.6857371 ],
        [0.49592129, 0.49379152],
        [0.52285327, 0.80110305],
        [0.63002644, 0.6375102 ]],

       [[0.38534186, 0.6857371 ],
        [0.52285327, 0.80110305],
        [0.32888457, 0.85398126],
        [0.5       , 1.        ]],

       [[0.83782797, 0.76479963],
        [0.71431293, 0.82270356],
        [0.7818017 , 0.58014363],
        [0.63002644, 0.6375102 ]],

       [[0.71431293, 0.82270356],
        [0.75      , 1.        ],
        [0.52285327, 0.80110305],
        [0.5       , 1.        ]],

       [[0.83782797, 0.76479963],
        [1.        , 1.        ],
        [0.71431293, 0.82270356],
        [0.75      , 1.        ]]]),
                         'tri': array([[[0.5       , 1.        ],
        [0.25      , 1.        ],
        [0.32888457, 0.85398126]],

       [[0.71431293, 0.82270356],
        [0.52285327, 0.80110305],
        [0.63002644, 0.6375102 ]],

       [[1.        , 1.        ],
        [0.83782797, 0.76479963],
        [1.        , 0.75      ]]])},
                'spts_curved': {'quad': array([False, False, False, False, False, False, False]),
                                'tri': array([False, False, False])},
                'spts_nodes': {'quad': array([[18, 28, 11, 10],
       [32, 31, 28, 29],
       [24, 31, 23, 32],
       [24, 23, 25, 14],
       [18, 19, 28, 32],
       [19, 13, 23, 14],
       [18, 12, 19, 13]]),
                               'tri': array([[14, 15, 25],
       [19, 23, 32],
       [12, 18, 11]])}},
        strict_geometry=True)
[Rank 0] SubMesh(etypes=['quad', 'tri'],
        eidxs_base={'quad': array([ 0, 12, 14, 18,  4, 19, 21]),
                    'tri': array([3, 1, 5])},
        eidxs={'quad': array([ 0,  4, 12, 14, 18, 19, 21]),
               'tri': array([1, 3, 5])},
        conn=array([[ 0,  1,  0,  0,  1, 19,  3],
       [ 0,  1,  1,  0,  1, 14,  2],
       [ 0,  1,  2,  0,  1,  4,  1],
       [ 0,  3,  0, -1, -1, -1,  3],
       [ 0,  3,  1,  1,  0,  0,  0],
       [ 0,  3,  2,  0,  1, 18,  2],
       [ 0,  5,  0,  0,  1, 21,  0],
       [ 0,  5,  1,  0,  1,  0,  3],
       [ 0,  5,  2, -1, -1, -1,  2],
       [ 1,  0,  0,  0,  1,  4,  3],
       [ 1,  0,  1,  2,  1, 15,  0],
       [ 1,  0,  2, -1, -1, -1,  2],
       [ 1,  0,  3,  0,  0,  5,  1],
       [ 1,  4,  0,  0,  1, 21,  3],
       [ 1,  4,  1,  0,  0,  1,  2],
       [ 1,  4,  2,  0,  1, 12,  3],
       [ 1,  4,  3,  0,  1,  0,  0],
       [ 1, 12,  0,  0,  1, 14,  1],
       [ 1, 12,  1,  1,  1,  1,  1],
       [ 1, 12,  2,  2,  1, 15,  1],
       [ 1, 12,  3,  0,  1,  4,  2],
       [ 1, 14,  0,  1,  1,  6,  1],
       [ 1, 14,  1,  0,  1, 12,  0],
       [ 1, 14,  2,  0,  0,  1,  1],
       [ 1, 14,  3,  0,  1, 18,  0],
       [ 1, 18,  0,  0,  1, 14,  3],
       [ 1, 18,  1,  0,  1, 19,  2],
       [ 1, 18,  2,  0,  0,  3,  2],
       [ 1, 18,  3,  1,  1,  7,  2],
       [ 1, 19,  0,  0,  1, 21,  2],
       [ 1, 19,  1, -1, -1, -1,  3],
       [ 1, 19,  2,  0,  1, 18,  1],
       [ 1, 19,  3,  0,  0,  1,  0],
       [ 1, 21,  0,  0,  0,  5,  0],
       [ 1, 21,  1, -1, -1, -1,  3],
       [ 1, 21,  2,  0,  1, 19,  0],
       [ 1, 21,  3,  0,  1,  4,  0]]),
        arrays={'spts': {'quad': array([[[0.83782797, 0.76479963],
        [0.7818017 , 0.58014363],
        [1.        , 0.75      ],
        [1.        , 0.5       ]],

       [[0.63002644, 0.6375102 ],
        [0.49592129, 0.49379152],
        [0.7818017 , 0.58014363],
        [0.68074413, 0.41970635]],

       [[0.38534186, 0.6857371 ],
        [0.49592129, 0.49379152],
        [0.52285327, 0.80110305],
        [0.63002644, 0.6375102 ]],

       [[0.38534186, 0.6857371 ],
        [0.52285327, 0.80110305],
        [0.32888457, 0.85398126],
        [0.5       , 1.        ]],

       [[0.83782797, 0.76479963],
        [0.71431293, 0.82270356],
        [0.7818017 , 0.58014363],
        [0.63002644, 0.6375102 ]],

       [[0.71431293, 0.82270356],
        [0.75      , 1.        ],
        [0.52285327, 0.80110305],
        [0.5       , 1.        ]],

       [[0.83782797, 0.76479963],
        [1.        , 1.        ],
        [0.71431293, 0.82270356],
        [0.75      , 1.        ]]]),
                         'tri': array([[[0.5       , 1.        ],
        [0.25      , 1.        ],
        [0.32888457, 0.85398126]],

       [[0.71431293, 0.82270356],
        [0.52285327, 0.80110305],
        [0.63002644, 0.6375102 ]],

       [[1.        , 1.        ],
        [0.83782797, 0.76479963],
        [1.        , 0.75      ]]])},
                'spts_curved': {'quad': array([False, False, False, False, False, False, False]),
                                'tri': array([False, False, False])},
                'spts_nodes': {'quad': array([[18, 28, 11, 10],
       [32, 31, 28, 29],
       [24, 31, 23, 32],
       [24, 23, 25, 14],
       [18, 19, 28, 32],
       [19, 13, 23, 14],
       [18, 12, 19, 13]]),
                               'tri': array([[14, 15, 25],
       [19, 23, 32],
       [12, 18, 11]])}},
        strict_geometry=True)
[Rank 0] Base totals  →  elems=30 conn-rows=112
[Rank 0] SubMesh(etypes=['quad', 'tri'],
        eidxs_base={'quad': array([ 0, 12, 14, 18,  4, 19, 21]),
                    'tri': array([3, 1, 5])},
        eidxs={'quad': array([ 0, 12, 14, 18,  4, 19, 21]),
               'tri': array([3, 1, 5])},
        conn=array([[ 0,  1,  0,  0,  1, 19,  3],
       [ 0,  1,  1,  0,  1, 14,  2],
       [ 0,  1,  2,  0,  1,  4,  1],
       [ 0,  3,  0, -1, -1, -1,  3],
       [ 0,  3,  1,  1,  0,  0,  0],
       [ 0,  3,  2,  0,  1, 18,  2],
       [ 0,  5,  0,  0,  1, 21,  0],
       [ 0,  5,  1,  0,  1,  0,  3],
       [ 0,  5,  2, -1, -1, -1,  2],
       [ 1,  0,  0,  0,  1,  4,  3],
       [ 1,  0,  1,  2,  1, 15,  0],
       [ 1,  0,  2, -1, -1, -1,  2],
       [ 1,  0,  3,  0,  0,  5,  1],
       [ 1,  4,  0,  0,  1, 21,  3],
       [ 1,  4,  1,  0,  0,  1,  2],
       [ 1,  4,  2,  0,  1, 12,  3],
       [ 1,  4,  3,  0,  1,  0,  0],
       [ 1, 12,  0,  0,  1, 14,  1],
       [ 1, 12,  1,  2,  1,  1,  1],
       [ 1, 12,  2,  2,  1, 15,  1],
       [ 1, 12,  3,  0,  1,  4,  2],
       [ 1, 14,  0,  1,  1,  6,  1],
       [ 1, 14,  1,  0,  1, 12,  0],
       [ 1, 14,  2,  0,  0,  1,  1],
       [ 1, 14,  3,  0,  1, 18,  0],
       [ 1, 18,  0,  0,  1, 14,  3],
       [ 1, 18,  1,  0,  1, 19,  2],
       [ 1, 18,  2,  0,  0,  3,  2],
       [ 1, 18,  3,  1,  1,  7,  2],
       [ 1, 19,  0,  0,  1, 21,  2],
       [ 1, 19,  1, -1, -1, -1,  3],
       [ 1, 19,  2,  0,  1, 18,  1],
       [ 1, 19,  3,  0,  0,  1,  0],
       [ 1, 21,  0,  0,  0,  5,  0],
       [ 1, 21,  1, -1, -1, -1,  3],
       [ 1, 21,  2,  0,  1, 19,  0],
       [ 1, 21,  3,  0,  1,  4,  0]]),
        arrays={'spts': {'quad': array([[[0.83782797, 0.76479963],
        [0.7818017 , 0.58014363],
        [1.        , 0.75      ],
        [1.        , 0.5       ]],

       [[0.63002644, 0.6375102 ],
        [0.49592129, 0.49379152],
        [0.7818017 , 0.58014363],
        [0.68074413, 0.41970635]],

       [[0.38534186, 0.6857371 ],
        [0.49592129, 0.49379152],
        [0.52285327, 0.80110305],
        [0.63002644, 0.6375102 ]],

       [[0.38534186, 0.6857371 ],
        [0.52285327, 0.80110305],
        [0.32888457, 0.85398126],
        [0.5       , 1.        ]],

       [[0.83782797, 0.76479963],
        [0.71431293, 0.82270356],
        [0.7818017 , 0.58014363],
        [0.63002644, 0.6375102 ]],

       [[0.71431293, 0.82270356],
        [0.75      , 1.        ],
        [0.52285327, 0.80110305],
        [0.5       , 1.        ]],

       [[0.83782797, 0.76479963],
        [1.        , 1.        ],
        [0.71431293, 0.82270356],
        [0.75      , 1.        ]]]),
                         'tri': array([[[0.5       , 1.        ],
        [0.25      , 1.        ],
        [0.32888457, 0.85398126]],

       [[0.71431293, 0.82270356],
        [0.52285327, 0.80110305],
        [0.63002644, 0.6375102 ]],

       [[1.        , 1.        ],
        [0.83782797, 0.76479963],
        [1.        , 0.75      ]]])},
                'spts_curved': {'quad': array([False, False, False, False, False, False, False]),
                                'tri': array([False, False, False])},
                'spts_nodes': {'quad': array([[18, 28, 11, 10],
       [32, 31, 28, 29],
       [24, 31, 23, 32],
       [24, 23, 25, 14],
       [18, 19, 28, 32],
       [19, 13, 23, 14],
       [18, 12, 19, 13]]),
                               'tri': array([[14, 15, 25],
       [19, 23, 32],
       [12, 18, 11]])}},
        strict_geometry=True)
[Rank 0] Base totals  →  elems=30 conn-rows=112
[Rank 0] SubMesh(etypes=['quad', 'tri'],
        eidxs_base={'quad': array([ 0, 12, 14, 18,  4, 19, 21]),
                    'tri': array([3, 1, 5])},
        eidxs={'quad': array([ 0, 12, 14, 18,  4, 19, 21]),
               'tri': array([3, 1, 5])},
        conn=array([[ 0,  1,  0,  0,  1, 19,  3],
       [ 0,  1,  1,  0,  1, 14,  2],
       [ 0,  1,  2,  0,  1,  4,  1],
       [ 0,  3,  0, -1, -1, -1,  3],
       [ 0,  3,  1,  1,  0,  0,  0],
       [ 0,  3,  2,  0,  1, 18,  2],
       [ 0,  5,  0,  0,  1, 21,  0],
       [ 0,  5,  1,  0,  1,  0,  3],
       [ 0,  5,  2, -1, -1, -1,  2],
       [ 1,  0,  0,  0,  1,  4,  3],
       [ 1,  0,  1,  2,  1, 15,  0],
       [ 1,  0,  2, -1, -1, -1,  2],
       [ 1,  0,  3,  0,  0,  5,  1],
       [ 1,  4,  0,  0,  1, 21,  3],
       [ 1,  4,  1,  0,  0,  1,  2],
       [ 1,  4,  2,  0,  1, 12,  3],
       [ 1,  4,  3,  0,  1,  0,  0],
       [ 1, 12,  0,  0,  1, 14,  1],
       [ 1, 12,  1,  2,  1,  1,  1],
       [ 1, 12,  2,  2,  1, 15,  1],
       [ 1, 12,  3,  0,  1,  4,  2],
       [ 1, 14,  0,  1,  1,  6,  1],
       [ 1, 14,  1,  0,  1, 12,  0],
       [ 1, 14,  2,  0,  0,  1,  1],
       [ 1, 14,  3,  0,  1, 18,  0],
       [ 1, 18,  0,  0,  1, 14,  3],
       [ 1, 18,  1,  0,  1, 19,  2],
       [ 1, 18,  2,  0,  0,  3,  2],
       [ 1, 18,  3,  1,  1,  7,  2],
       [ 1, 19,  0,  0,  1, 21,  2],
       [ 1, 19,  1, -1, -1, -1,  3],
       [ 1, 19,  2,  0,  1, 18,  1],
       [ 1, 19,  3,  0,  0,  1,  0],
       [ 1, 21,  0,  0,  0,  5,  0],
       [ 1, 21,  1, -1, -1, -1,  3],
       [ 1, 21,  2,  0,  1, 19,  0],
       [ 1, 21,  3,  0,  1,  4,  0]]),
        arrays={'spts': {'quad': array([[[0.83782797, 0.76479963],
        [0.7818017 , 0.58014363],
        [1.        , 0.75      ],
        [1.        , 0.5       ]],

       [[0.63002644, 0.6375102 ],
        [0.49592129, 0.49379152],
        [0.7818017 , 0.58014363],
        [0.68074413, 0.41970635]],

       [[0.38534186, 0.6857371 ],
        [0.49592129, 0.49379152],
        [0.52285327, 0.80110305],
        [0.63002644, 0.6375102 ]],

       [[0.38534186, 0.6857371 ],
        [0.52285327, 0.80110305],
        [0.32888457, 0.85398126],
        [0.5       , 1.        ]],

       [[0.83782797, 0.76479963],
        [0.71431293, 0.82270356],
        [0.7818017 , 0.58014363],
        [0.63002644, 0.6375102 ]],

       [[0.71431293, 0.82270356],
        [0.75      , 1.        ],
        [0.52285327, 0.80110305],
        [0.5       , 1.        ]],

       [[0.83782797, 0.76479963],
        [1.        , 1.        ],
        [0.71431293, 0.82270356],
        [0.75      , 1.        ]]]),
                         'tri': array([[[0.5       , 1.        ],
        [0.25      , 1.        ],
        [0.32888457, 0.85398126]],

       [[0.71431293, 0.82270356],
        [0.52285327, 0.80110305],
        [0.63002644, 0.6375102 ]],

       [[1.        , 1.        ],
        [0.83782797, 0.76479963],
        [1.        , 0.75      ]]])},
                'spts_curved': {'quad': array([False, False, False, False, False, False, False]),
                                'tri': array([False, False, False])},
                'spts_nodes': {'quad': array([[18, 28, 11, 10],
       [32, 31, 28, 29],
       [24, 31, 23, 32],
       [24, 23, 25, 14],
       [18, 19, 28, 32],
       [19, 13, 23, 14],
       [18, 12, 19, 13]]),
                               'tri': array([[14, 15, 25],
       [19, 23, 32],
       [12, 18, 11]])}},
        strict_geometry=True)
[Rank 0] SubMesh(etypes=['quad', 'tri'],
        eidxs_base={'quad': array([ 0, 12, 14, 18,  4, 19, 21]),
                    'tri': array([3, 1, 5])},
        eidxs={'quad': array([ 0,  4, 12, 14, 18, 19, 21]),
               'tri': array([1, 3, 5])},
        conn=array([[ 0,  1,  0,  0,  1, 19,  3],
       [ 0,  1,  1,  0,  1, 14,  2],
       [ 0,  1,  2,  0,  1,  4,  1],
       [ 0,  3,  0, -1, -1, -1,  3],
       [ 0,  3,  1,  1,  0,  0,  0],
       [ 0,  3,  2,  0,  1, 18,  2],
       [ 0,  5,  0,  0,  1, 21,  0],
       [ 0,  5,  1,  0,  1,  0,  3],
       [ 0,  5,  2, -1, -1, -1,  2],
       [ 1,  0,  0,  0,  1,  4,  3],
       [ 1,  0,  1,  2,  1, 15,  0],
       [ 1,  0,  2, -1, -1, -1,  2],
       [ 1,  0,  3,  0,  0,  5,  1],
       [ 1,  4,  0,  0,  1, 21,  3],
       [ 1,  4,  1,  0,  0,  1,  2],
       [ 1,  4,  2,  0,  1, 12,  3],
       [ 1,  4,  3,  0,  1,  0,  0],
       [ 1, 12,  0,  0,  1, 14,  1],
       [ 1, 12,  1,  2,  1,  1,  1],
       [ 1, 12,  2,  2,  1, 15,  1],
       [ 1, 12,  3,  0,  1,  4,  2],
       [ 1, 14,  0,  1,  1,  6,  1],
       [ 1, 14,  1,  0,  1, 12,  0],
       [ 1, 14,  2,  0,  0,  1,  1],
       [ 1, 14,  3,  0,  1, 18,  0],
       [ 1, 18,  0,  0,  1, 14,  3],
       [ 1, 18,  1,  0,  1, 19,  2],
       [ 1, 18,  2,  0,  0,  3,  2],
       [ 1, 18,  3,  1,  1,  7,  2],
       [ 1, 19,  0,  0,  1, 21,  2],
       [ 1, 19,  1, -1, -1, -1,  3],
       [ 1, 19,  2,  0,  1, 18,  1],
       [ 1, 19,  3,  0,  0,  1,  0],
       [ 1, 21,  0,  0,  0,  5,  0],
       [ 1, 21,  1, -1, -1, -1,  3],
       [ 1, 21,  2,  0,  1, 19,  0],
       [ 1, 21,  3,  0,  1,  4,  0]]),
        arrays={'spts': {'quad': array([[[0.83782797, 0.76479963],
        [0.7818017 , 0.58014363],
        [1.        , 0.75      ],
        [1.        , 0.5       ]],

       [[0.63002644, 0.6375102 ],
        [0.49592129, 0.49379152],
        [0.7818017 , 0.58014363],
        [0.68074413, 0.41970635]],

       [[0.38534186, 0.6857371 ],
        [0.49592129, 0.49379152],
        [0.52285327, 0.80110305],
        [0.63002644, 0.6375102 ]],

       [[0.38534186, 0.6857371 ],
        [0.52285327, 0.80110305],
        [0.32888457, 0.85398126],
        [0.5       , 1.        ]],

       [[0.83782797, 0.76479963],
        [0.71431293, 0.82270356],
        [0.7818017 , 0.58014363],
        [0.63002644, 0.6375102 ]],

       [[0.71431293, 0.82270356],
        [0.75      , 1.        ],
        [0.52285327, 0.80110305],
        [0.5       , 1.        ]],

       [[0.83782797, 0.76479963],
        [1.        , 1.        ],
        [0.71431293, 0.82270356],
        [0.75      , 1.        ]]]),
                         'tri': array([[[0.5       , 1.        ],
        [0.25      , 1.        ],
        [0.32888457, 0.85398126]],

       [[0.71431293, 0.82270356],
        [0.52285327, 0.80110305],
        [0.63002644, 0.6375102 ]],

       [[1.        , 1.        ],
        [0.83782797, 0.76479963],
        [1.        , 0.75      ]]])},
                'spts_curved': {'quad': array([False, False, False, False, False, False, False]),
                                'tri': array([False, False, False])},
                'spts_nodes': {'quad': array([[18, 28, 11, 10],
       [32, 31, 28, 29],
       [24, 31, 23, 32],
       [24, 23, 25, 14],
       [18, 19, 28, 32],
       [19, 13, 23, 14],
       [18, 12, 19, 13]]),
                               'tri': array([[14, 15, 25],
       [19, 23, 32],
       [12, 18, 11]])}},
        strict_geometry=True)
[Rank 0] SubMesh(etypes=['quad', 'tri'],
        eidxs_base={'quad': array([ 0, 12, 14, 18,  4, 19, 21]),
                    'tri': array([3, 1, 5])},
        eidxs={'quad': array([ 0,  4, 12, 14, 18, 19, 21]),
               'tri': array([1, 3, 5])},
        conn=array([[ 0,  1,  0,  0,  1, 19,  3],
       [ 0,  1,  1,  0,  1, 14,  2],
       [ 0,  1,  2,  0,  1,  4,  1],
       [ 0,  3,  0, -1, -1, -1,  3],
       [ 0,  3,  1,  1,  0,  0,  0],
       [ 0,  3,  2,  0,  1, 18,  2],
       [ 0,  5,  0,  0,  1, 21,  0],
       [ 0,  5,  1,  0,  1,  0,  3],
       [ 0,  5,  2, -1, -1, -1,  2],
       [ 1,  0,  0,  0,  1,  4,  3],
       [ 1,  0,  1,  2,  1, 15,  0],
       [ 1,  0,  2, -1, -1, -1,  2],
       [ 1,  0,  3,  0,  0,  5,  1],
       [ 1,  4,  0,  0,  1, 21,  3],
       [ 1,  4,  1,  0,  0,  1,  2],
       [ 1,  4,  2,  0,  1, 12,  3],
       [ 1,  4,  3,  0,  1,  0,  0],
       [ 1, 12,  0,  0,  1, 14,  1],
       [ 1, 12,  1,  1,  1,  1,  1],
       [ 1, 12,  2,  2,  1, 15,  1],
       [ 1, 12,  3,  0,  1,  4,  2],
       [ 1, 14,  0,  1,  1,  6,  1],
       [ 1, 14,  1,  0,  1, 12,  0],
       [ 1, 14,  2,  0,  0,  1,  1],
       [ 1, 14,  3,  0,  1, 18,  0],
       [ 1, 18,  0,  0,  1, 14,  3],
       [ 1, 18,  1,  0,  1, 19,  2],
       [ 1, 18,  2,  0,  0,  3,  2],
       [ 1, 18,  3,  1,  1,  7,  2],
       [ 1, 19,  0,  0,  1, 21,  2],
       [ 1, 19,  1, -1, -1, -1,  3],
       [ 1, 19,  2,  0,  1, 18,  1],
       [ 1, 19,  3,  0,  0,  1,  0],
       [ 1, 21,  0,  0,  0,  5,  0],
       [ 1, 21,  1, -1, -1, -1,  3],
       [ 1, 21,  2,  0,  1, 19,  0],
       [ 1, 21,  3,  0,  1,  4,  0]]),
        arrays={'spts': {'quad': array([[[0.83782797, 0.76479963],
        [0.7818017 , 0.58014363],
        [1.        , 0.75      ],
        [1.        , 0.5       ]],

       [[0.63002644, 0.6375102 ],
        [0.49592129, 0.49379152],
        [0.7818017 , 0.58014363],
        [0.68074413, 0.41970635]],

       [[0.38534186, 0.6857371 ],
        [0.49592129, 0.49379152],
        [0.52285327, 0.80110305],
        [0.63002644, 0.6375102 ]],

       [[0.38534186, 0.6857371 ],
        [0.52285327, 0.80110305],
        [0.32888457, 0.85398126],
        [0.5       , 1.        ]],

       [[0.83782797, 0.76479963],
        [0.71431293, 0.82270356],
        [0.7818017 , 0.58014363],
        [0.63002644, 0.6375102 ]],

       [[0.71431293, 0.82270356],
        [0.75      , 1.        ],
        [0.52285327, 0.80110305],
        [0.5       , 1.        ]],

       [[0.83782797, 0.76479963],
        [1.        , 1.        ],
        [0.71431293, 0.82270356],
        [0.75      , 1.        ]]]),
                         'tri': array([[[0.5       , 1.        ],
        [0.25      , 1.        ],
        [0.32888457, 0.85398126]],

       [[0.71431293, 0.82270356],
        [0.52285327, 0.80110305],
        [0.63002644, 0.6375102 ]],

       [[1.        , 1.        ],
        [0.83782797, 0.76479963],
        [1.        , 0.75      ]]])},
                'spts_curved': {'quad': array([False, False, False, False, False, False, False]),
                                'tri': array([False, False, False])},
                'spts_nodes': {'quad': array([[18, 28, 11, 10],
       [32, 31, 28, 29],
       [24, 31, 23, 32],
       [24, 23, 25, 14],
       [18, 19, 28, 32],
       [19, 13, 23, 14],
       [18, 12, 19, 13]]),
                               'tri': array([[14, 15, 25],
       [19, 23, 32],
       [12, 18, 11]])}},
        strict_geometry=True)
[Rank 0] Base totals  →  elems=30 conn-rows=112
[Rank 0] SubMesh(etypes=['quad', 'tri'],
        eidxs_base={'quad': array([ 0, 12, 14, 18,  4, 19, 21]),
                    'tri': array([3, 1, 5])},
        eidxs={'quad': array([ 0, 12, 14, 18,  4, 19, 21]),
               'tri': array([3, 1, 5])},
        conn=array([[ 0,  1,  0,  0,  1, 19,  3],
       [ 0,  1,  1,  0,  1, 14,  2],
       [ 0,  1,  2,  0,  1,  4,  1],
       [ 0,  3,  0, -1, -1, -1,  3],
       [ 0,  3,  1,  1,  0,  0,  0],
       [ 0,  3,  2,  0,  1, 18,  2],
       [ 0,  5,  0,  0,  1, 21,  0],
       [ 0,  5,  1,  0,  1,  0,  3],
       [ 0,  5,  2, -1, -1, -1,  2],
       [ 1,  0,  0,  0,  1,  4,  3],
       [ 1,  0,  1,  2,  1, 15,  0],
       [ 1,  0,  2, -1, -1, -1,  2],
       [ 1,  0,  3,  0,  0,  5,  1],
       [ 1,  4,  0,  0,  1, 21,  3],
       [ 1,  4,  1,  0,  0,  1,  2],
       [ 1,  4,  2,  0,  1, 12,  3],
       [ 1,  4,  3,  0,  1,  0,  0],
       [ 1, 12,  0,  0,  1, 14,  1],
       [ 1, 12,  1,  2,  1,  1,  1],
       [ 1, 12,  2,  2,  1, 15,  1],
       [ 1, 12,  3,  0,  1,  4,  2],
       [ 1, 14,  0,  1,  1,  6,  1],
       [ 1, 14,  1,  0,  1, 12,  0],
       [ 1, 14,  2,  0,  0,  1,  1],
       [ 1, 14,  3,  0,  1, 18,  0],
       [ 1, 18,  0,  0,  1, 14,  3],
       [ 1, 18,  1,  0,  1, 19,  2],
       [ 1, 18,  2,  0,  0,  3,  2],
       [ 1, 18,  3,  1,  1,  7,  2],
       [ 1, 19,  0,  0,  1, 21,  2],
       [ 1, 19,  1, -1, -1, -1,  3],
       [ 1, 19,  2,  0,  1, 18,  1],
       [ 1, 19,  3,  0,  0,  1,  0],
       [ 1, 21,  0,  0,  0,  5,  0],
       [ 1, 21,  1, -1, -1, -1,  3],
       [ 1, 21,  2,  0,  1, 19,  0],
       [ 1, 21,  3,  0,  1,  4,  0]]),
        arrays={'spts': {'quad': array([[[0.83782797, 0.76479963],
        [0.7818017 , 0.58014363],
        [1.        , 0.75      ],
        [1.        , 0.5       ]],

       [[0.63002644, 0.6375102 ],
        [0.49592129, 0.49379152],
        [0.7818017 , 0.58014363],
        [0.68074413, 0.41970635]],

       [[0.38534186, 0.6857371 ],
        [0.49592129, 0.49379152],
        [0.52285327, 0.80110305],
        [0.63002644, 0.6375102 ]],

       [[0.38534186, 0.6857371 ],
        [0.52285327, 0.80110305],
        [0.32888457, 0.85398126],
        [0.5       , 1.        ]],

       [[0.83782797, 0.76479963],
        [0.71431293, 0.82270356],
        [0.7818017 , 0.58014363],
        [0.63002644, 0.6375102 ]],

       [[0.71431293, 0.82270356],
        [0.75      , 1.        ],
        [0.52285327, 0.80110305],
        [0.5       , 1.        ]],

       [[0.83782797, 0.76479963],
        [1.        , 1.        ],
        [0.71431293, 0.82270356],
        [0.75      , 1.        ]]]),
                         'tri': array([[[0.5       , 1.        ],
        [0.25      , 1.        ],
        [0.32888457, 0.85398126]],

       [[0.71431293, 0.82270356],
        [0.52285327, 0.80110305],
        [0.63002644, 0.6375102 ]],

       [[1.        , 1.        ],
        [0.83782797, 0.76479963],
        [1.        , 0.75      ]]])},
                'spts_curved': {'quad': array([False, False, False, False, False, False, False]),
                                'tri': array([False, False, False])},
                'spts_nodes': {'quad': array([[18, 28, 11, 10],
       [32, 31, 28, 29],
       [24, 31, 23, 32],
       [24, 23, 25, 14],
       [18, 19, 28, 32],
       [19, 13, 23, 14],
       [18, 12, 19, 13]]),
                               'tri': array([[14, 15, 25],
       [19, 23, 32],
       [12, 18, 11]])}})
[Rank 0] Base totals  →  elems=30 conn-rows=112
[Rank 0] SubMesh(etypes=['quad', 'tri'],
        eidxs_base={'quad': array([ 0, 12, 14, 18,  4, 19, 21]),
                    'tri': array([3, 1, 5])},
        eidxs={'quad': array([ 0, 12, 14, 18,  4, 19, 21]),
               'tri': array([3, 1, 5])},
        conn=array([[ 0,  1,  0,  0,  1, 19,  3],
       [ 0,  1,  1,  0,  1, 14,  2],
       [ 0,  1,  2,  0,  1,  4,  1],
       [ 0,  3,  0, -1, -1, -1,  3],
       [ 0,  3,  1,  1,  0,  0,  0],
       [ 0,  3,  2,  0,  1, 18,  2],
       [ 0,  5,  0,  0,  1, 21,  0],
       [ 0,  5,  1,  0,  1,  0,  3],
       [ 0,  5,  2, -1, -1, -1,  2],
       [ 1,  0,  0,  0,  1,  4,  3],
       [ 1,  0,  1,  2,  1, 15,  0],
       [ 1,  0,  2, -1, -1, -1,  2],
       [ 1,  0,  3,  0,  0,  5,  1],
       [ 1,  4,  0,  0,  1, 21,  3],
       [ 1,  4,  1,  0,  0,  1,  2],
       [ 1,  4,  2,  0,  1, 12,  3],
       [ 1,  4,  3,  0,  1,  0,  0],
       [ 1, 12,  0,  0,  1, 14,  1],
       [ 1, 12,  1,  2,  1,  1,  1],
       [ 1, 12,  2,  2,  1, 15,  1],
       [ 1, 12,  3,  0,  1,  4,  2],
       [ 1, 14,  0,  1,  1,  6,  1],
       [ 1, 14,  1,  0,  1, 12,  0],
       [ 1, 14,  2,  0,  0,  1,  1],
       [ 1, 14,  3,  0,  1, 18,  0],
       [ 1, 18,  0,  0,  1, 14,  3],
       [ 1, 18,  1,  0,  1, 19,  2],
       [ 1, 18,  2,  0,  0,  3,  2],
       [ 1, 18,  3,  1,  1,  7,  2],
       [ 1, 19,  0,  0,  1, 21,  2],
       [ 1, 19,  1, -1, -1, -1,  3],
       [ 1, 19,  2,  0,  1, 18,  1],
       [ 1, 19,  3,  0,  0,  1,  0],
       [ 1, 21,  0,  0,  0,  5,  0],
       [ 1, 21,  1, -1, -1, -1,  3],
       [ 1, 21,  2,  0,  1, 19,  0],
       [ 1, 21,  3,  0,  1,  4,  0]]),
        arrays={'spts': {'quad': array([[[0.83782797, 0.76479963],
        [0.7818017 , 0.58014363],
        [1.        , 0.75      ],
        [1.        , 0.5       ]],

       [[0.63002644, 0.6375102 ],
        [0.49592129, 0.49379152],
        [0.7818017 , 0.58014363],
        [0.68074413, 0.41970635]],

       [[0.38534186, 0.6857371 ],
        [0.49592129, 0.49379152],
        [0.52285327, 0.80110305],
        [0.63002644, 0.6375102 ]],

       [[0.38534186, 0.6857371 ],
        [0.52285327, 0.80110305],
        [0.32888457, 0.85398126],
        [0.5       , 1.        ]],

       [[0.83782797, 0.76479963],
        [0.71431293, 0.82270356],
        [0.7818017 , 0.58014363],
        [0.63002644, 0.6375102 ]],

       [[0.71431293, 0.82270356],
        [0.75      , 1.        ],
        [0.52285327, 0.80110305],
        [0.5       , 1.        ]],

       [[0.83782797, 0.76479963],
        [1.        , 1.        ],
        [0.71431293, 0.82270356],
        [0.75      , 1.        ]]]),
                         'tri': array([[[0.5       , 1.        ],
        [0.25      , 1.        ],
        [0.32888457, 0.85398126]],

       [[0.71431293, 0.82270356],
        [0.52285327, 0.80110305],
        [0.63002644, 0.6375102 ]],

       [[1.        , 1.        ],
        [0.83782797, 0.76479963],
        [1.        , 0.75      ]]])},
                'spts_curved': {'quad': array([False, False, False, False, False, False, False]),
                                'tri': array([False, False, False])},
                'spts_nodes': {'quad': array([[18, 28, 11, 10],
       [32, 31, 28, 29],
       [24, 31, 23, 32],
       [24, 23, 25, 14],
       [18, 19, 28, 32],
       [19, 13, 23, 14],
       [18, 12, 19, 13]]),
                               'tri': array([[14, 15, 25],
       [19, 23, 32],
       [12, 18, 11]])}})
[Rank 0] SubMesh(etypes=['quad', 'tri'],
        eidxs_base={'quad': array([ 0, 12, 14, 18,  4, 19, 21]),
                    'tri': array([3, 1, 5])},
        eidxs={'quad': array([ 0,  4, 12, 14, 18, 19, 21]),
               'tri': array([1, 3, 5])},
        conn=array([[ 0,  1,  0,  0,  1, 19,  3],
       [ 0,  1,  1,  0,  1, 14,  2],
       [ 0,  1,  2,  0,  1,  4,  1],
       [ 0,  3,  0, -1, -1, -1,  3],
       [ 0,  3,  1,  1,  0,  0,  0],
       [ 0,  3,  2,  0,  1, 18,  2],
       [ 0,  5,  0,  0,  1, 21,  0],
       [ 0,  5,  1,  0,  1,  0,  3],
       [ 0,  5,  2, -1, -1, -1,  2],
       [ 1,  0,  0,  0,  1,  4,  3],
       [ 1,  0,  1,  2,  1, 15,  0],
       [ 1,  0,  2, -1, -1, -1,  2],
       [ 1,  0,  3,  0,  0,  5,  1],
       [ 1,  4,  0,  0,  1, 21,  3],
       [ 1,  4,  1,  0,  0,  1,  2],
       [ 1,  4,  2,  0,  1, 12,  3],
       [ 1,  4,  3,  0,  1,  0,  0],
       [ 1, 12,  0,  0,  1, 14,  1],
       [ 1, 12,  1,  2,  1,  1,  1],
       [ 1, 12,  2,  2,  1, 15,  1],
       [ 1, 12,  3,  0,  1,  4,  2],
       [ 1, 14,  0,  1,  1,  6,  1],
       [ 1, 14,  1,  0,  1, 12,  0],
       [ 1, 14,  2,  0,  0,  1,  1],
       [ 1, 14,  3,  0,  1, 18,  0],
       [ 1, 18,  0,  0,  1, 14,  3],
       [ 1, 18,  1,  0,  1, 19,  2],
       [ 1, 18,  2,  0,  0,  3,  2],
       [ 1, 18,  3,  1,  1,  7,  2],
       [ 1, 19,  0,  0,  1, 21,  2],
       [ 1, 19,  1, -1, -1, -1,  3],
       [ 1, 19,  2,  0,  1, 18,  1],
       [ 1, 19,  3,  0,  0,  1,  0],
       [ 1, 21,  0,  0,  0,  5,  0],
       [ 1, 21,  1, -1, -1, -1,  3],
       [ 1, 21,  2,  0,  1, 19,  0],
       [ 1, 21,  3,  0,  1,  4,  0]]),
        arrays={'spts': {'quad': array([[[0.83782797, 0.76479963],
        [0.7818017 , 0.58014363],
        [1.        , 0.75      ],
        [1.        , 0.5       ]],

       [[0.63002644, 0.6375102 ],
        [0.49592129, 0.49379152],
        [0.7818017 , 0.58014363],
        [0.68074413, 0.41970635]],

       [[0.38534186, 0.6857371 ],
        [0.49592129, 0.49379152],
        [0.52285327, 0.80110305],
        [0.63002644, 0.6375102 ]],

       [[0.38534186, 0.6857371 ],
        [0.52285327, 0.80110305],
        [0.32888457, 0.85398126],
        [0.5       , 1.        ]],

       [[0.83782797, 0.76479963],
        [0.71431293, 0.82270356],
        [0.7818017 , 0.58014363],
        [0.63002644, 0.6375102 ]],

       [[0.71431293, 0.82270356],
        [0.75      , 1.        ],
        [0.52285327, 0.80110305],
        [0.5       , 1.        ]],

       [[0.83782797, 0.76479963],
        [1.        , 1.        ],
        [0.71431293, 0.82270356],
        [0.75      , 1.        ]]]),
                         'tri': array([[[0.5       , 1.        ],
        [0.25      , 1.        ],
        [0.32888457, 0.85398126]],

       [[0.71431293, 0.82270356],
        [0.52285327, 0.80110305],
        [0.63002644, 0.6375102 ]],

       [[1.        , 1.        ],
        [0.83782797, 0.76479963],
        [1.        , 0.75      ]]])},
                'spts_curved': {'quad': array([False, False, False, False, False, False, False]),
                                'tri': array([False, False, False])},
                'spts_nodes': {'quad': array([[18, 28, 11, 10],
       [32, 31, 28, 29],
       [24, 31, 23, 32],
       [24, 23, 25, 14],
       [18, 19, 28, 32],
       [19, 13, 23, 14],
       [18, 12, 19, 13]]),
                               'tri': array([[14, 15, 25],
       [19, 23, 32],
       [12, 18, 11]])}})
[Rank 0] SubMesh(etypes=['quad', 'tri'],
        eidxs_base={'quad': array([ 0, 12, 14, 18,  4, 19, 21]),
                    'tri': array([3, 1, 5])},
        eidxs={'quad': array([ 0,  4, 12, 14, 18, 19, 21]),
               'tri': array([1, 3, 5])},
        conn=array([[ 0,  1,  0,  0,  1, 19,  3],
       [ 0,  1,  1,  0,  1, 14,  2],
       [ 0,  1,  2,  0,  1,  4,  1],
       [ 0,  3,  0, -1, -1, -1,  3],
       [ 0,  3,  1,  1,  0,  0,  0],
       [ 0,  3,  2,  0,  1, 18,  2],
       [ 0,  5,  0,  0,  1, 21,  0],
       [ 0,  5,  1,  0,  1,  0,  3],
       [ 0,  5,  2, -1, -1, -1,  2],
       [ 1,  0,  0,  0,  1,  4,  3],
       [ 1,  0,  1,  2,  1, 15,  0],
       [ 1,  0,  2, -1, -1, -1,  2],
       [ 1,  0,  3,  0,  0,  5,  1],
       [ 1,  4,  0,  0,  1, 21,  3],
       [ 1,  4,  1,  0,  0,  1,  2],
       [ 1,  4,  2,  0,  1, 12,  3],
       [ 1,  4,  3,  0,  1,  0,  0],
       [ 1, 12,  0,  0,  1, 14,  1],
       [ 1, 12,  1,  1,  1,  1,  1],
       [ 1, 12,  2,  2,  1, 15,  1],
       [ 1, 12,  3,  0,  1,  4,  2],
       [ 1, 14,  0,  1,  1,  6,  1],
       [ 1, 14,  1,  0,  1, 12,  0],
       [ 1, 14,  2,  0,  0,  1,  1],
       [ 1, 14,  3,  0,  1, 18,  0],
       [ 1, 18,  0,  0,  1, 14,  3],
       [ 1, 18,  1,  0,  1, 19,  2],
       [ 1, 18,  2,  0,  0,  3,  2],
       [ 1, 18,  3,  1,  1,  7,  2],
       [ 1, 19,  0,  0,  1, 21,  2],
       [ 1, 19,  1, -1, -1, -1,  3],
       [ 1, 19,  2,  0,  1, 18,  1],
       [ 1, 19,  3,  0,  0,  1,  0],
       [ 1, 21,  0,  0,  0,  5,  0],
       [ 1, 21,  1, -1, -1, -1,  3],
       [ 1, 21,  2,  0,  1, 19,  0],
       [ 1, 21,  3,  0,  1,  4,  0]]),
        arrays={'spts': {'quad': array([[[0.83782797, 0.76479963],
        [0.7818017 , 0.58014363],
        [1.        , 0.75      ],
        [1.        , 0.5       ]],

       [[0.63002644, 0.6375102 ],
        [0.49592129, 0.49379152],
        [0.7818017 , 0.58014363],
        [0.68074413, 0.41970635]],

       [[0.38534186, 0.6857371 ],
        [0.49592129, 0.49379152],
        [0.52285327, 0.80110305],
        [0.63002644, 0.6375102 ]],

       [[0.38534186, 0.6857371 ],
        [0.52285327, 0.80110305],
        [0.32888457, 0.85398126],
        [0.5       , 1.        ]],

       [[0.83782797, 0.76479963],
        [0.71431293, 0.82270356],
        [0.7818017 , 0.58014363],
        [0.63002644, 0.6375102 ]],

       [[0.71431293, 0.82270356],
        [0.75      , 1.        ],
        [0.52285327, 0.80110305],
        [0.5       , 1.        ]],

       [[0.83782797, 0.76479963],
        [1.        , 1.        ],
        [0.71431293, 0.82270356],
        [0.75      , 1.        ]]]),
                         'tri': array([[[0.5       , 1.        ],
        [0.25      , 1.        ],
        [0.32888457, 0.85398126]],

       [[0.71431293, 0.82270356],
        [0.52285327, 0.80110305],
        [0.63002644, 0.6375102 ]],

       [[1.        , 1.        ],
        [0.83782797, 0.76479963],
        [1.        , 0.75      ]]])},
                'spts_curved': {'quad': array([False, False, False, False, False, False, False]),
                                'tri': array([False, False, False])},
                'spts_nodes': {'quad': array([[18, 28, 11, 10],
       [32, 31, 28, 29],
       [24, 31, 23, 32],
       [24, 23, 25, 14],
       [18, 19, 28, 32],
       [19, 13, 23, 14],
       [18, 12, 19, 13]]),
                               'tri': array([[14, 15, 25],
       [19, 23, 32],
       [12, 18, 11]])}})
[Rank 0] Base totals  →  elems=30 conn-rows=112
[Rank 0] SubMesh(etypes=['quad', 'tri'],
        eidxs_base={'quad': array([ 0, 12, 14, 18,  4, 19, 21]),
                    'tri': array([3, 1, 5])},
        eidxs={'quad': array([ 0, 12, 14, 18,  4, 19, 21]),
               'tri': array([3, 1, 5])},
        conn=array([[ 0,  1,  0,  0,  1, 19,  3],
       [ 0,  1,  1,  0,  1, 14,  2],
       [ 0,  1,  2,  0,  1,  4,  1],
       [ 0,  3,  0, -1, -1, -1,  3],
       [ 0,  3,  1,  1,  0,  0,  0],
       [ 0,  3,  2,  0,  1, 18,  2],
       [ 0,  5,  0,  0,  1, 21,  0],
       [ 0,  5,  1,  0,  1,  0,  3],
       [ 0,  5,  2, -1, -1, -1,  2],
       [ 1,  0,  0,  0,  1,  4,  3],
       [ 1,  0,  1,  2,  1, 15,  0],
       [ 1,  0,  2, -1, -1, -1,  2],
       [ 1,  0,  3,  0,  0,  5,  1],
       [ 1,  4,  0,  0,  1, 21,  3],
       [ 1,  4,  1,  0,  0,  1,  2],
       [ 1,  4,  2,  0,  1, 12,  3],
       [ 1,  4,  3,  0,  1,  0,  0],
       [ 1, 12,  0,  0,  1, 14,  1],
       [ 1, 12,  1,  2,  1,  1,  1],
       [ 1, 12,  2,  2,  1, 15,  1],
       [ 1, 12,  3,  0,  1,  4,  2],
       [ 1, 14,  0,  1,  1,  6,  1],
       [ 1, 14,  1,  0,  1, 12,  0],
       [ 1, 14,  2,  0,  0,  1,  1],
       [ 1, 14,  3,  0,  1, 18,  0],
       [ 1, 18,  0,  0,  1, 14,  3],
       [ 1, 18,  1,  0,  1, 19,  2],
       [ 1, 18,  2,  0,  0,  3,  2],
       [ 1, 18,  3,  1,  1,  7,  2],
       [ 1, 19,  0,  0,  1, 21,  2],
       [ 1, 19,  1, -1, -1, -1,  3],
       [ 1, 19,  2,  0,  1, 18,  1],
       [ 1, 19,  3,  0,  0,  1,  0],
       [ 1, 21,  0,  0,  0,  5,  0],
       [ 1, 21,  1, -1, -1, -1,  3],
       [ 1, 21,  2,  0,  1, 19,  0],
       [ 1, 21,  3,  0,  1,  4,  0]]),
        arrays={'spts': {'quad': array([[[0.83782797, 0.76479963],
        [0.7818017 , 0.58014363],
        [1.        , 0.75      ],
        [1.        , 0.5       ]],

       [[0.63002644, 0.6375102 ],
        [0.49592129, 0.49379152],
        [0.7818017 , 0.58014363],
        [0.68074413, 0.41970635]],

       [[0.38534186, 0.6857371 ],
        [0.49592129, 0.49379152],
        [0.52285327, 0.80110305],
        [0.63002644, 0.6375102 ]],

       [[0.38534186, 0.6857371 ],
        [0.52285327, 0.80110305],
        [0.32888457, 0.85398126],
        [0.5       , 1.        ]],

       [[0.83782797, 0.76479963],
        [0.71431293, 0.82270356],
        [0.7818017 , 0.58014363],
        [0.63002644, 0.6375102 ]],

       [[0.71431293, 0.82270356],
        [0.75      , 1.        ],
        [0.52285327, 0.80110305],
        [0.5       , 1.        ]],

       [[0.83782797, 0.76479963],
        [1.        , 1.        ],
        [0.71431293, 0.82270356],
        [0.75      , 1.        ]]]),
                         'tri': array([[[0.5       , 1.        ],
        [0.25      , 1.        ],
        [0.32888457, 0.85398126]],

       [[0.71431293, 0.82270356],
        [0.52285327, 0.80110305],
        [0.63002644, 0.6375102 ]],

       [[1.        , 1.        ],
        [0.83782797, 0.76479963],
        [1.        , 0.75      ]]])},
                'spts_curved': {'quad': array([False, False, False, False, False, False, False]),
                                'tri': array([False, False, False])},
                'spts_nodes': {'quad': array([[18, 28, 11, 10],
       [32, 31, 28, 29],
       [24, 31, 23, 32],
       [24, 23, 25, 14],
       [18, 19, 28, 32],
       [19, 13, 23, 14],
       [18, 12, 19, 13]]),
                               'tri': array([[14, 15, 25],
       [19, 23, 32],
       [12, 18, 11]])}})
[Rank 0] SubMesh(etypes=['quad', 'tri'],
        eidxs_base={'quad': array([ 0, 12, 14, 18,  4, 19, 21]),
                    'tri': array([3, 1, 5])},
        eidxs={'quad': array([ 0,  4, 12, 14, 18, 19, 21]),
               'tri': array([1, 3, 5])},
        conn=array([[ 0,  1,  0,  0,  1, 19,  3],
       [ 0,  1,  1,  0,  1, 14,  2],
       [ 0,  1,  2,  0,  1,  4,  1],
       [ 0,  3,  0, -1, -1, -1,  3],
       [ 0,  3,  1,  1,  0,  0,  0],
       [ 0,  3,  2,  0,  1, 18,  2],
       [ 0,  5,  0,  0,  1, 21,  0],
       [ 0,  5,  1,  0,  1,  0,  3],
       [ 0,  5,  2, -1, -1, -1,  2],
       [ 1,  0,  0,  0,  1,  4,  3],
       [ 1,  0,  1,  2,  1, 15,  0],
       [ 1,  0,  2, -1, -1, -1,  2],
       [ 1,  0,  3,  0,  0,  5,  1],
       [ 1,  4,  0,  0,  1, 21,  3],
       [ 1,  4,  1,  0,  0,  1,  2],
       [ 1,  4,  2,  0,  1, 12,  3],
       [ 1,  4,  3,  0,  1,  0,  0],
       [ 1, 12,  0,  0,  1, 14,  1],
       [ 1, 12,  1,  2,  1,  1,  1],
       [ 1, 12,  2,  2,  1, 15,  1],
       [ 1, 12,  3,  0,  1,  4,  2],
       [ 1, 14,  0,  1,  1,  6,  1],
       [ 1, 14,  1,  0,  1, 12,  0],
       [ 1, 14,  2,  0,  0,  1,  1],
       [ 1, 14,  3,  0,  1, 18,  0],
       [ 1, 18,  0,  0,  1, 14,  3],
       [ 1, 18,  1,  0,  1, 19,  2],
       [ 1, 18,  2,  0,  0,  3,  2],
       [ 1, 18,  3,  1,  1,  7,  2],
       [ 1, 19,  0,  0,  1, 21,  2],
       [ 1, 19,  1, -1, -1, -1,  3],
       [ 1, 19,  2,  0,  1, 18,  1],
       [ 1, 19,  3,  0,  0,  1,  0],
       [ 1, 21,  0,  0,  0,  5,  0],
       [ 1, 21,  1, -1, -1, -1,  3],
       [ 1, 21,  2,  0,  1, 19,  0],
       [ 1, 21,  3,  0,  1,  4,  0]]),
        arrays={'spts': {'quad': array([[[0.83782797, 0.76479963],
        [0.7818017 , 0.58014363],
        [1.        , 0.75      ],
        [1.        , 0.5       ]],

       [[0.63002644, 0.6375102 ],
        [0.49592129, 0.49379152],
        [0.7818017 , 0.58014363],
        [0.68074413, 0.41970635]],

       [[0.38534186, 0.6857371 ],
        [0.49592129, 0.49379152],
        [0.52285327, 0.80110305],
        [0.63002644, 0.6375102 ]],

       [[0.38534186, 0.6857371 ],
        [0.52285327, 0.80110305],
        [0.32888457, 0.85398126],
        [0.5       , 1.        ]],

       [[0.83782797, 0.76479963],
        [0.71431293, 0.82270356],
        [0.7818017 , 0.58014363],
        [0.63002644, 0.6375102 ]],

       [[0.71431293, 0.82270356],
        [0.75      , 1.        ],
        [0.52285327, 0.80110305],
        [0.5       , 1.        ]],

       [[0.83782797, 0.76479963],
        [1.        , 1.        ],
        [0.71431293, 0.82270356],
        [0.75      , 1.        ]]]),
                         'tri': array([[[0.5       , 1.        ],
        [0.25      , 1.        ],
        [0.32888457, 0.85398126]],

       [[0.71431293, 0.82270356],
        [0.52285327, 0.80110305],
        [0.63002644, 0.6375102 ]],

       [[1.        , 1.        ],
        [0.83782797, 0.76479963],
        [1.        , 0.75      ]]])},
                'spts_curved': {'quad': array([False, False, False, False, False, False, False]),
                                'tri': array([False, False, False])},
                'spts_nodes': {'quad': array([[18, 28, 11, 10],
       [32, 31, 28, 29],
       [24, 31, 23, 32],
       [24, 23, 25, 14],
       [18, 19, 28, 32],
       [19, 13, 23, 14],
       [18, 12, 19, 13]]),
                               'tri': array([[14, 15, 25],
       [19, 23, 32],
       [12, 18, 11]])}})
[Rank 0] SubMesh(etypes=['quad', 'tri'],
        eidxs_base={'quad': array([ 0, 12, 14, 18,  4, 19, 21]),
                    'tri': array([3, 1, 5])},
        eidxs={'quad': array([ 0,  4, 12, 14, 18, 19, 21]),
               'tri': array([1, 3, 5])},
        conn=array([[ 0,  1,  0,  0,  1, 19,  3],
       [ 0,  1,  1,  0,  1, 14,  2],
       [ 0,  1,  2,  0,  1,  4,  1],
       [ 0,  3,  0, -1, -1, -1,  3],
       [ 0,  3,  1,  1,  0,  0,  0],
       [ 0,  3,  2,  0,  1, 18,  2],
       [ 0,  5,  0,  0,  1, 21,  0],
       [ 0,  5,  1,  0,  1,  0,  3],
       [ 0,  5,  2, -1, -1, -1,  2],
       [ 1,  0,  0,  0,  1,  4,  3],
       [ 1,  0,  1,  2,  1, 15,  0],
       [ 1,  0,  2, -1, -1, -1,  2],
       [ 1,  0,  3,  0,  0,  5,  1],
       [ 1,  4,  0,  0,  1, 21,  3],
       [ 1,  4,  1,  0,  0,  1,  2],
       [ 1,  4,  2,  0,  1, 12,  3],
       [ 1,  4,  3,  0,  1,  0,  0],
       [ 1, 12,  0,  0,  1, 14,  1],
       [ 1, 12,  1,  1,  1,  1,  1],
       [ 1, 12,  2,  2,  1, 15,  1],
       [ 1, 12,  3,  0,  1,  4,  2],
       [ 1, 14,  0,  1,  1,  6,  1],
       [ 1, 14,  1,  0,  1, 12,  0],
       [ 1, 14,  2,  0,  0,  1,  1],
       [ 1, 14,  3,  0,  1, 18,  0],
       [ 1, 18,  0,  0,  1, 14,  3],
       [ 1, 18,  1,  0,  1, 19,  2],
       [ 1, 18,  2,  0,  0,  3,  2],
       [ 1, 18,  3,  1,  1,  7,  2],
       [ 1, 19,  0,  0,  1, 21,  2],
       [ 1, 19,  1, -1, -1, -1,  3],
       [ 1, 19,  2,  0,  1, 18,  1],
       [ 1, 19,  3,  0,  0,  1,  0],
       [ 1, 21,  0,  0,  0,  5,  0],
       [ 1, 21,  1, -1, -1, -1,  3],
       [ 1, 21,  2,  0,  1, 19,  0],
       [ 1, 21,  3,  0,  1,  4,  0]]),
        arrays={'spts': {'quad': array([[[0.83782797, 0.76479963],
        [0.7818017 , 0.58014363],
        [1.        , 0.75      ],
        [1.        , 0.5       ]],

       [[0.63002644, 0.6375102 ],
        [0.49592129, 0.49379152],
        [0.7818017 , 0.58014363],
        [0.68074413, 0.41970635]],

       [[0.38534186, 0.6857371 ],
        [0.49592129, 0.49379152],
        [0.52285327, 0.80110305],
        [0.63002644, 0.6375102 ]],

       [[0.38534186, 0.6857371 ],
        [0.52285327, 0.80110305],
        [0.32888457, 0.85398126],
        [0.5       , 1.        ]],

       [[0.83782797, 0.76479963],
        [0.71431293, 0.82270356],
        [0.7818017 , 0.58014363],
        [0.63002644, 0.6375102 ]],

       [[0.71431293, 0.82270356],
        [0.75      , 1.        ],
        [0.52285327, 0.80110305],
        [0.5       , 1.        ]],

       [[0.83782797, 0.76479963],
        [1.        , 1.        ],
        [0.71431293, 0.82270356],
        [0.75      , 1.        ]]]),
                         'tri': array([[[0.5       , 1.        ],
        [0.25      , 1.        ],
        [0.32888457, 0.85398126]],

       [[0.71431293, 0.82270356],
        [0.52285327, 0.80110305],
        [0.63002644, 0.6375102 ]],

       [[1.        , 1.        ],
        [0.83782797, 0.76479963],
        [1.        , 0.75      ]]])},
                'spts_curved': {'quad': array([False, False, False, False, False, False, False]),
                                'tri': array([False, False, False])},
                'spts_nodes': {'quad': array([[18, 28, 11, 10],
       [32, 31, 28, 29],
       [24, 31, 23, 32],
       [24, 23, 25, 14],
       [18, 19, 28, 32],
       [19, 13, 23, 14],
       [18, 12, 19, 13]]),
                               'tri': array([[14, 15, 25],
       [19, 23, 32],
       [12, 18, 11]])}})
[Rank 0] Base totals  →  elems=30 conn-rows=112
[Rank 0] SubMesh(etypes=['quad', 'tri'],
        eidxs_base={'quad': array([ 0, 12, 14, 18,  4, 19, 21]),
                    'tri': array([3, 1, 5])},
        eidxs={'quad': array([ 0, 12, 14, 18,  4, 19, 21]),
               'tri': array([3, 1, 5])},
        conn=array([[ 0,  1,  0,  0,  1, 19,  3],
       [ 0,  1,  1,  0,  1, 14,  2],
       [ 0,  1,  2,  0,  1,  4,  1],
       [ 0,  3,  0, -1, -1, -1,  3],
       [ 0,  3,  1,  1,  0,  0,  0],
       [ 0,  3,  2,  0,  1, 18,  2],
       [ 0,  5,  0,  0,  1, 21,  0],
       [ 0,  5,  1,  0,  1,  0,  3],
       [ 0,  5,  2, -1, -1, -1,  2],
       [ 1,  0,  0,  0,  1,  4,  3],
       [ 1,  0,  1,  2,  1, 15,  0],
       [ 1,  0,  2, -1, -1, -1,  2],
       [ 1,  0,  3,  0,  0,  5,  1],
       [ 1,  4,  0,  0,  1, 21,  3],
       [ 1,  4,  1,  0,  0,  1,  2],
       [ 1,  4,  2,  0,  1, 12,  3],
       [ 1,  4,  3,  0,  1,  0,  0],
       [ 1, 12,  0,  0,  1, 14,  1],
       [ 1, 12,  1,  2,  1,  1,  1],
       [ 1, 12,  2,  2,  1, 15,  1],
       [ 1, 12,  3,  0,  1,  4,  2],
       [ 1, 14,  0,  1,  1,  6,  1],
       [ 1, 14,  1,  0,  1, 12,  0],
       [ 1, 14,  2,  0,  0,  1,  1],
       [ 1, 14,  3,  0,  1, 18,  0],
       [ 1, 18,  0,  0,  1, 14,  3],
       [ 1, 18,  1,  0,  1, 19,  2],
       [ 1, 18,  2,  0,  0,  3,  2],
       [ 1, 18,  3,  1,  1,  7,  2],
       [ 1, 19,  0,  0,  1, 21,  2],
       [ 1, 19,  1, -1, -1, -1,  3],
       [ 1, 19,  2,  0,  1, 18,  1],
       [ 1, 19,  3,  0,  0,  1,  0],
       [ 1, 21,  0,  0,  0,  5,  0],
       [ 1, 21,  1, -1, -1, -1,  3],
       [ 1, 21,  2,  0,  1, 19,  0],
       [ 1, 21,  3,  0,  1,  4,  0]]),
        arrays={'spts': {'quad': array([[[0.83782797, 0.76479963],
        [0.7818017 , 0.58014363],
        [1.        , 0.75      ],
        [1.        , 0.5       ]],

       [[0.63002644, 0.6375102 ],
        [0.49592129, 0.49379152],
        [0.7818017 , 0.58014363],
        [0.68074413, 0.41970635]],

       [[0.38534186, 0.6857371 ],
        [0.49592129, 0.49379152],
        [0.52285327, 0.80110305],
        [0.63002644, 0.6375102 ]],

       [[0.38534186, 0.6857371 ],
        [0.52285327, 0.80110305],
        [0.32888457, 0.85398126],
        [0.5       , 1.        ]],

       [[0.83782797, 0.76479963],
        [0.71431293, 0.82270356],
        [0.7818017 , 0.58014363],
        [0.63002644, 0.6375102 ]],

       [[0.71431293, 0.82270356],
        [0.75      , 1.        ],
        [0.52285327, 0.80110305],
        [0.5       , 1.        ]],

       [[0.83782797, 0.76479963],
        [1.        , 1.        ],
        [0.71431293, 0.82270356],
        [0.75      , 1.        ]]]),
                         'tri': array([[[0.5       , 1.        ],
        [0.25      , 1.        ],
        [0.32888457, 0.85398126]],

       [[0.71431293, 0.82270356],
        [0.52285327, 0.80110305],
        [0.63002644, 0.6375102 ]],

       [[1.        , 1.        ],
        [0.83782797, 0.76479963],
        [1.        , 0.75      ]]])},
                'spts_curved': {'quad': array([False, False, False, False, False, False, False]),
                                'tri': array([False, False, False])},
                'spts_nodes': {'quad': array([[18, 28, 11, 10],
       [32, 31, 28, 29],
       [24, 31, 23, 32],
       [24, 23, 25, 14],
       [18, 19, 28, 32],
       [19, 13, 23, 14],
       [18, 12, 19, 13]]),
                               'tri': array([[14, 15, 25],
       [19, 23, 32],
       [12, 18, 11]])}})
[Rank 0] SubMesh(etypes=['quad', 'tri'],
        eidxs_base={'quad': array([ 0, 12, 14, 18,  4, 19, 21]),
                    'tri': array([3, 1, 5])},
        eidxs={'quad': array([ 0,  4, 12, 14, 18, 19, 21]),
               'tri': array([1, 3, 5])},
        conn=array([[ 0,  1,  0,  0,  1, 19,  3],
       [ 0,  1,  1,  0,  1, 14,  2],
       [ 0,  1,  2,  0,  1,  4,  1],
       [ 0,  3,  0, -1, -1, -1,  3],
       [ 0,  3,  1,  1,  0,  0,  0],
       [ 0,  3,  2,  0,  1, 18,  2],
       [ 0,  5,  0,  0,  1, 21,  0],
       [ 0,  5,  1,  0,  1,  0,  3],
       [ 0,  5,  2, -1, -1, -1,  2],
       [ 1,  0,  0,  0,  1,  4,  3],
       [ 1,  0,  1,  2,  1, 15,  0],
       [ 1,  0,  2, -1, -1, -1,  2],
       [ 1,  0,  3,  0,  0,  5,  1],
       [ 1,  4,  0,  0,  1, 21,  3],
       [ 1,  4,  1,  0,  0,  1,  2],
       [ 1,  4,  2,  0,  1, 12,  3],
       [ 1,  4,  3,  0,  1,  0,  0],
       [ 1, 12,  0,  0,  1, 14,  1],
       [ 1, 12,  1,  2,  1,  1,  1],
       [ 1, 12,  2,  2,  1, 15,  1],
       [ 1, 12,  3,  0,  1,  4,  2],
       [ 1, 14,  0,  1,  1,  6,  1],
       [ 1, 14,  1,  0,  1, 12,  0],
       [ 1, 14,  2,  0,  0,  1,  1],
       [ 1, 14,  3,  0,  1, 18,  0],
       [ 1, 18,  0,  0,  1, 14,  3],
       [ 1, 18,  1,  0,  1, 19,  2],
       [ 1, 18,  2,  0,  0,  3,  2],
       [ 1, 18,  3,  1,  1,  7,  2],
       [ 1, 19,  0,  0,  1, 21,  2],
       [ 1, 19,  1, -1, -1, -1,  3],
       [ 1, 19,  2,  0,  1, 18,  1],
       [ 1, 19,  3,  0,  0,  1,  0],
       [ 1, 21,  0,  0,  0,  5,  0],
       [ 1, 21,  1, -1, -1, -1,  3],
       [ 1, 21,  2,  0,  1, 19,  0],
       [ 1, 21,  3,  0,  1,  4,  0]]),
        arrays={'spts': {'quad': array([[[0.83782797, 0.76479963],
        [0.7818017 , 0.58014363],
        [1.        , 0.75      ],
        [1.        , 0.5       ]],

       [[0.63002644, 0.6375102 ],
        [0.49592129, 0.49379152],
        [0.7818017 , 0.58014363],
        [0.68074413, 0.41970635]],

       [[0.38534186, 0.6857371 ],
        [0.49592129, 0.49379152],
        [0.52285327, 0.80110305],
        [0.63002644, 0.6375102 ]],

       [[0.38534186, 0.6857371 ],
        [0.52285327, 0.80110305],
        [0.32888457, 0.85398126],
        [0.5       , 1.        ]],

       [[0.83782797, 0.76479963],
        [0.71431293, 0.82270356],
        [0.7818017 , 0.58014363],
        [0.63002644, 0.6375102 ]],

       [[0.71431293, 0.82270356],
        [0.75      , 1.        ],
        [0.52285327, 0.80110305],
        [0.5       , 1.        ]],

       [[0.83782797, 0.76479963],
        [1.        , 1.        ],
        [0.71431293, 0.82270356],
        [0.75      , 1.        ]]]),
                         'tri': array([[[0.5       , 1.        ],
        [0.25      , 1.        ],
        [0.32888457, 0.85398126]],

       [[0.71431293, 0.82270356],
        [0.52285327, 0.80110305],
        [0.63002644, 0.6375102 ]],

       [[1.        , 1.        ],
        [0.83782797, 0.76479963],
        [1.        , 0.75      ]]])},
                'spts_curved': {'quad': array([False, False, False, False, False, False, False]),
                                'tri': array([False, False, False])},
                'spts_nodes': {'quad': array([[18, 28, 11, 10],
       [32, 31, 28, 29],
       [24, 31, 23, 32],
       [24, 23, 25, 14],
       [18, 19, 28, 32],
       [19, 13, 23, 14],
       [18, 12, 19, 13]]),
                               'tri': array([[14, 15, 25],
       [19, 23, 32],
       [12, 18, 11]])}})
[Rank 0] SubMesh(etypes=['quad', 'tri'],
        eidxs_base={'quad': array([ 0, 12, 14, 18,  4, 19, 21]),
                    'tri': array([3, 1, 5])},
        eidxs={'quad': array([ 0,  4, 12, 14, 18, 19, 21]),
               'tri': array([1, 3, 5])},
        conn=array([[ 0,  1,  0,  0,  1, 19,  3],
       [ 0,  1,  1,  0,  1, 14,  2],
       [ 0,  1,  2,  0,  1,  4,  1],
       [ 0,  3,  0, -1, -1, -1,  3],
       [ 0,  3,  1,  1,  0,  0,  0],
       [ 0,  3,  2,  0,  1, 18,  2],
       [ 0,  5,  0,  0,  1, 21,  0],
       [ 0,  5,  1,  0,  1,  0,  3],
       [ 0,  5,  2, -1, -1, -1,  2],
       [ 1,  0,  0,  0,  1,  4,  3],
       [ 1,  0,  1,  2,  1, 15,  0],
       [ 1,  0,  2, -1, -1, -1,  2],
       [ 1,  0,  3,  0,  0,  5,  1],
       [ 1,  4,  0,  0,  1, 21,  3],
       [ 1,  4,  1,  0,  0,  1,  2],
       [ 1,  4,  2,  0,  1, 12,  3],
       [ 1,  4,  3,  0,  1,  0,  0],
       [ 1, 12,  0,  0,  1, 14,  1],
       [ 1, 12,  1,  1,  1,  1,  1],
       [ 1, 12,  2,  2,  1, 15,  1],
       [ 1, 12,  3,  0,  1,  4,  2],
       [ 1, 14,  0,  1,  1,  6,  1],
       [ 1, 14,  1,  0,  1, 12,  0],
       [ 1, 14,  2,  0,  0,  1,  1],
       [ 1, 14,  3,  0,  1, 18,  0],
       [ 1, 18,  0,  0,  1, 14,  3],
       [ 1, 18,  1,  0,  1, 19,  2],
       [ 1, 18,  2,  0,  0,  3,  2],
       [ 1, 18,  3,  1,  1,  7,  2],
       [ 1, 19,  0,  0,  1, 21,  2],
       [ 1, 19,  1, -1, -1, -1,  3],
       [ 1, 19,  2,  0,  1, 18,  1],
       [ 1, 19,  3,  0,  0,  1,  0],
       [ 1, 21,  0,  0,  0,  5,  0],
       [ 1, 21,  1, -1, -1, -1,  3],
       [ 1, 21,  2,  0,  1, 19,  0],
       [ 1, 21,  3,  0,  1,  4,  0]]),
        arrays={'spts': {'quad': array([[[0.83782797, 0.76479963],
        [0.7818017 , 0.58014363],
        [1.        , 0.75      ],
        [1.        , 0.5       ]],

       [[0.63002644, 0.6375102 ],
        [0.49592129, 0.49379152],
        [0.7818017 , 0.58014363],
        [0.68074413, 0.41970635]],

       [[0.38534186, 0.6857371 ],
        [0.49592129, 0.49379152],
        [0.52285327, 0.80110305],
        [0.63002644, 0.6375102 ]],

       [[0.38534186, 0.6857371 ],
        [0.52285327, 0.80110305],
        [0.32888457, 0.85398126],
        [0.5       , 1.        ]],

       [[0.83782797, 0.76479963],
        [0.71431293, 0.82270356],
        [0.7818017 , 0.58014363],
        [0.63002644, 0.6375102 ]],

       [[0.71431293, 0.82270356],
        [0.75      , 1.        ],
        [0.52285327, 0.80110305],
        [0.5       , 1.        ]],

       [[0.83782797, 0.76479963],
        [1.        , 1.        ],
        [0.71431293, 0.82270356],
        [0.75      , 1.        ]]]),
                         'tri': array([[[0.5       , 1.        ],
        [0.25      , 1.        ],
        [0.32888457, 0.85398126]],

       [[0.71431293, 0.82270356],
        [0.52285327, 0.80110305],
        [0.63002644, 0.6375102 ]],

       [[1.        , 1.        ],
        [0.83782797, 0.76479963],
        [1.        , 0.75      ]]])},
                'spts_curved': {'quad': array([False, False, False, False, False, False, False]),
                                'tri': array([False, False, False])},
                'spts_nodes': {'quad': array([[18, 28, 11, 10],
       [32, 31, 28, 29],
       [24, 31, 23, 32],
       [24, 23, 25, 14],
       [18, 19, 28, 32],
       [19, 13, 23, 14],
       [18, 12, 19, 13]]),
                               'tri': array([[14, 15, 25],
       [19, 23, 32],
       [12, 18, 11]])}})
[Rank 0] Base totals  →  elems=30 conn-rows=112
[Rank 0] SubMesh(etypes=['quad', 'tri'],
        eidxs_base={'quad': array([ 0, 12, 14, 18,  4, 19, 21]),
                    'tri': array([3, 1, 5])},
        eidxs={'quad': array([ 0, 12, 14, 18,  4, 19, 21]),
               'tri': array([3, 1, 5])},
        conn=array([[ 0,  1,  0,  0,  1, 19,  3],
       [ 0,  1,  1,  0,  1, 14,  2],
       [ 0,  1,  2,  0,  1,  4,  1],
       [ 0,  3,  0, -1, -1, -1,  3],
       [ 0,  3,  1,  1,  0,  0,  0],
       [ 0,  3,  2,  0,  1, 18,  2],
       [ 0,  5,  0,  0,  1, 21,  0],
       [ 0,  5,  1,  0,  1,  0,  3],
       [ 0,  5,  2, -1, -1, -1,  2],
       [ 1,  0,  0,  0,  1,  4,  3],
       [ 1,  0,  1,  2,  1, 15,  0],
       [ 1,  0,  2, -1, -1, -1,  2],
       [ 1,  0,  3,  0,  0,  5,  1],
       [ 1,  4,  0,  0,  1, 21,  3],
       [ 1,  4,  1,  0,  0,  1,  2],
       [ 1,  4,  2,  0,  1, 12,  3],
       [ 1,  4,  3,  0,  1,  0,  0],
       [ 1, 12,  0,  0,  1, 14,  1],
       [ 1, 12,  1,  2,  1,  1,  1],
       [ 1, 12,  2,  2,  1, 15,  1],
       [ 1, 12,  3,  0,  1,  4,  2],
       [ 1, 14,  0,  1,  1,  6,  1],
       [ 1, 14,  1,  0,  1, 12,  0],
       [ 1, 14,  2,  0,  0,  1,  1],
       [ 1, 14,  3,  0,  1, 18,  0],
       [ 1, 18,  0,  0,  1, 14,  3],
       [ 1, 18,  1,  0,  1, 19,  2],
       [ 1, 18,  2,  0,  0,  3,  2],
       [ 1, 18,  3,  1,  1,  7,  2],
       [ 1, 19,  0,  0,  1, 21,  2],
       [ 1, 19,  1, -1, -1, -1,  3],
       [ 1, 19,  2,  0,  1, 18,  1],
       [ 1, 19,  3,  0,  0,  1,  0],
       [ 1, 21,  0,  0,  0,  5,  0],
       [ 1, 21,  1, -1, -1, -1,  3],
       [ 1, 21,  2,  0,  1, 19,  0],
       [ 1, 21,  3,  0,  1,  4,  0]]),
        arrays={'spts': {'quad': array([[[0.83782797, 0.76479963],
        [0.7818017 , 0.58014363],
        [1.        , 0.75      ],
        [1.        , 0.5       ]],

       [[0.63002644, 0.6375102 ],
        [0.49592129, 0.49379152],
        [0.7818017 , 0.58014363],
        [0.68074413, 0.41970635]],

       [[0.38534186, 0.6857371 ],
        [0.49592129, 0.49379152],
        [0.52285327, 0.80110305],
        [0.63002644, 0.6375102 ]],

       [[0.38534186, 0.6857371 ],
        [0.52285327, 0.80110305],
        [0.32888457, 0.85398126],
        [0.5       , 1.        ]],

       [[0.83782797, 0.76479963],
        [0.71431293, 0.82270356],
        [0.7818017 , 0.58014363],
        [0.63002644, 0.6375102 ]],

       [[0.71431293, 0.82270356],
        [0.75      , 1.        ],
        [0.52285327, 0.80110305],
        [0.5       , 1.        ]],

       [[0.83782797, 0.76479963],
        [1.        , 1.        ],
        [0.71431293, 0.82270356],
        [0.75      , 1.        ]]]),
                         'tri': array([[[0.5       , 1.        ],
        [0.25      , 1.        ],
        [0.32888457, 0.85398126]],

       [[0.71431293, 0.82270356],
        [0.52285327, 0.80110305],
        [0.63002644, 0.6375102 ]],

       [[1.        , 1.        ],
        [0.83782797, 0.76479963],
        [1.        , 0.75      ]]])},
                'spts_curved': {'quad': array([False, False, False, False, False, False, False]),
                                'tri': array([False, False, False])},
                'spts_nodes': {'quad': array([[18, 28, 11, 10],
       [32, 31, 28, 29],
       [24, 31, 23, 32],
       [24, 23, 25, 14],
       [18, 19, 28, 32],
       [19, 13, 23, 14],
       [18, 12, 19, 13]]),
                               'tri': array([[14, 15, 25],
       [19, 23, 32],
       [12, 18, 11]])}})
[Rank 0] SubMesh(etypes=['quad', 'tri'],
        eidxs_base={'quad': array([ 0, 12, 14, 18,  4, 19, 21]),
                    'tri': array([3, 1, 5])},
        eidxs={'quad': array([ 0,  4, 12, 14, 18, 19, 21]),
               'tri': array([1, 3, 5])},
        conn=array([[ 0,  1,  0,  0,  1, 19,  3],
       [ 0,  1,  1,  0,  1, 14,  2],
       [ 0,  1,  2,  0,  1,  4,  1],
       [ 0,  3,  0, -1, -1, -1,  3],
       [ 0,  3,  1,  1,  0,  0,  0],
       [ 0,  3,  2,  0,  1, 18,  2],
       [ 0,  5,  0,  0,  1, 21,  0],
       [ 0,  5,  1,  0,  1,  0,  3],
       [ 0,  5,  2, -1, -1, -1,  2],
       [ 1,  0,  0,  0,  1,  4,  3],
       [ 1,  0,  1,  2,  1, 15,  0],
       [ 1,  0,  2, -1, -1, -1,  2],
       [ 1,  0,  3,  0,  0,  5,  1],
       [ 1,  4,  0,  0,  1, 21,  3],
       [ 1,  4,  1,  0,  0,  1,  2],
       [ 1,  4,  2,  0,  1, 12,  3],
       [ 1,  4,  3,  0,  1,  0,  0],
       [ 1, 12,  0,  0,  1, 14,  1],
       [ 1, 12,  1,  2,  1,  1,  1],
       [ 1, 12,  2,  2,  1, 15,  1],
       [ 1, 12,  3,  0,  1,  4,  2],
       [ 1, 14,  0,  1,  1,  6,  1],
       [ 1, 14,  1,  0,  1, 12,  0],
       [ 1, 14,  2,  0,  0,  1,  1],
       [ 1, 14,  3,  0,  1, 18,  0],
       [ 1, 18,  0,  0,  1, 14,  3],
       [ 1, 18,  1,  0,  1, 19,  2],
       [ 1, 18,  2,  0,  0,  3,  2],
       [ 1, 18,  3,  1,  1,  7,  2],
       [ 1, 19,  0,  0,  1, 21,  2],
       [ 1, 19,  1, -1, -1, -1,  3],
       [ 1, 19,  2,  0,  1, 18,  1],
       [ 1, 19,  3,  0,  0,  1,  0],
       [ 1, 21,  0,  0,  0,  5,  0],
       [ 1, 21,  1, -1, -1, -1,  3],
       [ 1, 21,  2,  0,  1, 19,  0],
       [ 1, 21,  3,  0,  1,  4,  0]]),
        arrays={'spts': {'quad': array([[[0.83782797, 0.76479963],
        [0.7818017 , 0.58014363],
        [1.        , 0.75      ],
        [1.        , 0.5       ]],

       [[0.63002644, 0.6375102 ],
        [0.49592129, 0.49379152],
        [0.7818017 , 0.58014363],
        [0.68074413, 0.41970635]],

       [[0.38534186, 0.6857371 ],
        [0.49592129, 0.49379152],
        [0.52285327, 0.80110305],
        [0.63002644, 0.6375102 ]],

       [[0.38534186, 0.6857371 ],
        [0.52285327, 0.80110305],
        [0.32888457, 0.85398126],
        [0.5       , 1.        ]],

       [[0.83782797, 0.76479963],
        [0.71431293, 0.82270356],
        [0.7818017 , 0.58014363],
        [0.63002644, 0.6375102 ]],

       [[0.71431293, 0.82270356],
        [0.75      , 1.        ],
        [0.52285327, 0.80110305],
        [0.5       , 1.        ]],

       [[0.83782797, 0.76479963],
        [1.        , 1.        ],
        [0.71431293, 0.82270356],
        [0.75      , 1.        ]]]),
                         'tri': array([[[0.5       , 1.        ],
        [0.25      , 1.        ],
        [0.32888457, 0.85398126]],

       [[0.71431293, 0.82270356],
        [0.52285327, 0.80110305],
        [0.63002644, 0.6375102 ]],

       [[1.        , 1.        ],
        [0.83782797, 0.76479963],
        [1.        , 0.75      ]]])},
                'spts_curved': {'quad': array([False, False, False, False, False, False, False]),
                                'tri': array([False, False, False])},
                'spts_nodes': {'quad': array([[18, 28, 11, 10],
       [32, 31, 28, 29],
       [24, 31, 23, 32],
       [24, 23, 25, 14],
       [18, 19, 28, 32],
       [19, 13, 23, 14],
       [18, 12, 19, 13]]),
                               'tri': array([[14, 15, 25],
       [19, 23, 32],
       [12, 18, 11]])}})
[Rank 0] SubMesh(etypes=['quad', 'tri'],
        eidxs_base={'quad': array([ 0, 12, 14, 18,  4, 19, 21]),
                    'tri': array([3, 1, 5])},
        eidxs={'quad': array([ 0,  4, 12, 14, 18, 19, 21]),
               'tri': array([1, 3, 5])},
        conn=array([[ 0,  1,  0,  0,  1, 19,  3],
       [ 0,  1,  1,  0,  1, 14,  2],
       [ 0,  1,  2,  0,  1,  4,  1],
       [ 0,  3,  0, -1, -1, -1,  3],
       [ 0,  3,  1,  1,  0,  0,  0],
       [ 0,  3,  2,  0,  1, 18,  2],
       [ 0,  5,  0,  0,  1, 21,  0],
       [ 0,  5,  1,  0,  1,  0,  3],
       [ 0,  5,  2, -1, -1, -1,  2],
       [ 1,  0,  0,  0,  1,  4,  3],
       [ 1,  0,  1,  2,  1, 15,  0],
       [ 1,  0,  2, -1, -1, -1,  2],
       [ 1,  0,  3,  0,  0,  5,  1],
       [ 1,  4,  0,  0,  1, 21,  3],
       [ 1,  4,  1,  0,  0,  1,  2],
       [ 1,  4,  2,  0,  1, 12,  3],
       [ 1,  4,  3,  0,  1,  0,  0],
       [ 1, 12,  0,  0,  1, 14,  1],
       [ 1, 12,  1,  1,  1,  1,  1],
       [ 1, 12,  2,  2,  1, 15,  1],
       [ 1, 12,  3,  0,  1,  4,  2],
       [ 1, 14,  0,  1,  1,  6,  1],
       [ 1, 14,  1,  0,  1, 12,  0],
       [ 1, 14,  2,  0,  0,  1,  1],
       [ 1, 14,  3,  0,  1, 18,  0],
       [ 1, 18,  0,  0,  1, 14,  3],
       [ 1, 18,  1,  0,  1, 19,  2],
       [ 1, 18,  2,  0,  0,  3,  2],
       [ 1, 18,  3,  1,  1,  7,  2],
       [ 1, 19,  0,  0,  1, 21,  2],
       [ 1, 19,  1, -1, -1, -1,  3],
       [ 1, 19,  2,  0,  1, 18,  1],
       [ 1, 19,  3,  0,  0,  1,  0],
       [ 1, 21,  0,  0,  0,  5,  0],
       [ 1, 21,  1, -1, -1, -1,  3],
       [ 1, 21,  2,  0,  1, 19,  0],
       [ 1, 21,  3,  0,  1,  4,  0]]),
        arrays={'spts': {'quad': array([[[0.83782797, 0.76479963],
        [0.7818017 , 0.58014363],
        [1.        , 0.75      ],
        [1.        , 0.5       ]],

       [[0.63002644, 0.6375102 ],
        [0.49592129, 0.49379152],
        [0.7818017 , 0.58014363],
        [0.68074413, 0.41970635]],

       [[0.38534186, 0.6857371 ],
        [0.49592129, 0.49379152],
        [0.52285327, 0.80110305],
        [0.63002644, 0.6375102 ]],

       [[0.38534186, 0.6857371 ],
        [0.52285327, 0.80110305],
        [0.32888457, 0.85398126],
        [0.5       , 1.        ]],

       [[0.83782797, 0.76479963],
        [0.71431293, 0.82270356],
        [0.7818017 , 0.58014363],
        [0.63002644, 0.6375102 ]],

       [[0.71431293, 0.82270356],
        [0.75      , 1.        ],
        [0.52285327, 0.80110305],
        [0.5       , 1.        ]],

       [[0.83782797, 0.76479963],
        [1.        , 1.        ],
        [0.71431293, 0.82270356],
        [0.75      , 1.        ]]]),
                         'tri': array([[[0.5       , 1.        ],
        [0.25      , 1.        ],
        [0.32888457, 0.85398126]],

       [[0.71431293, 0.82270356],
        [0.52285327, 0.80110305],
        [0.63002644, 0.6375102 ]],

       [[1.        , 1.        ],
        [0.83782797, 0.76479963],
        [1.        , 0.75      ]]])},
                'spts_curved': {'quad': array([False, False, False, False, False, False, False]),
                                'tri': array([False, False, False])},
                'spts_nodes': {'quad': array([[18, 28, 11, 10],
       [32, 31, 28, 29],
       [24, 31, 23, 32],
       [24, 23, 25, 14],
       [18, 19, 28, 32],
       [19, 13, 23, 14],
       [18, 12, 19, 13]]),
                               'tri': array([[14, 15, 25],
       [19, 23, 32],
       [12, 18, 11]])}})
[Rank 0] Base totals  →  elems=30 conn-rows=112
[Rank 0] SubMesh(etypes=['quad', 'tri'],
        eidxs_base={'quad': array([ 0, 12, 14, 18,  4, 19, 21]),
                    'tri': array([3, 1, 5])},
        eidxs={'quad': array([ 0, 12, 14, 18,  4, 19, 21]),
               'tri': array([3, 1, 5])},
        conn=array([[ 0,  1,  0,  0,  1, 19,  3],
       [ 0,  1,  1,  0,  1, 14,  2],
       [ 0,  1,  2,  0,  1,  4,  1],
       [ 0,  3,  0, -1, -1, -1,  3],
       [ 0,  3,  1,  1,  0,  0,  0],
       [ 0,  3,  2,  0,  1, 18,  2],
       [ 0,  5,  0,  0,  1, 21,  0],
       [ 0,  5,  1,  0,  1,  0,  3],
       [ 0,  5,  2, -1, -1, -1,  2],
       [ 1,  0,  0,  0,  1,  4,  3],
       [ 1,  0,  1,  2,  1, 15,  0],
       [ 1,  0,  2, -1, -1, -1,  2],
       [ 1,  0,  3,  0,  0,  5,  1],
       [ 1,  4,  0,  0,  1, 21,  3],
       [ 1,  4,  1,  0,  0,  1,  2],
       [ 1,  4,  2,  0,  1, 12,  3],
       [ 1,  4,  3,  0,  1,  0,  0],
       [ 1, 12,  0,  0,  1, 14,  1],
       [ 1, 12,  1,  2,  1,  1,  1],
       [ 1, 12,  2,  2,  1, 15,  1],
       [ 1, 12,  3,  0,  1,  4,  2],
       [ 1, 14,  0,  1,  1,  6,  1],
       [ 1, 14,  1,  0,  1, 12,  0],
       [ 1, 14,  2,  0,  0,  1,  1],
       [ 1, 14,  3,  0,  1, 18,  0],
       [ 1, 18,  0,  0,  1, 14,  3],
       [ 1, 18,  1,  0,  1, 19,  2],
       [ 1, 18,  2,  0,  0,  3,  2],
       [ 1, 18,  3,  1,  1,  7,  2],
       [ 1, 19,  0,  0,  1, 21,  2],
       [ 1, 19,  1, -1, -1, -1,  3],
       [ 1, 19,  2,  0,  1, 18,  1],
       [ 1, 19,  3,  0,  0,  1,  0],
       [ 1, 21,  0,  0,  0,  5,  0],
       [ 1, 21,  1, -1, -1, -1,  3],
       [ 1, 21,  2,  0,  1, 19,  0],
       [ 1, 21,  3,  0,  1,  4,  0]]),
        arrays={'spts': {'quad': array([[[0.83782797, 0.76479963],
        [0.7818017 , 0.58014363],
        [1.        , 0.75      ],
        [1.        , 0.5       ]],

       [[0.63002644, 0.6375102 ],
        [0.49592129, 0.49379152],
        [0.7818017 , 0.58014363],
        [0.68074413, 0.41970635]],

       [[0.38534186, 0.6857371 ],
        [0.49592129, 0.49379152],
        [0.52285327, 0.80110305],
        [0.63002644, 0.6375102 ]],

       [[0.38534186, 0.6857371 ],
        [0.52285327, 0.80110305],
        [0.32888457, 0.85398126],
        [0.5       , 1.        ]],

       [[0.83782797, 0.76479963],
        [0.71431293, 0.82270356],
        [0.7818017 , 0.58014363],
        [0.63002644, 0.6375102 ]],

       [[0.71431293, 0.82270356],
        [0.75      , 1.        ],
        [0.52285327, 0.80110305],
        [0.5       , 1.        ]],

       [[0.83782797, 0.76479963],
        [1.        , 1.        ],
        [0.71431293, 0.82270356],
        [0.75      , 1.        ]]]),
                         'tri': array([[[0.5       , 1.        ],
        [0.25      , 1.        ],
        [0.32888457, 0.85398126]],

       [[0.71431293, 0.82270356],
        [0.52285327, 0.80110305],
        [0.63002644, 0.6375102 ]],

       [[1.        , 1.        ],
        [0.83782797, 0.76479963],
        [1.        , 0.75      ]]])},
                'spts_curved': {'quad': array([False, False, False, False, False, False, False]),
                                'tri': array([False, False, False])},
                'spts_nodes': {'quad': array([[18, 28, 11, 10],
       [32, 31, 28, 29],
       [24, 31, 23, 32],
       [24, 23, 25, 14],
       [18, 19, 28, 32],
       [19, 13, 23, 14],
       [18, 12, 19, 13]]),
                               'tri': array([[14, 15, 25],
       [19, 23, 32],
       [12, 18, 11]])}})
[Rank 0] SubMesh(etypes=['quad', 'tri'],
        eidxs_base={'quad': array([ 0, 12, 14, 18,  4, 19, 21]),
                    'tri': array([3, 1, 5])},
        eidxs={'quad': array([ 0,  4, 12, 14, 18, 19, 21]),
               'tri': array([1, 3, 5])},
        conn=array([[ 0,  1,  0,  0,  1, 19,  3],
       [ 0,  1,  1,  0,  1, 14,  2],
       [ 0,  1,  2,  0,  1,  4,  1],
       [ 0,  3,  0, -1, -1, -1,  3],
       [ 0,  3,  1,  1,  0,  0,  0],
       [ 0,  3,  2,  0,  1, 18,  2],
       [ 0,  5,  0,  0,  1, 21,  0],
       [ 0,  5,  1,  0,  1,  0,  3],
       [ 0,  5,  2, -1, -1, -1,  2],
       [ 1,  0,  0,  0,  1,  4,  3],
       [ 1,  0,  1,  2,  1, 15,  0],
       [ 1,  0,  2, -1, -1, -1,  2],
       [ 1,  0,  3,  0,  0,  5,  1],
       [ 1,  4,  0,  0,  1, 21,  3],
       [ 1,  4,  1,  0,  0,  1,  2],
       [ 1,  4,  2,  0,  1, 12,  3],
       [ 1,  4,  3,  0,  1,  0,  0],
       [ 1, 12,  0,  0,  1, 14,  1],
       [ 1, 12,  1,  2,  1,  1,  1],
       [ 1, 12,  2,  2,  1, 15,  1],
       [ 1, 12,  3,  0,  1,  4,  2],
       [ 1, 14,  0,  1,  1,  6,  1],
       [ 1, 14,  1,  0,  1, 12,  0],
       [ 1, 14,  2,  0,  0,  1,  1],
       [ 1, 14,  3,  0,  1, 18,  0],
       [ 1, 18,  0,  0,  1, 14,  3],
       [ 1, 18,  1,  0,  1, 19,  2],
       [ 1, 18,  2,  0,  0,  3,  2],
       [ 1, 18,  3,  1,  1,  7,  2],
       [ 1, 19,  0,  0,  1, 21,  2],
       [ 1, 19,  1, -1, -1, -1,  3],
       [ 1, 19,  2,  0,  1, 18,  1],
       [ 1, 19,  3,  0,  0,  1,  0],
       [ 1, 21,  0,  0,  0,  5,  0],
       [ 1, 21,  1, -1, -1, -1,  3],
       [ 1, 21,  2,  0,  1, 19,  0],
       [ 1, 21,  3,  0,  1,  4,  0]]),
        arrays={'spts': {'quad': array([[[0.83782797, 0.76479963],
        [0.7818017 , 0.58014363],
        [1.        , 0.75      ],
        [1.        , 0.5       ]],

       [[0.63002644, 0.6375102 ],
        [0.49592129, 0.49379152],
        [0.7818017 , 0.58014363],
        [0.68074413, 0.41970635]],

       [[0.38534186, 0.6857371 ],
        [0.49592129, 0.49379152],
        [0.52285327, 0.80110305],
        [0.63002644, 0.6375102 ]],

       [[0.38534186, 0.6857371 ],
        [0.52285327, 0.80110305],
        [0.32888457, 0.85398126],
        [0.5       , 1.        ]],

       [[0.83782797, 0.76479963],
        [0.71431293, 0.82270356],
        [0.7818017 , 0.58014363],
        [0.63002644, 0.6375102 ]],

       [[0.71431293, 0.82270356],
        [0.75      , 1.        ],
        [0.52285327, 0.80110305],
        [0.5       , 1.        ]],

       [[0.83782797, 0.76479963],
        [1.        , 1.        ],
        [0.71431293, 0.82270356],
        [0.75      , 1.        ]]]),
                         'tri': array([[[0.5       , 1.        ],
        [0.25      , 1.        ],
        [0.32888457, 0.85398126]],

       [[0.71431293, 0.82270356],
        [0.52285327, 0.80110305],
        [0.63002644, 0.6375102 ]],

       [[1.        , 1.        ],
        [0.83782797, 0.76479963],
        [1.        , 0.75      ]]])},
                'spts_curved': {'quad': array([False, False, False, False, False, False, False]),
                                'tri': array([False, False, False])},
                'spts_nodes': {'quad': array([[18, 28, 11, 10],
       [32, 31, 28, 29],
       [24, 31, 23, 32],
       [24, 23, 25, 14],
       [18, 19, 28, 32],
       [19, 13, 23, 14],
       [18, 12, 19, 13]]),
                               'tri': array([[14, 15, 25],
       [19, 23, 32],
       [12, 18, 11]])}})
[Rank 0] SubMesh(etypes=['quad', 'tri'],
        eidxs_base={'quad': array([ 0, 12, 14, 18,  4, 19, 21]),
                    'tri': array([3, 1, 5])},
        eidxs={'quad': array([ 0,  4, 12, 14, 18, 19, 21]),
               'tri': array([1, 3, 5])},
        conn=array([[ 0,  1,  0,  0,  1, 19,  3],
       [ 0,  1,  1,  0,  1, 14,  2],
       [ 0,  1,  2,  0,  1,  4,  1],
       [ 0,  3,  0, -1, -1, -1,  3],
       [ 0,  3,  1,  1,  0,  0,  0],
       [ 0,  3,  2,  0,  1, 18,  2],
       [ 0,  5,  0,  0,  1, 21,  0],
       [ 0,  5,  1,  0,  1,  0,  3],
       [ 0,  5,  2, -1, -1, -1,  2],
       [ 1,  0,  0,  0,  1,  4,  3],
       [ 1,  0,  1,  2,  1, 15,  0],
       [ 1,  0,  2, -1, -1, -1,  2],
       [ 1,  0,  3,  0,  0,  5,  1],
       [ 1,  4,  0,  0,  1, 21,  3],
       [ 1,  4,  1,  0,  0,  1,  2],
       [ 1,  4,  2,  0,  1, 12,  3],
       [ 1,  4,  3,  0,  1,  0,  0],
       [ 1, 12,  0,  0,  1, 14,  1],
       [ 1, 12,  1,  1,  1,  1,  1],
       [ 1, 12,  2,  2,  1, 15,  1],
       [ 1, 12,  3,  0,  1,  4,  2],
       [ 1, 14,  0,  1,  1,  6,  1],
       [ 1, 14,  1,  0,  1, 12,  0],
       [ 1, 14,  2,  0,  0,  1,  1],
       [ 1, 14,  3,  0,  1, 18,  0],
       [ 1, 18,  0,  0,  1, 14,  3],
       [ 1, 18,  1,  0,  1, 19,  2],
       [ 1, 18,  2,  0,  0,  3,  2],
       [ 1, 18,  3,  1,  1,  7,  2],
       [ 1, 19,  0,  0,  1, 21,  2],
       [ 1, 19,  1, -1, -1, -1,  3],
       [ 1, 19,  2,  0,  1, 18,  1],
       [ 1, 19,  3,  0,  0,  1,  0],
       [ 1, 21,  0,  0,  0,  5,  0],
       [ 1, 21,  1, -1, -1, -1,  3],
       [ 1, 21,  2,  0,  1, 19,  0],
       [ 1, 21,  3,  0,  1,  4,  0]]),
        arrays={'spts': {'quad': array([[[0.83782797, 0.76479963],
        [0.7818017 , 0.58014363],
        [1.        , 0.75      ],
        [1.        , 0.5       ]],

       [[0.63002644, 0.6375102 ],
        [0.49592129, 0.49379152],
        [0.7818017 , 0.58014363],
        [0.68074413, 0.41970635]],

       [[0.38534186, 0.6857371 ],
        [0.49592129, 0.49379152],
        [0.52285327, 0.80110305],
        [0.63002644, 0.6375102 ]],

       [[0.38534186, 0.6857371 ],
        [0.52285327, 0.80110305],
        [0.32888457, 0.85398126],
        [0.5       , 1.        ]],

       [[0.83782797, 0.76479963],
        [0.71431293, 0.82270356],
        [0.7818017 , 0.58014363],
        [0.63002644, 0.6375102 ]],

       [[0.71431293, 0.82270356],
        [0.75      , 1.        ],
        [0.52285327, 0.80110305],
        [0.5       , 1.        ]],

       [[0.83782797, 0.76479963],
        [1.        , 1.        ],
        [0.71431293, 0.82270356],
        [0.75      , 1.        ]]]),
                         'tri': array([[[0.5       , 1.        ],
        [0.25      , 1.        ],
        [0.32888457, 0.85398126]],

       [[0.71431293, 0.82270356],
        [0.52285327, 0.80110305],
        [0.63002644, 0.6375102 ]],

       [[1.        , 1.        ],
        [0.83782797, 0.76479963],
        [1.        , 0.75      ]]])},
                'spts_curved': {'quad': array([False, False, False, False, False, False, False]),
                                'tri': array([False, False, False])},
                'spts_nodes': {'quad': array([[18, 28, 11, 10],
       [32, 31, 28, 29],
       [24, 31, 23, 32],
       [24, 23, 25, 14],
       [18, 19, 28, 32],
       [19, 13, 23, 14],
       [18, 12, 19, 13]]),
                               'tri': array([[14, 15, 25],
       [19, 23, 32],
       [12, 18, 11]])}})
[Rank 0] Base totals  →  elems=30 conn-rows=112
[Rank 0] SubMesh(etypes=['quad', 'tri'],
        eidxs_base={'quad': array([ 0, 12, 14, 18,  4, 19, 21]),
                    'tri': array([3, 1, 5])},
        eidxs={'quad': array([ 0, 12, 14, 18,  4, 19, 21]),
               'tri': array([3, 1, 5])},
        con={},
        conn=array([[ 0,  1,  0,  0,  1, 19,  3],
       [ 0,  1,  1,  0,  1, 14,  2],
       [ 0,  1,  2,  0,  1,  4,  1],
       [ 0,  3,  0, -1, -1, -1,  3],
       [ 0,  3,  1,  1,  0,  0,  0],
       [ 0,  3,  2,  0,  1, 18,  2],
       [ 0,  5,  0,  0,  1, 21,  0],
       [ 0,  5,  1,  0,  1,  0,  3],
       [ 0,  5,  2, -1, -1, -1,  2],
       [ 1,  0,  0,  0,  1,  4,  3],
       [ 1,  0,  1,  2,  1, 15,  0],
       [ 1,  0,  2, -1, -1, -1,  2],
       [ 1,  0,  3,  0,  0,  5,  1],
       [ 1,  4,  0,  0,  1, 21,  3],
       [ 1,  4,  1,  0,  0,  1,  2],
       [ 1,  4,  2,  0,  1, 12,  3],
       [ 1,  4,  3,  0,  1,  0,  0],
       [ 1, 12,  0,  0,  1, 14,  1],
       [ 1, 12,  1,  2,  1,  1,  1],
       [ 1, 12,  2,  2,  1, 15,  1],
       [ 1, 12,  3,  0,  1,  4,  2],
       [ 1, 14,  0,  1,  1,  6,  1],
       [ 1, 14,  1,  0,  1, 12,  0],
       [ 1, 14,  2,  0,  0,  1,  1],
       [ 1, 14,  3,  0,  1, 18,  0],
       [ 1, 18,  0,  0,  1, 14,  3],
       [ 1, 18,  1,  0,  1, 19,  2],
       [ 1, 18,  2,  0,  0,  3,  2],
       [ 1, 18,  3,  1,  1,  7,  2],
       [ 1, 19,  0,  0,  1, 21,  2],
       [ 1, 19,  1, -1, -1, -1,  3],
       [ 1, 19,  2,  0,  1, 18,  1],
       [ 1, 19,  3,  0,  0,  1,  0],
       [ 1, 21,  0,  0,  0,  5,  0],
       [ 1, 21,  1, -1, -1, -1,  3],
       [ 1, 21,  2,  0,  1, 19,  0],
       [ 1, 21,  3,  0,  1,  4,  0]]),
        arrays={'spts': {'quad': array([[[0.83782797, 0.76479963],
        [0.7818017 , 0.58014363],
        [1.        , 0.75      ],
        [1.        , 0.5       ]],

       [[0.63002644, 0.6375102 ],
        [0.49592129, 0.49379152],
        [0.7818017 , 0.58014363],
        [0.68074413, 0.41970635]],

       [[0.38534186, 0.6857371 ],
        [0.49592129, 0.49379152],
        [0.52285327, 0.80110305],
        [0.63002644, 0.6375102 ]],

       [[0.38534186, 0.6857371 ],
        [0.52285327, 0.80110305],
        [0.32888457, 0.85398126],
        [0.5       , 1.        ]],

       [[0.83782797, 0.76479963],
        [0.71431293, 0.82270356],
        [0.7818017 , 0.58014363],
        [0.63002644, 0.6375102 ]],

       [[0.71431293, 0.82270356],
        [0.75      , 1.        ],
        [0.52285327, 0.80110305],
        [0.5       , 1.        ]],

       [[0.83782797, 0.76479963],
        [1.        , 1.        ],
        [0.71431293, 0.82270356],
        [0.75      , 1.        ]]]),
                         'tri': array([[[0.5       , 1.        ],
        [0.25      , 1.        ],
        [0.32888457, 0.85398126]],

       [[0.71431293, 0.82270356],
        [0.52285327, 0.80110305],
        [0.63002644, 0.6375102 ]],

       [[1.        , 1.        ],
        [0.83782797, 0.76479963],
        [1.        , 0.75      ]]])},
                'spts_curved': {'quad': array([False, False, False, False, False, False, False]),
                                'tri': array([False, False, False])},
                'spts_nodes': {'quad': array([[18, 28, 11, 10],
       [32, 31, 28, 29],
       [24, 31, 23, 32],
       [24, 23, 25, 14],
       [18, 19, 28, 32],
       [19, 13, 23, 14],
       [18, 12, 19, 13]]),
                               'tri': array([[14, 15, 25],
       [19, 23, 32],
       [12, 18, 11]])}})
[Rank 0] SubMesh(etypes=['quad', 'tri'],
        eidxs_base={'quad': array([ 0, 12, 14, 18,  4, 19, 21]),
                    'tri': array([3, 1, 5])},
        eidxs={'quad': array([ 0,  4, 12, 14, 18, 19, 21]),
               'tri': array([1, 3, 5])},
        con={},
        conn=array([[ 0,  1,  0,  0,  1, 19,  3],
       [ 0,  1,  1,  0,  1, 14,  2],
       [ 0,  1,  2,  0,  1,  4,  1],
       [ 0,  3,  0, -1, -1, -1,  3],
       [ 0,  3,  1,  1,  0,  0,  0],
       [ 0,  3,  2,  0,  1, 18,  2],
       [ 0,  5,  0,  0,  1, 21,  0],
       [ 0,  5,  1,  0,  1,  0,  3],
       [ 0,  5,  2, -1, -1, -1,  2],
       [ 1,  0,  0,  0,  1,  4,  3],
       [ 1,  0,  1,  2,  1, 15,  0],
       [ 1,  0,  2, -1, -1, -1,  2],
       [ 1,  0,  3,  0,  0,  5,  1],
       [ 1,  4,  0,  0,  1, 21,  3],
       [ 1,  4,  1,  0,  0,  1,  2],
       [ 1,  4,  2,  0,  1, 12,  3],
       [ 1,  4,  3,  0,  1,  0,  0],
       [ 1, 12,  0,  0,  1, 14,  1],
       [ 1, 12,  1,  2,  1,  1,  1],
       [ 1, 12,  2,  2,  1, 15,  1],
       [ 1, 12,  3,  0,  1,  4,  2],
       [ 1, 14,  0,  1,  1,  6,  1],
       [ 1, 14,  1,  0,  1, 12,  0],
       [ 1, 14,  2,  0,  0,  1,  1],
       [ 1, 14,  3,  0,  1, 18,  0],
       [ 1, 18,  0,  0,  1, 14,  3],
       [ 1, 18,  1,  0,  1, 19,  2],
       [ 1, 18,  2,  0,  0,  3,  2],
       [ 1, 18,  3,  1,  1,  7,  2],
       [ 1, 19,  0,  0,  1, 21,  2],
       [ 1, 19,  1, -1, -1, -1,  3],
       [ 1, 19,  2,  0,  1, 18,  1],
       [ 1, 19,  3,  0,  0,  1,  0],
       [ 1, 21,  0,  0,  0,  5,  0],
       [ 1, 21,  1, -1, -1, -1,  3],
       [ 1, 21,  2,  0,  1, 19,  0],
       [ 1, 21,  3,  0,  1,  4,  0]]),
        arrays={'spts': {'quad': array([[[0.83782797, 0.76479963],
        [0.7818017 , 0.58014363],
        [1.        , 0.75      ],
        [1.        , 0.5       ]],

       [[0.63002644, 0.6375102 ],
        [0.49592129, 0.49379152],
        [0.7818017 , 0.58014363],
        [0.68074413, 0.41970635]],

       [[0.38534186, 0.6857371 ],
        [0.49592129, 0.49379152],
        [0.52285327, 0.80110305],
        [0.63002644, 0.6375102 ]],

       [[0.38534186, 0.6857371 ],
        [0.52285327, 0.80110305],
        [0.32888457, 0.85398126],
        [0.5       , 1.        ]],

       [[0.83782797, 0.76479963],
        [0.71431293, 0.82270356],
        [0.7818017 , 0.58014363],
        [0.63002644, 0.6375102 ]],

       [[0.71431293, 0.82270356],
        [0.75      , 1.        ],
        [0.52285327, 0.80110305],
        [0.5       , 1.        ]],

       [[0.83782797, 0.76479963],
        [1.        , 1.        ],
        [0.71431293, 0.82270356],
        [0.75      , 1.        ]]]),
                         'tri': array([[[0.5       , 1.        ],
        [0.25      , 1.        ],
        [0.32888457, 0.85398126]],

       [[0.71431293, 0.82270356],
        [0.52285327, 0.80110305],
        [0.63002644, 0.6375102 ]],

       [[1.        , 1.        ],
        [0.83782797, 0.76479963],
        [1.        , 0.75      ]]])},
                'spts_curved': {'quad': array([False, False, False, False, False, False, False]),
                                'tri': array([False, False, False])},
                'spts_nodes': {'quad': array([[18, 28, 11, 10],
       [32, 31, 28, 29],
       [24, 31, 23, 32],
       [24, 23, 25, 14],
       [18, 19, 28, 32],
       [19, 13, 23, 14],
       [18, 12, 19, 13]]),
                               'tri': array([[14, 15, 25],
       [19, 23, 32],
       [12, 18, 11]])}})
[Rank 0] SubMesh(etypes=['quad', 'tri'],
        eidxs_base={'quad': array([ 0, 12, 14, 18,  4, 19, 21]),
                    'tri': array([3, 1, 5])},
        eidxs={'quad': array([ 0,  4, 12, 14, 18, 19, 21]),
               'tri': array([1, 3, 5])},
        con={},
        conn=array([[ 0,  1,  0,  0,  1, 19,  3],
       [ 0,  1,  1,  0,  1, 14,  2],
       [ 0,  1,  2,  0,  1,  4,  1],
       [ 0,  3,  0, -1, -1, -1,  3],
       [ 0,  3,  1,  1,  0,  0,  0],
       [ 0,  3,  2,  0,  1, 18,  2],
       [ 0,  5,  0,  0,  1, 21,  0],
       [ 0,  5,  1,  0,  1,  0,  3],
       [ 0,  5,  2, -1, -1, -1,  2],
       [ 1,  0,  0,  0,  1,  4,  3],
       [ 1,  0,  1,  2,  1, 15,  0],
       [ 1,  0,  2, -1, -1, -1,  2],
       [ 1,  0,  3,  0,  0,  5,  1],
       [ 1,  4,  0,  0,  1, 21,  3],
       [ 1,  4,  1,  0,  0,  1,  2],
       [ 1,  4,  2,  0,  1, 12,  3],
       [ 1,  4,  3,  0,  1,  0,  0],
       [ 1, 12,  0,  0,  1, 14,  1],
       [ 1, 12,  1,  1,  1,  1,  1],
       [ 1, 12,  2,  2,  1, 15,  1],
       [ 1, 12,  3,  0,  1,  4,  2],
       [ 1, 14,  0,  1,  1,  6,  1],
       [ 1, 14,  1,  0,  1, 12,  0],
       [ 1, 14,  2,  0,  0,  1,  1],
       [ 1, 14,  3,  0,  1, 18,  0],
       [ 1, 18,  0,  0,  1, 14,  3],
       [ 1, 18,  1,  0,  1, 19,  2],
       [ 1, 18,  2,  0,  0,  3,  2],
       [ 1, 18,  3,  1,  1,  7,  2],
       [ 1, 19,  0,  0,  1, 21,  2],
       [ 1, 19,  1, -1, -1, -1,  3],
       [ 1, 19,  2,  0,  1, 18,  1],
       [ 1, 19,  3,  0,  0,  1,  0],
       [ 1, 21,  0,  0,  0,  5,  0],
       [ 1, 21,  1, -1, -1, -1,  3],
       [ 1, 21,  2,  0,  1, 19,  0],
       [ 1, 21,  3,  0,  1,  4,  0]]),
        arrays={'spts': {'quad': array([[[0.83782797, 0.76479963],
        [0.7818017 , 0.58014363],
        [1.        , 0.75      ],
        [1.        , 0.5       ]],

       [[0.63002644, 0.6375102 ],
        [0.49592129, 0.49379152],
        [0.7818017 , 0.58014363],
        [0.68074413, 0.41970635]],

       [[0.38534186, 0.6857371 ],
        [0.49592129, 0.49379152],
        [0.52285327, 0.80110305],
        [0.63002644, 0.6375102 ]],

       [[0.38534186, 0.6857371 ],
        [0.52285327, 0.80110305],
        [0.32888457, 0.85398126],
        [0.5       , 1.        ]],

       [[0.83782797, 0.76479963],
        [0.71431293, 0.82270356],
        [0.7818017 , 0.58014363],
        [0.63002644, 0.6375102 ]],

       [[0.71431293, 0.82270356],
        [0.75      , 1.        ],
        [0.52285327, 0.80110305],
        [0.5       , 1.        ]],

       [[0.83782797, 0.76479963],
        [1.        , 1.        ],
        [0.71431293, 0.82270356],
        [0.75      , 1.        ]]]),
                         'tri': array([[[0.5       , 1.        ],
        [0.25      , 1.        ],
        [0.32888457, 0.85398126]],

       [[0.71431293, 0.82270356],
        [0.52285327, 0.80110305],
        [0.63002644, 0.6375102 ]],

       [[1.        , 1.        ],
        [0.83782797, 0.76479963],
        [1.        , 0.75      ]]])},
                'spts_curved': {'quad': array([False, False, False, False, False, False, False]),
                                'tri': array([False, False, False])},
                'spts_nodes': {'quad': array([[18, 28, 11, 10],
       [32, 31, 28, 29],
       [24, 31, 23, 32],
       [24, 23, 25, 14],
       [18, 19, 28, 32],
       [19, 13, 23, 14],
       [18, 12, 19, 13]]),
                               'tri': array([[14, 15, 25],
       [19, 23, 32],
       [12, 18, 11]])}})
[Rank 0] Base totals  →  elems=30 conn-rows=112
[Rank 0] Base totals  →  elems=30 conn-rows=112
[Rank 0] SubMesh(etypes=['quad', 'tri'],
        eidxs_base={'quad': array([ 0, 12, 14, 18,  4, 19, 21]),
                    'tri': array([3, 1, 5])},
        eidxs={'quad': array([ 0,  4, 12, 14, 18, 19, 21]),
               'tri': array([1, 3, 5])},
        con={},
        conn=array([[ 0,  1,  0,  0,  1, 19,  3],
       [ 0,  1,  1,  0,  1, 14,  2],
       [ 0,  1,  2,  0,  1,  4,  1],
       [ 0,  3,  0, -1, -1, -1,  3],
       [ 0,  3,  1,  1,  0,  0,  0],
       [ 0,  3,  2,  0,  1, 18,  2],
       [ 0,  5,  0,  0,  1, 21,  0],
       [ 0,  5,  1,  0,  1,  0,  3],
       [ 0,  5,  2, -1, -1, -1,  2],
       [ 1,  0,  0,  0,  1,  4,  3],
       [ 1,  0,  1,  2,  1, 15,  0],
       [ 1,  0,  2, -1, -1, -1,  2],
       [ 1,  0,  3,  0,  0,  5,  1],
       [ 1,  4,  0,  0,  1, 21,  3],
       [ 1,  4,  1,  0,  0,  1,  2],
       [ 1,  4,  2,  0,  1, 12,  3],
       [ 1,  4,  3,  0,  1,  0,  0],
       [ 1, 12,  0,  0,  1, 14,  1],
       [ 1, 12,  1,  1,  1,  1,  1],
       [ 1, 12,  2,  2,  1, 15,  1],
       [ 1, 12,  3,  0,  1,  4,  2],
       [ 1, 14,  0,  1,  1,  6,  1],
       [ 1, 14,  1,  0,  1, 12,  0],
       [ 1, 14,  2,  0,  0,  1,  1],
       [ 1, 14,  3,  0,  1, 18,  0],
       [ 1, 18,  0,  0,  1, 14,  3],
       [ 1, 18,  1,  0,  1, 19,  2],
       [ 1, 18,  2,  0,  0,  3,  2],
       [ 1, 18,  3,  1,  1,  7,  2],
       [ 1, 19,  0,  0,  1, 21,  2],
       [ 1, 19,  1, -1, -1, -1,  3],
       [ 1, 19,  2,  0,  1, 18,  1],
       [ 1, 19,  3,  0,  0,  1,  0],
       [ 1, 21,  0,  0,  0,  5,  0],
       [ 1, 21,  1, -1, -1, -1,  3],
       [ 1, 21,  2,  0,  1, 19,  0],
       [ 1, 21,  3,  0,  1,  4,  0]]),
        arrays={'spts': {'quad': array([[[0.83782797, 0.76479963],
        [0.7818017 , 0.58014363],
        [1.        , 0.75      ],
        [1.        , 0.5       ]],

       [[0.63002644, 0.6375102 ],
        [0.49592129, 0.49379152],
        [0.7818017 , 0.58014363],
        [0.68074413, 0.41970635]],

       [[0.38534186, 0.6857371 ],
        [0.49592129, 0.49379152],
        [0.52285327, 0.80110305],
        [0.63002644, 0.6375102 ]],

       [[0.38534186, 0.6857371 ],
        [0.52285327, 0.80110305],
        [0.32888457, 0.85398126],
        [0.5       , 1.        ]],

       [[0.83782797, 0.76479963],
        [0.71431293, 0.82270356],
        [0.7818017 , 0.58014363],
        [0.63002644, 0.6375102 ]],

       [[0.71431293, 0.82270356],
        [0.75      , 1.        ],
        [0.52285327, 0.80110305],
        [0.5       , 1.        ]],

       [[0.83782797, 0.76479963],
        [1.        , 1.        ],
        [0.71431293, 0.82270356],
        [0.75      , 1.        ]]]),
                         'tri': array([[[0.5       , 1.        ],
        [0.25      , 1.        ],
        [0.32888457, 0.85398126]],

       [[0.71431293, 0.82270356],
        [0.52285327, 0.80110305],
        [0.63002644, 0.6375102 ]],

       [[1.        , 1.        ],
        [0.83782797, 0.76479963],
        [1.        , 0.75      ]]])},
                'spts_curved': {'quad': array([False, False, False, False, False, False, False]),
                                'tri': array([False, False, False])},
                'spts_nodes': {'quad': array([[18, 28, 11, 10],
       [32, 31, 28, 29],
       [24, 31, 23, 32],
       [24, 23, 25, 14],
       [18, 19, 28, 32],
       [19, 13, 23, 14],
       [18, 12, 19, 13]]),
                               'tri': array([[14, 15, 25],
       [19, 23, 32],
       [12, 18, 11]])}})
[Rank 0] Base totals  →  elems=30 conn-rows=112
[Rank 0] SubMesh(etypes=['quad', 'tri'],
        eidxs_base={'quad': array([ 0, 12, 14, 18,  4, 19, 21]),
                    'tri': array([3, 1, 5])},
        eidxs={'quad': array([ 0,  4, 12, 14, 18, 19, 21]),
               'tri': array([1, 3, 5])},
        con={'quad': array([[[ 0,  1,  4,  3],
        [ 2,  1, 15,  0],
        [-1, -1, -1,  2],
        [ 0,  0,  5,  1]],

       [[ 0,  1, 14,  1],
        [ 2,  1,  1,  1],
        [ 2,  1, 15,  1],
        [ 0,  1,  4,  2]],

       [[ 1,  1,  6,  1],
        [ 0,  1, 12,  0],
        [ 0,  0,  1,  1],
        [ 0,  1, 18,  0]],

       [[ 0,  1, 14,  3],
        [ 0,  1, 19,  2],
        [ 0,  0,  3,  2],
        [ 1,  1,  7,  2]],

       [[ 0,  1, 21,  3],
        [ 0,  0,  1,  2],
        [ 0,  1, 12,  3],
        [ 0,  1,  0,  0]],

       [[ 0,  1, 21,  2],
        [-1, -1, -1,  3],
        [ 0,  1, 18,  1],
        [ 0,  0,  1,  0]],

       [[ 0,  0,  5,  0],
        [-1, -1, -1,  3],
        [ 0,  1, 19,  0],
        [ 0,  1,  4,  0]]]),
             'tri': array([[[-1, -1, -1,  3],
        [ 1,  0,  0,  0],
        [ 0,  1, 18,  2]],

       [[ 0,  1, 19,  3],
        [ 0,  1, 14,  2],
        [ 0,  1,  4,  1]],

       [[ 0,  1, 21,  0],
        [ 0,  1,  0,  3],
        [-1, -1, -1,  2]]])},
        conn=array([[ 0,  1,  0,  0,  1, 19,  3],
       [ 0,  1,  1,  0,  1, 14,  2],
       [ 0,  1,  2,  0,  1,  4,  1],
       [ 0,  3,  0, -1, -1, -1,  3],
       [ 0,  3,  1,  1,  0,  0,  0],
       [ 0,  3,  2,  0,  1, 18,  2],
       [ 0,  5,  0,  0,  1, 21,  0],
       [ 0,  5,  1,  0,  1,  0,  3],
       [ 0,  5,  2, -1, -1, -1,  2],
       [ 1,  0,  0,  0,  1,  4,  3],
       [ 1,  0,  1,  2,  1, 15,  0],
       [ 1,  0,  2, -1, -1, -1,  2],
       [ 1,  0,  3,  0,  0,  5,  1],
       [ 1,  4,  0,  0,  1, 21,  3],
       [ 1,  4,  1,  0,  0,  1,  2],
       [ 1,  4,  2,  0,  1, 12,  3],
       [ 1,  4,  3,  0,  1,  0,  0],
       [ 1, 12,  0,  0,  1, 14,  1],
       [ 1, 12,  1,  1,  1,  1,  1],
       [ 1, 12,  2,  2,  1, 15,  1],
       [ 1, 12,  3,  0,  1,  4,  2],
       [ 1, 14,  0,  1,  1,  6,  1],
       [ 1, 14,  1,  0,  1, 12,  0],
       [ 1, 14,  2,  0,  0,  1,  1],
       [ 1, 14,  3,  0,  1, 18,  0],
       [ 1, 18,  0,  0,  1, 14,  3],
       [ 1, 18,  1,  0,  1, 19,  2],
       [ 1, 18,  2,  0,  0,  3,  2],
       [ 1, 18,  3,  1,  1,  7,  2],
       [ 1, 19,  0,  0,  1, 21,  2],
       [ 1, 19,  1, -1, -1, -1,  3],
       [ 1, 19,  2,  0,  1, 18,  1],
       [ 1, 19,  3,  0,  0,  1,  0],
       [ 1, 21,  0,  0,  0,  5,  0],
       [ 1, 21,  1, -1, -1, -1,  3],
       [ 1, 21,  2,  0,  1, 19,  0],
       [ 1, 21,  3,  0,  1,  4,  0]]),
        arrays={'spts': {'quad': array([[[0.83782797, 0.76479963],
        [0.7818017 , 0.58014363],
        [1.        , 0.75      ],
        [1.        , 0.5       ]],

       [[0.63002644, 0.6375102 ],
        [0.49592129, 0.49379152],
        [0.7818017 , 0.58014363],
        [0.68074413, 0.41970635]],

       [[0.38534186, 0.6857371 ],
        [0.49592129, 0.49379152],
        [0.52285327, 0.80110305],
        [0.63002644, 0.6375102 ]],

       [[0.38534186, 0.6857371 ],
        [0.52285327, 0.80110305],
        [0.32888457, 0.85398126],
        [0.5       , 1.        ]],

       [[0.83782797, 0.76479963],
        [0.71431293, 0.82270356],
        [0.7818017 , 0.58014363],
        [0.63002644, 0.6375102 ]],

       [[0.71431293, 0.82270356],
        [0.75      , 1.        ],
        [0.52285327, 0.80110305],
        [0.5       , 1.        ]],

       [[0.83782797, 0.76479963],
        [1.        , 1.        ],
        [0.71431293, 0.82270356],
        [0.75      , 1.        ]]]),
                         'tri': array([[[0.5       , 1.        ],
        [0.25      , 1.        ],
        [0.32888457, 0.85398126]],

       [[0.71431293, 0.82270356],
        [0.52285327, 0.80110305],
        [0.63002644, 0.6375102 ]],

       [[1.        , 1.        ],
        [0.83782797, 0.76479963],
        [1.        , 0.75      ]]])},
                'spts_curved': {'quad': array([False, False, False, False, False, False, False]),
                                'tri': array([False, False, False])},
                'spts_nodes': {'quad': array([[18, 28, 11, 10],
       [32, 31, 28, 29],
       [24, 31, 23, 32],
       [24, 23, 25, 14],
       [18, 19, 28, 32],
       [19, 13, 23, 14],
       [18, 12, 19, 13]]),
                               'tri': array([[14, 15, 25],
       [19, 23, 32],
       [12, 18, 11]])}})
[Rank 0] Base totals  →  elems=30 conn-rows=112
[Rank 0] SubMesh(etypes=['quad', 'tri'],
        eidxs_base={'quad': array([ 0, 12, 14, 18,  4, 19, 21]),
                    'tri': array([3, 1, 5])},
        eidxs={'quad': array([ 0,  4, 12, 14, 18, 19, 21]),
               'tri': array([1, 3, 5])},
        con={'quad': array([[[ 0,  1,  4,  3],
        [ 2,  1, 15,  0],
        [-1, -1, -1,  2],
        [ 0,  0,  5,  1]],

       [[ 0,  1, 14,  1],
        [ 2,  1,  1,  1],
        [ 2,  1, 15,  1],
        [ 0,  1,  4,  2]],

       [[ 1,  1,  6,  1],
        [ 0,  1, 12,  0],
        [ 0,  0,  1,  1],
        [ 0,  1, 18,  0]],

       [[ 0,  1, 14,  3],
        [ 0,  1, 19,  2],
        [ 0,  0,  3,  2],
        [ 1,  1,  7,  2]],

       [[ 0,  1, 21,  3],
        [ 0,  0,  1,  2],
        [ 0,  1, 12,  3],
        [ 0,  1,  0,  0]],

       [[ 0,  1, 21,  2],
        [-1, -1, -1,  3],
        [ 0,  1, 18,  1],
        [ 0,  0,  1,  0]],

       [[ 0,  0,  5,  0],
        [-1, -1, -1,  3],
        [ 0,  1, 19,  0],
        [ 0,  1,  4,  0]]]),
             'tri': array([[[-1, -1, -1,  3],
        [ 1,  0,  0,  0],
        [ 0,  1, 18,  2]],

       [[ 0,  1, 19,  3],
        [ 0,  1, 14,  2],
        [ 0,  1,  4,  1]],

       [[ 0,  1, 21,  0],
        [ 0,  1,  0,  3],
        [-1, -1, -1,  2]]])},
        conn=array([[ 0,  1,  0,  0,  1, 19,  3],
       [ 0,  1,  1,  0,  1, 14,  2],
       [ 0,  1,  2,  0,  1,  4,  1],
       [ 0,  3,  0, -1, -1, -1,  3],
       [ 0,  3,  1,  1,  0,  0,  0],
       [ 0,  3,  2,  0,  1, 18,  2],
       [ 0,  5,  0,  0,  1, 21,  0],
       [ 0,  5,  1,  0,  1,  0,  3],
       [ 0,  5,  2, -1, -1, -1,  2],
       [ 1,  0,  0,  0,  1,  4,  3],
       [ 1,  0,  1,  2,  1, 15,  0],
       [ 1,  0,  2, -1, -1, -1,  2],
       [ 1,  0,  3,  0,  0,  5,  1],
       [ 1,  4,  0,  0,  1, 21,  3],
       [ 1,  4,  1,  0,  0,  1,  2],
       [ 1,  4,  2,  0,  1, 12,  3],
       [ 1,  4,  3,  0,  1,  0,  0],
       [ 1, 12,  0,  0,  1, 14,  1],
       [ 1, 12,  1,  1,  1,  1,  1],
       [ 1, 12,  2,  2,  1, 15,  1],
       [ 1, 12,  3,  0,  1,  4,  2],
       [ 1, 14,  0,  1,  1,  6,  1],
       [ 1, 14,  1,  0,  1, 12,  0],
       [ 1, 14,  2,  0,  0,  1,  1],
       [ 1, 14,  3,  0,  1, 18,  0],
       [ 1, 18,  0,  0,  1, 14,  3],
       [ 1, 18,  1,  0,  1, 19,  2],
       [ 1, 18,  2,  0,  0,  3,  2],
       [ 1, 18,  3,  1,  1,  7,  2],
       [ 1, 19,  0,  0,  1, 21,  2],
       [ 1, 19,  1, -1, -1, -1,  3],
       [ 1, 19,  2,  0,  1, 18,  1],
       [ 1, 19,  3,  0,  0,  1,  0],
       [ 1, 21,  0,  0,  0,  5,  0],
       [ 1, 21,  1, -1, -1, -1,  3],
       [ 1, 21,  2,  0,  1, 19,  0],
       [ 1, 21,  3,  0,  1,  4,  0]]),
        arrays={'spts': {'quad': array([[[0.83782797, 0.76479963],
        [0.7818017 , 0.58014363],
        [1.        , 0.75      ],
        [1.        , 0.5       ]],

       [[0.63002644, 0.6375102 ],
        [0.49592129, 0.49379152],
        [0.7818017 , 0.58014363],
        [0.68074413, 0.41970635]],

       [[0.38534186, 0.6857371 ],
        [0.49592129, 0.49379152],
        [0.52285327, 0.80110305],
        [0.63002644, 0.6375102 ]],

       [[0.38534186, 0.6857371 ],
        [0.52285327, 0.80110305],
        [0.32888457, 0.85398126],
        [0.5       , 1.        ]],

       [[0.83782797, 0.76479963],
        [0.71431293, 0.82270356],
        [0.7818017 , 0.58014363],
        [0.63002644, 0.6375102 ]],

       [[0.71431293, 0.82270356],
        [0.75      , 1.        ],
        [0.52285327, 0.80110305],
        [0.5       , 1.        ]],

       [[0.83782797, 0.76479963],
        [1.        , 1.        ],
        [0.71431293, 0.82270356],
        [0.75      , 1.        ]]]),
                         'tri': array([[[0.5       , 1.        ],
        [0.25      , 1.        ],
        [0.32888457, 0.85398126]],

       [[0.71431293, 0.82270356],
        [0.52285327, 0.80110305],
        [0.63002644, 0.6375102 ]],

       [[1.        , 1.        ],
        [0.83782797, 0.76479963],
        [1.        , 0.75      ]]])},
                'spts_curved': {'quad': array([False, False, False, False, False, False, False]),
                                'tri': array([False, False, False])},
                'spts_nodes': {'quad': array([[18, 28, 11, 10],
       [32, 31, 28, 29],
       [24, 31, 23, 32],
       [24, 23, 25, 14],
       [18, 19, 28, 32],
       [19, 13, 23, 14],
       [18, 12, 19, 13]]),
                               'tri': array([[14, 15, 25],
       [19, 23, 32],
       [12, 18, 11]])}})
[Rank 0] Base totals  →  elems=30 conn-rows=112
[Rank 0] SubMesh(etypes=['quad', 'tri'],
        eidxs_base={'quad': array([ 0, 12, 14, 18,  4, 19, 21]),
                    'tri': array([3, 1, 5])},
        eidxs={'quad': array([ 0, 12, 14, 18,  4, 19, 21]),
               'tri': array([3, 1, 5])},
        con={'quad': array([[[ 0,  1,  4,  3],
        [ 2,  1, 15,  0],
        [-1, -1, -1,  2],
        [ 0,  0,  5,  1]],

       [[ 0,  1, 14,  1],
        [ 2,  1,  1,  1],
        [ 2,  1, 15,  1],
        [ 0,  1,  4,  2]],

       [[ 1,  1,  6,  1],
        [ 0,  1, 12,  0],
        [ 0,  0,  1,  1],
        [ 0,  1, 18,  0]],

       [[ 0,  1, 14,  3],
        [ 0,  1, 19,  2],
        [ 0,  0,  3,  2],
        [ 1,  1,  7,  2]],

       [[ 0,  1, 21,  3],
        [ 0,  0,  1,  2],
        [ 0,  1, 12,  3],
        [ 0,  1,  0,  0]],

       [[ 0,  1, 21,  2],
        [-1, -1, -1,  3],
        [ 0,  1, 18,  1],
        [ 0,  0,  1,  0]],

       [[ 0,  0,  5,  0],
        [-1, -1, -1,  3],
        [ 0,  1, 19,  0],
        [ 0,  1,  4,  0]]]),
             'tri': array([[[-1, -1, -1,  3],
        [ 1,  0,  0,  0],
        [ 0,  1, 18,  2]],

       [[ 0,  1, 19,  3],
        [ 0,  1, 14,  2],
        [ 0,  1,  4,  1]],

       [[ 0,  1, 21,  0],
        [ 0,  1,  0,  3],
        [-1, -1, -1,  2]]])},
        conn=array([[ 0,  1,  0,  0,  1, 19,  3],
       [ 0,  1,  1,  0,  1, 14,  2],
       [ 0,  1,  2,  0,  1,  4,  1],
       [ 0,  3,  0, -1, -1, -1,  3],
       [ 0,  3,  1,  1,  0,  0,  0],
       [ 0,  3,  2,  0,  1, 18,  2],
       [ 0,  5,  0,  0,  1, 21,  0],
       [ 0,  5,  1,  0,  1,  0,  3],
       [ 0,  5,  2, -1, -1, -1,  2],
       [ 1,  0,  0,  0,  1,  4,  3],
       [ 1,  0,  1,  2,  1, 15,  0],
       [ 1,  0,  2, -1, -1, -1,  2],
       [ 1,  0,  3,  0,  0,  5,  1],
       [ 1,  4,  0,  0,  1, 21,  3],
       [ 1,  4,  1,  0,  0,  1,  2],
       [ 1,  4,  2,  0,  1, 12,  3],
       [ 1,  4,  3,  0,  1,  0,  0],
       [ 1, 12,  0,  0,  1, 14,  1],
       [ 1, 12,  1,  2,  1,  1,  1],
       [ 1, 12,  2,  2,  1, 15,  1],
       [ 1, 12,  3,  0,  1,  4,  2],
       [ 1, 14,  0,  1,  1,  6,  1],
       [ 1, 14,  1,  0,  1, 12,  0],
       [ 1, 14,  2,  0,  0,  1,  1],
       [ 1, 14,  3,  0,  1, 18,  0],
       [ 1, 18,  0,  0,  1, 14,  3],
       [ 1, 18,  1,  0,  1, 19,  2],
       [ 1, 18,  2,  0,  0,  3,  2],
       [ 1, 18,  3,  1,  1,  7,  2],
       [ 1, 19,  0,  0,  1, 21,  2],
       [ 1, 19,  1, -1, -1, -1,  3],
       [ 1, 19,  2,  0,  1, 18,  1],
       [ 1, 19,  3,  0,  0,  1,  0],
       [ 1, 21,  0,  0,  0,  5,  0],
       [ 1, 21,  1, -1, -1, -1,  3],
       [ 1, 21,  2,  0,  1, 19,  0],
       [ 1, 21,  3,  0,  1,  4,  0]]),
        arrays={'spts': {'quad': array([[[0.83782797, 0.76479963],
        [0.7818017 , 0.58014363],
        [1.        , 0.75      ],
        [1.        , 0.5       ]],

       [[0.63002644, 0.6375102 ],
        [0.49592129, 0.49379152],
        [0.7818017 , 0.58014363],
        [0.68074413, 0.41970635]],

       [[0.38534186, 0.6857371 ],
        [0.49592129, 0.49379152],
        [0.52285327, 0.80110305],
        [0.63002644, 0.6375102 ]],

       [[0.38534186, 0.6857371 ],
        [0.52285327, 0.80110305],
        [0.32888457, 0.85398126],
        [0.5       , 1.        ]],

       [[0.83782797, 0.76479963],
        [0.71431293, 0.82270356],
        [0.7818017 , 0.58014363],
        [0.63002644, 0.6375102 ]],

       [[0.71431293, 0.82270356],
        [0.75      , 1.        ],
        [0.52285327, 0.80110305],
        [0.5       , 1.        ]],

       [[0.83782797, 0.76479963],
        [1.        , 1.        ],
        [0.71431293, 0.82270356],
        [0.75      , 1.        ]]]),
                         'tri': array([[[0.5       , 1.        ],
        [0.25      , 1.        ],
        [0.32888457, 0.85398126]],

       [[0.71431293, 0.82270356],
        [0.52285327, 0.80110305],
        [0.63002644, 0.6375102 ]],

       [[1.        , 1.        ],
        [0.83782797, 0.76479963],
        [1.        , 0.75      ]]])},
                'spts_curved': {'quad': array([False, False, False, False, False, False, False]),
                                'tri': array([False, False, False])},
                'spts_nodes': {'quad': array([[18, 28, 11, 10],
       [32, 31, 28, 29],
       [24, 31, 23, 32],
       [24, 23, 25, 14],
       [18, 19, 28, 32],
       [19, 13, 23, 14],
       [18, 12, 19, 13]]),
                               'tri': array([[14, 15, 25],
       [19, 23, 32],
       [12, 18, 11]])}})
[Rank 0] Base totals  →  elems=30 conn-rows=112
[Rank 0] SubMesh(etypes=['quad', 'tri'],
        eidxs_base={'quad': array([ 0, 12, 14, 18,  4, 19, 21]),
                    'tri': array([3, 1, 5])},
        eidxs={'quad': array([ 0, 12, 14, 18,  4, 19, 21]),
               'tri': array([3, 1, 5])},
        con={'quad': array([[[ 0,  1,  4,  3],
        [ 2,  1, 15,  0],
        [-1, -1, -1,  2],
        [ 0,  0,  5,  1]],

       [[ 0,  1, 14,  1],
        [ 2,  1,  1,  1],
        [ 2,  1, 15,  1],
        [ 0,  1,  4,  2]],

       [[ 1,  1,  6,  1],
        [ 0,  1, 12,  0],
        [ 0,  0,  1,  1],
        [ 0,  1, 18,  0]],

       [[ 0,  1, 14,  3],
        [ 0,  1, 19,  2],
        [ 0,  0,  3,  2],
        [ 1,  1,  7,  2]],

       [[ 0,  1, 21,  3],
        [ 0,  0,  1,  2],
        [ 0,  1, 12,  3],
        [ 0,  1,  0,  0]],

       [[ 0,  1, 21,  2],
        [-1, -1, -1,  3],
        [ 0,  1, 18,  1],
        [ 0,  0,  1,  0]],

       [[ 0,  0,  5,  0],
        [-1, -1, -1,  3],
        [ 0,  1, 19,  0],
        [ 0,  1,  4,  0]]]),
             'tri': array([[[-1, -1, -1,  3],
        [ 1,  0,  0,  0],
        [ 0,  1, 18,  2]],

       [[ 0,  1, 19,  3],
        [ 0,  1, 14,  2],
        [ 0,  1,  4,  1]],

       [[ 0,  1, 21,  0],
        [ 0,  1,  0,  3],
        [-1, -1, -1,  2]]])},
        conn=array([[ 0,  1,  0,  0,  1, 19,  3],
       [ 0,  1,  1,  0,  1, 14,  2],
       [ 0,  1,  2,  0,  1,  4,  1],
       [ 0,  3,  0, -1, -1, -1,  3],
       [ 0,  3,  1,  1,  0,  0,  0],
       [ 0,  3,  2,  0,  1, 18,  2],
       [ 0,  5,  0,  0,  1, 21,  0],
       [ 0,  5,  1,  0,  1,  0,  3],
       [ 0,  5,  2, -1, -1, -1,  2],
       [ 1,  0,  0,  0,  1,  4,  3],
       [ 1,  0,  1,  2,  1, 15,  0],
       [ 1,  0,  2, -1, -1, -1,  2],
       [ 1,  0,  3,  0,  0,  5,  1],
       [ 1,  4,  0,  0,  1, 21,  3],
       [ 1,  4,  1,  0,  0,  1,  2],
       [ 1,  4,  2,  0,  1, 12,  3],
       [ 1,  4,  3,  0,  1,  0,  0],
       [ 1, 12,  0,  0,  1, 14,  1],
       [ 1, 12,  1,  2,  1,  1,  1],
       [ 1, 12,  2,  2,  1, 15,  1],
       [ 1, 12,  3,  0,  1,  4,  2],
       [ 1, 14,  0,  1,  1,  6,  1],
       [ 1, 14,  1,  0,  1, 12,  0],
       [ 1, 14,  2,  0,  0,  1,  1],
       [ 1, 14,  3,  0,  1, 18,  0],
       [ 1, 18,  0,  0,  1, 14,  3],
       [ 1, 18,  1,  0,  1, 19,  2],
       [ 1, 18,  2,  0,  0,  3,  2],
       [ 1, 18,  3,  1,  1,  7,  2],
       [ 1, 19,  0,  0,  1, 21,  2],
       [ 1, 19,  1, -1, -1, -1,  3],
       [ 1, 19,  2,  0,  1, 18,  1],
       [ 1, 19,  3,  0,  0,  1,  0],
       [ 1, 21,  0,  0,  0,  5,  0],
       [ 1, 21,  1, -1, -1, -1,  3],
       [ 1, 21,  2,  0,  1, 19,  0],
       [ 1, 21,  3,  0,  1,  4,  0]]),
        arrays={'spts': {'quad': array([[[0.83782797, 0.76479963],
        [0.7818017 , 0.58014363],
        [1.        , 0.75      ],
        [1.        , 0.5       ]],

       [[0.63002644, 0.6375102 ],
        [0.49592129, 0.49379152],
        [0.7818017 , 0.58014363],
        [0.68074413, 0.41970635]],

       [[0.38534186, 0.6857371 ],
        [0.49592129, 0.49379152],
        [0.52285327, 0.80110305],
        [0.63002644, 0.6375102 ]],

       [[0.38534186, 0.6857371 ],
        [0.52285327, 0.80110305],
        [0.32888457, 0.85398126],
        [0.5       , 1.        ]],

       [[0.83782797, 0.76479963],
        [0.71431293, 0.82270356],
        [0.7818017 , 0.58014363],
        [0.63002644, 0.6375102 ]],

       [[0.71431293, 0.82270356],
        [0.75      , 1.        ],
        [0.52285327, 0.80110305],
        [0.5       , 1.        ]],

       [[0.83782797, 0.76479963],
        [1.        , 1.        ],
        [0.71431293, 0.82270356],
        [0.75      , 1.        ]]]),
                         'tri': array([[[0.5       , 1.        ],
        [0.25      , 1.        ],
        [0.32888457, 0.85398126]],

       [[0.71431293, 0.82270356],
        [0.52285327, 0.80110305],
        [0.63002644, 0.6375102 ]],

       [[1.        , 1.        ],
        [0.83782797, 0.76479963],
        [1.        , 0.75      ]]])},
                'spts_curved': {'quad': array([False, False, False, False, False, False, False]),
                                'tri': array([False, False, False])},
                'spts_nodes': {'quad': array([[18, 28, 11, 10],
       [32, 31, 28, 29],
       [24, 31, 23, 32],
       [24, 23, 25, 14],
       [18, 19, 28, 32],
       [19, 13, 23, 14],
       [18, 12, 19, 13]]),
                               'tri': array([[14, 15, 25],
       [19, 23, 32],
       [12, 18, 11]])}})
[Rank 0] Base totals  →  elems=30 conn-rows=112
[Rank 0] SubMesh(etypes=['quad', 'tri'],
        eidxs_base={'quad': array([ 0, 12, 14, 18,  4, 19, 21]),
                    'tri': array([3, 1, 5])},
        eidxs={'quad': array([ 0, 12, 14, 18,  4, 19, 21]),
               'tri': array([3, 1, 5])},
        con={'quad': array([[[ 0,  1,  4,  3],
        [ 2,  1, 15,  0],
        [-1, -1, -1,  2],
        [ 0,  0,  5,  1]],

       [[ 0,  1, 14,  1],
        [ 2,  1,  1,  1],
        [ 2,  1, 15,  1],
        [ 0,  1,  4,  2]],

       [[ 1,  1,  6,  1],
        [ 0,  1, 12,  0],
        [ 0,  0,  1,  1],
        [ 0,  1, 18,  0]],

       [[ 0,  1, 14,  3],
        [ 0,  1, 19,  2],
        [ 0,  0,  3,  2],
        [ 1,  1,  7,  2]],

       [[ 0,  1, 21,  3],
        [ 0,  0,  1,  2],
        [ 0,  1, 12,  3],
        [ 0,  1,  0,  0]],

       [[ 0,  1, 21,  2],
        [-1, -1, -1,  3],
        [ 0,  1, 18,  1],
        [ 0,  0,  1,  0]],

       [[ 0,  0,  5,  0],
        [-1, -1, -1,  3],
        [ 0,  1, 19,  0],
        [ 0,  1,  4,  0]]]),
             'tri': array([[[-1, -1, -1,  3],
        [ 1,  0,  0,  0],
        [ 0,  1, 18,  2]],

       [[ 0,  1, 19,  3],
        [ 0,  1, 14,  2],
        [ 0,  1,  4,  1]],

       [[ 0,  1, 21,  0],
        [ 0,  1,  0,  3],
        [-1, -1, -1,  2]]])},
        conn=array([[ 0,  1,  0,  0,  1, 19,  3],
       [ 0,  1,  1,  0,  1, 14,  2],
       [ 0,  1,  2,  0,  1,  4,  1],
       [ 0,  3,  0, -1, -1, -1,  3],
       [ 0,  3,  1,  1,  0,  0,  0],
       [ 0,  3,  2,  0,  1, 18,  2],
       [ 0,  5,  0,  0,  1, 21,  0],
       [ 0,  5,  1,  0,  1,  0,  3],
       [ 0,  5,  2, -1, -1, -1,  2],
       [ 1,  0,  0,  0,  1,  4,  3],
       [ 1,  0,  1,  2,  1, 15,  0],
       [ 1,  0,  2, -1, -1, -1,  2],
       [ 1,  0,  3,  0,  0,  5,  1],
       [ 1,  4,  0,  0,  1, 21,  3],
       [ 1,  4,  1,  0,  0,  1,  2],
       [ 1,  4,  2,  0,  1, 12,  3],
       [ 1,  4,  3,  0,  1,  0,  0],
       [ 1, 12,  0,  0,  1, 14,  1],
       [ 1, 12,  1,  2,  1,  1,  1],
       [ 1, 12,  2,  2,  1, 15,  1],
       [ 1, 12,  3,  0,  1,  4,  2],
       [ 1, 14,  0,  1,  1,  6,  1],
       [ 1, 14,  1,  0,  1, 12,  0],
       [ 1, 14,  2,  0,  0,  1,  1],
       [ 1, 14,  3,  0,  1, 18,  0],
       [ 1, 18,  0,  0,  1, 14,  3],
       [ 1, 18,  1,  0,  1, 19,  2],
       [ 1, 18,  2,  0,  0,  3,  2],
       [ 1, 18,  3,  1,  1,  7,  2],
       [ 1, 19,  0,  0,  1, 21,  2],
       [ 1, 19,  1, -1, -1, -1,  3],
       [ 1, 19,  2,  0,  1, 18,  1],
       [ 1, 19,  3,  0,  0,  1,  0],
       [ 1, 21,  0,  0,  0,  5,  0],
       [ 1, 21,  1, -1, -1, -1,  3],
       [ 1, 21,  2,  0,  1, 19,  0],
       [ 1, 21,  3,  0,  1,  4,  0]]),
        arrays={'spts': {'quad': array([[[0.83782797, 0.76479963],
        [0.7818017 , 0.58014363],
        [1.        , 0.75      ],
        [1.        , 0.5       ]],

       [[0.63002644, 0.6375102 ],
        [0.49592129, 0.49379152],
        [0.7818017 , 0.58014363],
        [0.68074413, 0.41970635]],

       [[0.38534186, 0.6857371 ],
        [0.49592129, 0.49379152],
        [0.52285327, 0.80110305],
        [0.63002644, 0.6375102 ]],

       [[0.38534186, 0.6857371 ],
        [0.52285327, 0.80110305],
        [0.32888457, 0.85398126],
        [0.5       , 1.        ]],

       [[0.83782797, 0.76479963],
        [0.71431293, 0.82270356],
        [0.7818017 , 0.58014363],
        [0.63002644, 0.6375102 ]],

       [[0.71431293, 0.82270356],
        [0.75      , 1.        ],
        [0.52285327, 0.80110305],
        [0.5       , 1.        ]],

       [[0.83782797, 0.76479963],
        [1.        , 1.        ],
        [0.71431293, 0.82270356],
        [0.75      , 1.        ]]]),
                         'tri': array([[[0.5       , 1.        ],
        [0.25      , 1.        ],
        [0.32888457, 0.85398126]],

       [[0.71431293, 0.82270356],
        [0.52285327, 0.80110305],
        [0.63002644, 0.6375102 ]],

       [[1.        , 1.        ],
        [0.83782797, 0.76479963],
        [1.        , 0.75      ]]])},
                'spts_curved': {'quad': array([False, False, False, False, False, False, False]),
                                'tri': array([False, False, False])},
                'spts_nodes': {'quad': array([[18, 28, 11, 10],
       [32, 31, 28, 29],
       [24, 31, 23, 32],
       [24, 23, 25, 14],
       [18, 19, 28, 32],
       [19, 13, 23, 14],
       [18, 12, 19, 13]]),
                               'tri': array([[14, 15, 25],
       [19, 23, 32],
       [12, 18, 11]])}})
[Rank 0] Base totals  →  elems=30 conn-rows=112
[Rank 0] SubMesh(etypes=['quad', 'tri'],
        eidxs_base={'quad': array([ 0, 12, 14, 18,  4, 19, 21]),
                    'tri': array([3, 1, 5])},
        eidxs={'quad': array([ 0, 12, 14, 18,  4, 19, 21]),
               'tri': array([3, 1, 5])},
        con={'quad': array([[[ 0,  1,  4,  3],
        [ 2,  1, 15,  0],
        [-1, -1, -1,  2],
        [ 0,  0,  5,  1]],

       [[ 0,  1, 14,  1],
        [ 2,  1,  1,  1],
        [ 2,  1, 15,  1],
        [ 0,  1,  4,  2]],

       [[ 1,  1,  6,  1],
        [ 0,  1, 12,  0],
        [ 0,  0,  1,  1],
        [ 0,  1, 18,  0]],

       [[ 0,  1, 14,  3],
        [ 0,  1, 19,  2],
        [ 0,  0,  3,  2],
        [ 1,  1,  7,  2]],

       [[ 0,  1, 21,  3],
        [ 0,  0,  1,  2],
        [ 0,  1, 12,  3],
        [ 0,  1,  0,  0]],

       [[ 0,  1, 21,  2],
        [-1, -1, -1,  3],
        [ 0,  1, 18,  1],
        [ 0,  0,  1,  0]],

       [[ 0,  0,  5,  0],
        [-1, -1, -1,  3],
        [ 0,  1, 19,  0],
        [ 0,  1,  4,  0]]]),
             'tri': array([[[-1, -1, -1,  3],
        [ 1,  0,  0,  0],
        [ 0,  1, 18,  2]],

       [[ 0,  1, 19,  3],
        [ 0,  1, 14,  2],
        [ 0,  1,  4,  1]],

       [[ 0,  1, 21,  0],
        [ 0,  1,  0,  3],
        [-1, -1, -1,  2]]])},
        conn=array([[ 0,  1,  0,  0,  1, 19,  3],
       [ 0,  1,  1,  0,  1, 14,  2],
       [ 0,  1,  2,  0,  1,  4,  1],
       [ 0,  3,  0, -1, -1, -1,  3],
       [ 0,  3,  1,  1,  0,  0,  0],
       [ 0,  3,  2,  0,  1, 18,  2],
       [ 0,  5,  0,  0,  1, 21,  0],
       [ 0,  5,  1,  0,  1,  0,  3],
       [ 0,  5,  2, -1, -1, -1,  2],
       [ 1,  0,  0,  0,  1,  4,  3],
       [ 1,  0,  1,  2,  1, 15,  0],
       [ 1,  0,  2, -1, -1, -1,  2],
       [ 1,  0,  3,  0,  0,  5,  1],
       [ 1,  4,  0,  0,  1, 21,  3],
       [ 1,  4,  1,  0,  0,  1,  2],
       [ 1,  4,  2,  0,  1, 12,  3],
       [ 1,  4,  3,  0,  1,  0,  0],
       [ 1, 12,  0,  0,  1, 14,  1],
       [ 1, 12,  1,  2,  1,  1,  1],
       [ 1, 12,  2,  2,  1, 15,  1],
       [ 1, 12,  3,  0,  1,  4,  2],
       [ 1, 14,  0,  1,  1,  6,  1],
       [ 1, 14,  1,  0,  1, 12,  0],
       [ 1, 14,  2,  0,  0,  1,  1],
       [ 1, 14,  3,  0,  1, 18,  0],
       [ 1, 18,  0,  0,  1, 14,  3],
       [ 1, 18,  1,  0,  1, 19,  2],
       [ 1, 18,  2,  0,  0,  3,  2],
       [ 1, 18,  3,  1,  1,  7,  2],
       [ 1, 19,  0,  0,  1, 21,  2],
       [ 1, 19,  1, -1, -1, -1,  3],
       [ 1, 19,  2,  0,  1, 18,  1],
       [ 1, 19,  3,  0,  0,  1,  0],
       [ 1, 21,  0,  0,  0,  5,  0],
       [ 1, 21,  1, -1, -1, -1,  3],
       [ 1, 21,  2,  0,  1, 19,  0],
       [ 1, 21,  3,  0,  1,  4,  0]]),
        arrays={'spts': {'quad': array([[[0.83782797, 0.76479963],
        [0.7818017 , 0.58014363],
        [1.        , 0.75      ],
        [1.        , 0.5       ]],

       [[0.63002644, 0.6375102 ],
        [0.49592129, 0.49379152],
        [0.7818017 , 0.58014363],
        [0.68074413, 0.41970635]],

       [[0.38534186, 0.6857371 ],
        [0.49592129, 0.49379152],
        [0.52285327, 0.80110305],
        [0.63002644, 0.6375102 ]],

       [[0.38534186, 0.6857371 ],
        [0.52285327, 0.80110305],
        [0.32888457, 0.85398126],
        [0.5       , 1.        ]],

       [[0.83782797, 0.76479963],
        [0.71431293, 0.82270356],
        [0.7818017 , 0.58014363],
        [0.63002644, 0.6375102 ]],

       [[0.71431293, 0.82270356],
        [0.75      , 1.        ],
        [0.52285327, 0.80110305],
        [0.5       , 1.        ]],

       [[0.83782797, 0.76479963],
        [1.        , 1.        ],
        [0.71431293, 0.82270356],
        [0.75      , 1.        ]]]),
                         'tri': array([[[0.5       , 1.        ],
        [0.25      , 1.        ],
        [0.32888457, 0.85398126]],

       [[0.71431293, 0.82270356],
        [0.52285327, 0.80110305],
        [0.63002644, 0.6375102 ]],

       [[1.        , 1.        ],
        [0.83782797, 0.76479963],
        [1.        , 0.75      ]]])},
                'spts_curved': {'quad': array([False, False, False, False, False, False, False]),
                                'tri': array([False, False, False])},
                'spts_nodes': {'quad': array([[18, 28, 11, 10],
       [32, 31, 28, 29],
       [24, 31, 23, 32],
       [24, 23, 25, 14],
       [18, 19, 28, 32],
       [19, 13, 23, 14],
       [18, 12, 19, 13]]),
                               'tri': array([[14, 15, 25],
       [19, 23, 32],
       [12, 18, 11]])}})
[Rank 0] Base totals  →  elems=30 conn-rows=112
[Rank 0] Base totals  →  elems=30 conn-rows=112
[Rank 0] Base totals  →  elems=30 conn-rows=112
[Rank 0] Base totals  →  elems=30 conn-rows=112
[Rank 0] Base totals  →  elems=30 conn-rows=112
[Rank 0] Base totals  →  elems=30 conn-rows=112
[Rank 0] Base totals  →  elems=30 conn-rows=112
[Rank 0] Base totals  →  elems=30 conn-rows=112
[Rank 0] Base totals  →  elems=30 conn-rows=112
[Rank 0] Base totals  →  elems=30 conn-rows=112
[Rank 0] Base totals  →  elems=30 conn-rows=112
[Rank 0] Base totals  →  elems=30 conn-rows=112
[Rank 0] Base totals  →  elems=30 conn-rows=112
[Rank 0] Base totals  →  elems=30 conn-rows=112
[Rank 0] SubMesh(etypes=['quad', 'tri'],
        eidxs_base={'quad': array([ 0, 12, 14, 18,  4, 19, 21]),
                    'tri': array([3, 1, 5])},
        eidxs={'quad': array([ 0, 12, 14, 18,  4, 19, 21]),
               'tri': array([3, 1, 5])},
        con={'quad': array([[[ 0,  1,  4,  3],
        [ 2,  1, 15,  0],
        [-1, -1, -1,  2],
        [ 0,  0,  5,  1]],

       [[ 0,  1, 14,  1],
        [ 2,  1,  1,  1],
        [ 2,  1, 15,  1],
        [ 0,  1,  4,  2]],

       [[ 1,  1,  6,  1],
        [ 0,  1, 12,  0],
        [ 0,  0,  1,  1],
        [ 0,  1, 18,  0]],

       [[ 0,  1, 14,  3],
        [ 0,  1, 19,  2],
        [ 0,  0,  3,  2],
        [ 1,  1,  7,  2]],

       [[ 0,  1, 21,  3],
        [ 0,  0,  1,  2],
        [ 0,  1, 12,  3],
        [ 0,  1,  0,  0]],

       [[ 0,  1, 21,  2],
        [-1, -1, -1,  3],
        [ 0,  1, 18,  1],
        [ 0,  0,  1,  0]],

       [[ 0,  0,  5,  0],
        [-1, -1, -1,  3],
        [ 0,  1, 19,  0],
        [ 0,  1,  4,  0]]]),
             'tri': array([[[-1, -1, -1,  3],
        [ 1,  0,  0,  0],
        [ 0,  1, 18,  2]],

       [[ 0,  1, 19,  3],
        [ 0,  1, 14,  2],
        [ 0,  1,  4,  1]],

       [[ 0,  1, 21,  0],
        [ 0,  1,  0,  3],
        [-1, -1, -1,  2]]])},
        conn=array([[ 0,  1,  0,  0,  1, 19,  3],
       [ 0,  1,  1,  0,  1, 14,  2],
       [ 0,  1,  2,  0,  1,  4,  1],
       [ 0,  3,  0, -1, -1, -1,  3],
       [ 0,  3,  1,  1,  0,  0,  0],
       [ 0,  3,  2,  0,  1, 18,  2],
       [ 0,  5,  0,  0,  1, 21,  0],
       [ 0,  5,  1,  0,  1,  0,  3],
       [ 0,  5,  2, -1, -1, -1,  2],
       [ 1,  0,  0,  0,  1,  4,  3],
       [ 1,  0,  1,  2,  1, 15,  0],
       [ 1,  0,  2, -1, -1, -1,  2],
       [ 1,  0,  3,  0,  0,  5,  1],
       [ 1,  4,  0,  0,  1, 21,  3],
       [ 1,  4,  1,  0,  0,  1,  2],
       [ 1,  4,  2,  0,  1, 12,  3],
       [ 1,  4,  3,  0,  1,  0,  0],
       [ 1, 12,  0,  0,  1, 14,  1],
       [ 1, 12,  1,  2,  1,  1,  1],
       [ 1, 12,  2,  2,  1, 15,  1],
       [ 1, 12,  3,  0,  1,  4,  2],
       [ 1, 14,  0,  1,  1,  6,  1],
       [ 1, 14,  1,  0,  1, 12,  0],
       [ 1, 14,  2,  0,  0,  1,  1],
       [ 1, 14,  3,  0,  1, 18,  0],
       [ 1, 18,  0,  0,  1, 14,  3],
       [ 1, 18,  1,  0,  1, 19,  2],
       [ 1, 18,  2,  0,  0,  3,  2],
       [ 1, 18,  3,  1,  1,  7,  2],
       [ 1, 19,  0,  0,  1, 21,  2],
       [ 1, 19,  1, -1, -1, -1,  3],
       [ 1, 19,  2,  0,  1, 18,  1],
       [ 1, 19,  3,  0,  0,  1,  0],
       [ 1, 21,  0,  0,  0,  5,  0],
       [ 1, 21,  1, -1, -1, -1,  3],
       [ 1, 21,  2,  0,  1, 19,  0],
       [ 1, 21,  3,  0,  1,  4,  0]]),
        arrays={'spts': {'quad': array([[[0.83782797, 0.76479963],
        [0.7818017 , 0.58014363],
        [1.        , 0.75      ],
        [1.        , 0.5       ]],

       [[0.63002644, 0.6375102 ],
        [0.49592129, 0.49379152],
        [0.7818017 , 0.58014363],
        [0.68074413, 0.41970635]],

       [[0.38534186, 0.6857371 ],
        [0.49592129, 0.49379152],
        [0.52285327, 0.80110305],
        [0.63002644, 0.6375102 ]],

       [[0.38534186, 0.6857371 ],
        [0.52285327, 0.80110305],
        [0.32888457, 0.85398126],
        [0.5       , 1.        ]],

       [[0.83782797, 0.76479963],
        [0.71431293, 0.82270356],
        [0.7818017 , 0.58014363],
        [0.63002644, 0.6375102 ]],

       [[0.71431293, 0.82270356],
        [0.75      , 1.        ],
        [0.52285327, 0.80110305],
        [0.5       , 1.        ]],

       [[0.83782797, 0.76479963],
        [1.        , 1.        ],
        [0.71431293, 0.82270356],
        [0.75      , 1.        ]]]),
                         'tri': array([[[0.5       , 1.        ],
        [0.25      , 1.        ],
        [0.32888457, 0.85398126]],

       [[0.71431293, 0.82270356],
        [0.52285327, 0.80110305],
        [0.63002644, 0.6375102 ]],

       [[1.        , 1.        ],
        [0.83782797, 0.76479963],
        [1.        , 0.75      ]]])},
                'spts_curved': {'quad': array([False, False, False, False, False, False, False]),
                                'tri': array([False, False, False])},
                'spts_nodes': {'quad': array([[18, 28, 11, 10],
       [32, 31, 28, 29],
       [24, 31, 23, 32],
       [24, 23, 25, 14],
       [18, 19, 28, 32],
       [19, 13, 23, 14],
       [18, 12, 19, 13]]),
                               'tri': array([[14, 15, 25],
       [19, 23, 32],
       [12, 18, 11]])}})
[Rank 0] Base totals  →  elems=30 conn-rows=112
[Rank 0] SubMesh(etypes=['quad', 'tri'],
        eidxs_base={'quad': array([ 0, 12, 14, 18,  4, 19, 21]),
                    'tri': array([3, 1, 5])},
        eidxs={'quad': array([ 0, 12, 14, 18,  4, 19, 21]),
               'tri': array([3, 1, 5])},
        con={'quad': array([[[ 0,  1,  4,  3],
        [ 2,  1, 15,  0],
        [-1, -1, -1,  2],
        [ 0,  0,  5,  1]],

       [[ 0,  1, 14,  1],
        [ 2,  1,  1,  1],
        [ 2,  1, 15,  1],
        [ 0,  1,  4,  2]],

       [[ 1,  1,  6,  1],
        [ 0,  1, 12,  0],
        [ 0,  0,  1,  1],
        [ 0,  1, 18,  0]],

       [[ 0,  1, 14,  3],
        [ 0,  1, 19,  2],
        [ 0,  0,  3,  2],
        [ 1,  1,  7,  2]],

       [[ 0,  1, 21,  3],
        [ 0,  0,  1,  2],
        [ 0,  1, 12,  3],
        [ 0,  1,  0,  0]],

       [[ 0,  1, 21,  2],
        [-1, -1, -1,  3],
        [ 0,  1, 18,  1],
        [ 0,  0,  1,  0]],

       [[ 0,  0,  5,  0],
        [-1, -1, -1,  3],
        [ 0,  1, 19,  0],
        [ 0,  1,  4,  0]]]),
             'tri': array([[[-1, -1, -1,  3],
        [ 1,  0,  0,  0],
        [ 0,  1, 18,  2]],

       [[ 0,  1, 19,  3],
        [ 0,  1, 14,  2],
        [ 0,  1,  4,  1]],

       [[ 0,  1, 21,  0],
        [ 0,  1,  0,  3],
        [-1, -1, -1,  2]]])},
        conn=array([[ 0,  1,  0,  0,  1, 19,  3],
       [ 0,  1,  1,  0,  1, 14,  2],
       [ 0,  1,  2,  0,  1,  4,  1],
       [ 0,  3,  0, -1, -1, -1,  3],
       [ 0,  3,  1,  1,  0,  0,  0],
       [ 0,  3,  2,  0,  1, 18,  2],
       [ 0,  5,  0,  0,  1, 21,  0],
       [ 0,  5,  1,  0,  1,  0,  3],
       [ 0,  5,  2, -1, -1, -1,  2],
       [ 1,  0,  0,  0,  1,  4,  3],
       [ 1,  0,  1,  2,  1, 15,  0],
       [ 1,  0,  2, -1, -1, -1,  2],
       [ 1,  0,  3,  0,  0,  5,  1],
       [ 1,  4,  0,  0,  1, 21,  3],
       [ 1,  4,  1,  0,  0,  1,  2],
       [ 1,  4,  2,  0,  1, 12,  3],
       [ 1,  4,  3,  0,  1,  0,  0],
       [ 1, 12,  0,  0,  1, 14,  1],
       [ 1, 12,  1,  2,  1,  1,  1],
       [ 1, 12,  2,  2,  1, 15,  1],
       [ 1, 12,  3,  0,  1,  4,  2],
       [ 1, 14,  0,  1,  1,  6,  1],
       [ 1, 14,  1,  0,  1, 12,  0],
       [ 1, 14,  2,  0,  0,  1,  1],
       [ 1, 14,  3,  0,  1, 18,  0],
       [ 1, 18,  0,  0,  1, 14,  3],
       [ 1, 18,  1,  0,  1, 19,  2],
       [ 1, 18,  2,  0,  0,  3,  2],
       [ 1, 18,  3,  1,  1,  7,  2],
       [ 1, 19,  0,  0,  1, 21,  2],
       [ 1, 19,  1, -1, -1, -1,  3],
       [ 1, 19,  2,  0,  1, 18,  1],
       [ 1, 19,  3,  0,  0,  1,  0],
       [ 1, 21,  0,  0,  0,  5,  0],
       [ 1, 21,  1, -1, -1, -1,  3],
       [ 1, 21,  2,  0,  1, 19,  0],
       [ 1, 21,  3,  0,  1,  4,  0]]),
        arrays={'spts': {'quad': array([[[0.83782797, 0.76479963],
        [0.7818017 , 0.58014363],
        [1.        , 0.75      ],
        [1.        , 0.5       ]],

       [[0.63002644, 0.6375102 ],
        [0.49592129, 0.49379152],
        [0.7818017 , 0.58014363],
        [0.68074413, 0.41970635]],

       [[0.38534186, 0.6857371 ],
        [0.49592129, 0.49379152],
        [0.52285327, 0.80110305],
        [0.63002644, 0.6375102 ]],

       [[0.38534186, 0.6857371 ],
        [0.52285327, 0.80110305],
        [0.32888457, 0.85398126],
        [0.5       , 1.        ]],

       [[0.83782797, 0.76479963],
        [0.71431293, 0.82270356],
        [0.7818017 , 0.58014363],
        [0.63002644, 0.6375102 ]],

       [[0.71431293, 0.82270356],
        [0.75      , 1.        ],
        [0.52285327, 0.80110305],
        [0.5       , 1.        ]],

       [[0.83782797, 0.76479963],
        [1.        , 1.        ],
        [0.71431293, 0.82270356],
        [0.75      , 1.        ]]]),
                         'tri': array([[[0.5       , 1.        ],
        [0.25      , 1.        ],
        [0.32888457, 0.85398126]],

       [[0.71431293, 0.82270356],
        [0.52285327, 0.80110305],
        [0.63002644, 0.6375102 ]],

       [[1.        , 1.        ],
        [0.83782797, 0.76479963],
        [1.        , 0.75      ]]])},
                'spts_curved': {'quad': array([False, False, False, False, False, False, False]),
                                'tri': array([False, False, False])},
                'spts_nodes': {'quad': array([[18, 28, 11, 10],
       [32, 31, 28, 29],
       [24, 31, 23, 32],
       [24, 23, 25, 14],
       [18, 19, 28, 32],
       [19, 13, 23, 14],
       [18, 12, 19, 13]]),
                               'tri': array([[14, 15, 25],
       [19, 23, 32],
       [12, 18, 11]])}})
[Rank 0] Base totals  →  elems=30 conn-rows=112
[Rank 0] SubMesh(etypes=['quad', 'tri'],
        eidxs_base={'quad': array([ 0, 12, 14, 18,  4, 19, 21]),
                    'tri': array([3, 1, 5])},
        eidxs={'quad': array([ 0, 12, 14, 18,  4, 19, 21]),
               'tri': array([3, 1, 5])},
        con={'quad': array([[[ 0,  1,  4,  3],
        [ 2,  1, 15,  0],
        [-1, -1, -1,  2],
        [ 0,  0,  5,  1]],

       [[ 0,  1, 14,  1],
        [ 2,  1,  1,  1],
        [ 2,  1, 15,  1],
        [ 0,  1,  4,  2]],

       [[ 1,  1,  6,  1],
        [ 0,  1, 12,  0],
        [ 0,  0,  1,  1],
        [ 0,  1, 18,  0]],

       [[ 0,  1, 14,  3],
        [ 0,  1, 19,  2],
        [ 0,  0,  3,  2],
        [ 1,  1,  7,  2]],

       [[ 0,  1, 21,  3],
        [ 0,  0,  1,  2],
        [ 0,  1, 12,  3],
        [ 0,  1,  0,  0]],

       [[ 0,  1, 21,  2],
        [-1, -1, -1,  3],
        [ 0,  1, 18,  1],
        [ 0,  0,  1,  0]],

       [[ 0,  0,  5,  0],
        [-1, -1, -1,  3],
        [ 0,  1, 19,  0],
        [ 0,  1,  4,  0]]]),
             'tri': array([[[-1, -1, -1,  3],
        [ 1,  0,  0,  0],
        [ 0,  1, 18,  2]],

       [[ 0,  1, 19,  3],
        [ 0,  1, 14,  2],
        [ 0,  1,  4,  1]],

       [[ 0,  1, 21,  0],
        [ 0,  1,  0,  3],
        [-1, -1, -1,  2]]])},
        conn=array([[ 0,  1,  0,  0,  1, 19,  3],
       [ 0,  1,  1,  0,  1, 14,  2],
       [ 0,  1,  2,  0,  1,  4,  1],
       [ 0,  3,  0, -1, -1, -1,  3],
       [ 0,  3,  1,  1,  0,  0,  0],
       [ 0,  3,  2,  0,  1, 18,  2],
       [ 0,  5,  0,  0,  1, 21,  0],
       [ 0,  5,  1,  0,  1,  0,  3],
       [ 0,  5,  2, -1, -1, -1,  2],
       [ 1,  0,  0,  0,  1,  4,  3],
       [ 1,  0,  1,  2,  1, 15,  0],
       [ 1,  0,  2, -1, -1, -1,  2],
       [ 1,  0,  3,  0,  0,  5,  1],
       [ 1,  4,  0,  0,  1, 21,  3],
       [ 1,  4,  1,  0,  0,  1,  2],
       [ 1,  4,  2,  0,  1, 12,  3],
       [ 1,  4,  3,  0,  1,  0,  0],
       [ 1, 12,  0,  0,  1, 14,  1],
       [ 1, 12,  1,  2,  1,  1,  1],
       [ 1, 12,  2,  2,  1, 15,  1],
       [ 1, 12,  3,  0,  1,  4,  2],
       [ 1, 14,  0,  1,  1,  6,  1],
       [ 1, 14,  1,  0,  1, 12,  0],
       [ 1, 14,  2,  0,  0,  1,  1],
       [ 1, 14,  3,  0,  1, 18,  0],
       [ 1, 18,  0,  0,  1, 14,  3],
       [ 1, 18,  1,  0,  1, 19,  2],
       [ 1, 18,  2,  0,  0,  3,  2],
       [ 1, 18,  3,  1,  1,  7,  2],
       [ 1, 19,  0,  0,  1, 21,  2],
       [ 1, 19,  1, -1, -1, -1,  3],
       [ 1, 19,  2,  0,  1, 18,  1],
       [ 1, 19,  3,  0,  0,  1,  0],
       [ 1, 21,  0,  0,  0,  5,  0],
       [ 1, 21,  1, -1, -1, -1,  3],
       [ 1, 21,  2,  0,  1, 19,  0],
       [ 1, 21,  3,  0,  1,  4,  0]]))
[Rank 0] Base totals  →  elems=30 conn-rows=112
[Rank 0] SubMesh(etypes=['quad', 'tri'],
        eidxs_base={'quad': array([ 0, 12, 14, 18,  4, 19, 21]),
                    'tri': array([3, 1, 5])},
        eidxs={'quad': array([ 0, 12, 14, 18,  4, 19, 21]),
               'tri': array([3, 1, 5])},
        con={'quad': array([[[ 0,  1,  4,  3],
        [ 2,  1, 15,  0],
        [-1, -1, -1,  2],
        [ 0,  0,  5,  1]],

       [[ 0,  1, 14,  1],
        [ 2,  1,  1,  1],
        [ 2,  1, 15,  1],
        [ 0,  1,  4,  2]],

       [[ 1,  1,  6,  1],
        [ 0,  1, 12,  0],
        [ 0,  0,  1,  1],
        [ 0,  1, 18,  0]],

       [[ 0,  1, 14,  3],
        [ 0,  1, 19,  2],
        [ 0,  0,  3,  2],
        [ 1,  1,  7,  2]],

       [[ 0,  1, 21,  3],
        [ 0,  0,  1,  2],
        [ 0,  1, 12,  3],
        [ 0,  1,  0,  0]],

       [[ 0,  1, 21,  2],
        [-1, -1, -1,  3],
        [ 0,  1, 18,  1],
        [ 0,  0,  1,  0]],

       [[ 0,  0,  5,  0],
        [-1, -1, -1,  3],
        [ 0,  1, 19,  0],
        [ 0,  1,  4,  0]]]),
             'tri': array([[[-1, -1, -1,  3],
        [ 1,  0,  0,  0],
        [ 0,  1, 18,  2]],

       [[ 0,  1, 19,  3],
        [ 0,  1, 14,  2],
        [ 0,  1,  4,  1]],

       [[ 0,  1, 21,  0],
        [ 0,  1,  0,  3],
        [-1, -1, -1,  2]]])},
        conn=array([[ 0,  1,  0,  0,  1, 19,  3],
       [ 0,  1,  1,  0,  1, 14,  2],
       [ 0,  1,  2,  0,  1,  4,  1],
       [ 0,  3,  0, -1, -1, -1,  3],
       [ 0,  3,  1,  1,  0,  0,  0],
       [ 0,  3,  2,  0,  1, 18,  2],
       [ 0,  5,  0,  0,  1, 21,  0],
       [ 0,  5,  1,  0,  1,  0,  3],
       [ 0,  5,  2, -1, -1, -1,  2],
       [ 1,  0,  0,  0,  1,  4,  3],
       [ 1,  0,  1,  2,  1, 15,  0],
       [ 1,  0,  2, -1, -1, -1,  2],
       [ 1,  0,  3,  0,  0,  5,  1],
       [ 1,  4,  0,  0,  1, 21,  3],
       [ 1,  4,  1,  0,  0,  1,  2],
       [ 1,  4,  2,  0,  1, 12,  3],
       [ 1,  4,  3,  0,  1,  0,  0],
       [ 1, 12,  0,  0,  1, 14,  1],
       [ 1, 12,  1,  2,  1,  1,  1],
       [ 1, 12,  2,  2,  1, 15,  1],
       [ 1, 12,  3,  0,  1,  4,  2],
       [ 1, 14,  0,  1,  1,  6,  1],
       [ 1, 14,  1,  0,  1, 12,  0],
       [ 1, 14,  2,  0,  0,  1,  1],
       [ 1, 14,  3,  0,  1, 18,  0],
       [ 1, 18,  0,  0,  1, 14,  3],
       [ 1, 18,  1,  0,  1, 19,  2],
       [ 1, 18,  2,  0,  0,  3,  2],
       [ 1, 18,  3,  1,  1,  7,  2],
       [ 1, 19,  0,  0,  1, 21,  2],
       [ 1, 19,  1, -1, -1, -1,  3],
       [ 1, 19,  2,  0,  1, 18,  1],
       [ 1, 19,  3,  0,  0,  1,  0],
       [ 1, 21,  0,  0,  0,  5,  0],
       [ 1, 21,  1, -1, -1, -1,  3],
       [ 1, 21,  2,  0,  1, 19,  0],
       [ 1, 21,  3,  0,  1,  4,  0]]),
        arrays={})
[Rank 0] Base totals  →  elems=30 conn-rows=112
[Rank 0] SubMesh(etypes=['quad', 'tri'],
        eidxs_base={'quad': array([ 0, 12, 14, 18,  4, 19, 21]),
                    'tri': array([3, 1, 5])},
        eidxs={'quad': array([ 0, 12, 14, 18,  4, 19, 21]),
               'tri': array([3, 1, 5])},
        con={'quad': array([[[ 0,  1,  4,  3],
        [ 2,  1, 15,  0],
        [-1, -1, -1,  2],
        [ 0,  0,  5,  1]],

       [[ 0,  1, 14,  1],
        [ 2,  1,  1,  1],
        [ 2,  1, 15,  1],
        [ 0,  1,  4,  2]],

       [[ 1,  1,  6,  1],
        [ 0,  1, 12,  0],
        [ 0,  0,  1,  1],
        [ 0,  1, 18,  0]],

       [[ 0,  1, 14,  3],
        [ 0,  1, 19,  2],
        [ 0,  0,  3,  2],
        [ 1,  1,  7,  2]],

       [[ 0,  1, 21,  3],
        [ 0,  0,  1,  2],
        [ 0,  1, 12,  3],
        [ 0,  1,  0,  0]],

       [[ 0,  1, 21,  2],
        [-1, -1, -1,  3],
        [ 0,  1, 18,  1],
        [ 0,  0,  1,  0]],

       [[ 0,  0,  5,  0],
        [-1, -1, -1,  3],
        [ 0,  1, 19,  0],
        [ 0,  1,  4,  0]]]),
             'tri': array([[[-1, -1, -1,  3],
        [ 1,  0,  0,  0],
        [ 0,  1, 18,  2]],

       [[ 0,  1, 19,  3],
        [ 0,  1, 14,  2],
        [ 0,  1,  4,  1]],

       [[ 0,  1, 21,  0],
        [ 0,  1,  0,  3],
        [-1, -1, -1,  2]]])},
        conn=array([[ 0,  1,  0,  0,  1, 19,  3],
       [ 0,  1,  1,  0,  1, 14,  2],
       [ 0,  1,  2,  0,  1,  4,  1],
       [ 0,  3,  0, -1, -1, -1,  3],
       [ 0,  3,  1,  1,  0,  0,  0],
       [ 0,  3,  2,  0,  1, 18,  2],
       [ 0,  5,  0,  0,  1, 21,  0],
       [ 0,  5,  1,  0,  1,  0,  3],
       [ 0,  5,  2, -1, -1, -1,  2],
       [ 1,  0,  0,  0,  1,  4,  3],
       [ 1,  0,  1,  2,  1, 15,  0],
       [ 1,  0,  2, -1, -1, -1,  2],
       [ 1,  0,  3,  0,  0,  5,  1],
       [ 1,  4,  0,  0,  1, 21,  3],
       [ 1,  4,  1,  0,  0,  1,  2],
       [ 1,  4,  2,  0,  1, 12,  3],
       [ 1,  4,  3,  0,  1,  0,  0],
       [ 1, 12,  0,  0,  1, 14,  1],
       [ 1, 12,  1,  2,  1,  1,  1],
       [ 1, 12,  2,  2,  1, 15,  1],
       [ 1, 12,  3,  0,  1,  4,  2],
       [ 1, 14,  0,  1,  1,  6,  1],
       [ 1, 14,  1,  0,  1, 12,  0],
       [ 1, 14,  2,  0,  0,  1,  1],
       [ 1, 14,  3,  0,  1, 18,  0],
       [ 1, 18,  0,  0,  1, 14,  3],
       [ 1, 18,  1,  0,  1, 19,  2],
       [ 1, 18,  2,  0,  0,  3,  2],
       [ 1, 18,  3,  1,  1,  7,  2],
       [ 1, 19,  0,  0,  1, 21,  2],
       [ 1, 19,  1, -1, -1, -1,  3],
       [ 1, 19,  2,  0,  1, 18,  1],
       [ 1, 19,  3,  0,  0,  1,  0],
       [ 1, 21,  0,  0,  0,  5,  0],
       [ 1, 21,  1, -1, -1, -1,  3],
       [ 1, 21,  2,  0,  1, 19,  0],
       [ 1, 21,  3,  0,  1,  4,  0]]),
        arrays={})
[Rank 0] Base totals  →  elems=30 conn-rows=112
[Rank 0] SubMesh(etypes=['quad', 'tri'],
        eidxs_base={'quad': array([ 0, 12, 14, 18,  4, 19, 21]),
                    'tri': array([3, 1, 5])},
        eidxs={'quad': array([ 0, 12, 14, 18,  4, 19, 21]),
               'tri': array([3, 1, 5])},
        con={'quad': array([[[ 0,  1,  4,  3],
        [ 2,  1, 15,  0],
        [-1, -1, -1,  2],
        [ 0,  0,  5,  1]],

       [[ 0,  1, 14,  1],
        [ 2,  1,  1,  1],
        [ 2,  1, 15,  1],
        [ 0,  1,  4,  2]],

       [[ 1,  1,  6,  1],
        [ 0,  1, 12,  0],
        [ 0,  0,  1,  1],
        [ 0,  1, 18,  0]],

       [[ 0,  1, 14,  3],
        [ 0,  1, 19,  2],
        [ 0,  0,  3,  2],
        [ 1,  1,  7,  2]],

       [[ 0,  1, 21,  3],
        [ 0,  0,  1,  2],
        [ 0,  1, 12,  3],
        [ 0,  1,  0,  0]],

       [[ 0,  1, 21,  2],
        [-1, -1, -1,  3],
        [ 0,  1, 18,  1],
        [ 0,  0,  1,  0]],

       [[ 0,  0,  5,  0],
        [-1, -1, -1,  3],
        [ 0,  1, 19,  0],
        [ 0,  1,  4,  0]]]),
             'tri': array([[[-1, -1, -1,  3],
        [ 1,  0,  0,  0],
        [ 0,  1, 18,  2]],

       [[ 0,  1, 19,  3],
        [ 0,  1, 14,  2],
        [ 0,  1,  4,  1]],

       [[ 0,  1, 21,  0],
        [ 0,  1,  0,  3],
        [-1, -1, -1,  2]]])},
        conn=array([[ 0,  1,  0,  0,  1, 19,  3],
       [ 0,  1,  1,  0,  1, 14,  2],
       [ 0,  1,  2,  0,  1,  4,  1],
       [ 0,  3,  0, -1, -1, -1,  3],
       [ 0,  3,  1,  1,  0,  0,  0],
       [ 0,  3,  2,  0,  1, 18,  2],
       [ 0,  5,  0,  0,  1, 21,  0],
       [ 0,  5,  1,  0,  1,  0,  3],
       [ 0,  5,  2, -1, -1, -1,  2],
       [ 1,  0,  0,  0,  1,  4,  3],
       [ 1,  0,  1,  2,  1, 15,  0],
       [ 1,  0,  2, -1, -1, -1,  2],
       [ 1,  0,  3,  0,  0,  5,  1],
       [ 1,  4,  0,  0,  1, 21,  3],
       [ 1,  4,  1,  0,  0,  1,  2],
       [ 1,  4,  2,  0,  1, 12,  3],
       [ 1,  4,  3,  0,  1,  0,  0],
       [ 1, 12,  0,  0,  1, 14,  1],
       [ 1, 12,  1,  2,  1,  1,  1],
       [ 1, 12,  2,  2,  1, 15,  1],
       [ 1, 12,  3,  0,  1,  4,  2],
       [ 1, 14,  0,  1,  1,  6,  1],
       [ 1, 14,  1,  0,  1, 12,  0],
       [ 1, 14,  2,  0,  0,  1,  1],
       [ 1, 14,  3,  0,  1, 18,  0],
       [ 1, 18,  0,  0,  1, 14,  3],
       [ 1, 18,  1,  0,  1, 19,  2],
       [ 1, 18,  2,  0,  0,  3,  2],
       [ 1, 18,  3,  1,  1,  7,  2],
       [ 1, 19,  0,  0,  1, 21,  2],
       [ 1, 19,  1, -1, -1, -1,  3],
       [ 1, 19,  2,  0,  1, 18,  1],
       [ 1, 19,  3,  0,  0,  1,  0],
       [ 1, 21,  0,  0,  0,  5,  0],
       [ 1, 21,  1, -1, -1, -1,  3],
       [ 1, 21,  2,  0,  1, 19,  0],
       [ 1, 21,  3,  0,  1,  4,  0]]),
        arrays={})
[Rank 0] Base totals  →  elems=30 conn-rows=112
[Rank 0] SubMesh(etypes=['quad', 'tri'],
        eidxs_base={'quad': array([ 0, 12, 14, 18,  4, 19, 21]),
                    'tri': array([3, 1, 5])},
        eidxs={'quad': array([ 0, 12, 14, 18,  4, 19, 21]),
               'tri': array([3, 1, 5])},
        con={'quad': array([[[ 0,  1,  4,  3],
        [ 2,  1, 15,  0],
        [-1, -1, -1,  2],
        [ 0,  0,  5,  1]],

       [[ 0,  1, 14,  1],
        [ 2,  1,  1,  1],
        [ 2,  1, 15,  1],
        [ 0,  1,  4,  2]],

       [[ 1,  1,  6,  1],
        [ 0,  1, 12,  0],
        [ 0,  0,  1,  1],
        [ 0,  1, 18,  0]],

       [[ 0,  1, 14,  3],
        [ 0,  1, 19,  2],
        [ 0,  0,  3,  2],
        [ 1,  1,  7,  2]],

       [[ 0,  1, 21,  3],
        [ 0,  0,  1,  2],
        [ 0,  1, 12,  3],
        [ 0,  1,  0,  0]],

       [[ 0,  1, 21,  2],
        [-1, -1, -1,  3],
        [ 0,  1, 18,  1],
        [ 0,  0,  1,  0]],

       [[ 0,  0,  5,  0],
        [-1, -1, -1,  3],
        [ 0,  1, 19,  0],
        [ 0,  1,  4,  0]]]),
             'tri': array([[[-1, -1, -1,  3],
        [ 1,  0,  0,  0],
        [ 0,  1, 18,  2]],

       [[ 0,  1, 19,  3],
        [ 0,  1, 14,  2],
        [ 0,  1,  4,  1]],

       [[ 0,  1, 21,  0],
        [ 0,  1,  0,  3],
        [-1, -1, -1,  2]]])},
        conn=array([[ 0,  1,  0,  0,  1, 19,  3],
       [ 0,  1,  1,  0,  1, 14,  2],
       [ 0,  1,  2,  0,  1,  4,  1],
       [ 0,  3,  0, -1, -1, -1,  3],
       [ 0,  3,  1,  1,  0,  0,  0],
       [ 0,  3,  2,  0,  1, 18,  2],
       [ 0,  5,  0,  0,  1, 21,  0],
       [ 0,  5,  1,  0,  1,  0,  3],
       [ 0,  5,  2, -1, -1, -1,  2],
       [ 1,  0,  0,  0,  1,  4,  3],
       [ 1,  0,  1,  2,  1, 15,  0],
       [ 1,  0,  2, -1, -1, -1,  2],
       [ 1,  0,  3,  0,  0,  5,  1],
       [ 1,  4,  0,  0,  1, 21,  3],
       [ 1,  4,  1,  0,  0,  1,  2],
       [ 1,  4,  2,  0,  1, 12,  3],
       [ 1,  4,  3,  0,  1,  0,  0],
       [ 1, 12,  0,  0,  1, 14,  1],
       [ 1, 12,  1,  2,  1,  1,  1],
       [ 1, 12,  2,  2,  1, 15,  1],
       [ 1, 12,  3,  0,  1,  4,  2],
       [ 1, 14,  0,  1,  1,  6,  1],
       [ 1, 14,  1,  0,  1, 12,  0],
       [ 1, 14,  2,  0,  0,  1,  1],
       [ 1, 14,  3,  0,  1, 18,  0],
       [ 1, 18,  0,  0,  1, 14,  3],
       [ 1, 18,  1,  0,  1, 19,  2],
       [ 1, 18,  2,  0,  0,  3,  2],
       [ 1, 18,  3,  1,  1,  7,  2],
       [ 1, 19,  0,  0,  1, 21,  2],
       [ 1, 19,  1, -1, -1, -1,  3],
       [ 1, 19,  2,  0,  1, 18,  1],
       [ 1, 19,  3,  0,  0,  1,  0],
       [ 1, 21,  0,  0,  0,  5,  0],
       [ 1, 21,  1, -1, -1, -1,  3],
       [ 1, 21,  2,  0,  1, 19,  0],
       [ 1, 21,  3,  0,  1,  4,  0]]),
        arrays={})
[Rank 0] Base totals  →  elems=30 conn-rows=112
[Rank 0] SubMesh(etypes=['quad', 'tri'],
        eidxs_base={'quad': array([ 0, 12, 14, 18,  4, 19, 21]),
                    'tri': array([3, 1, 5])},
        eidxs={'quad': array([ 0, 12, 14, 18,  4, 19, 21]),
               'tri': array([3, 1, 5])},
        con={'quad': array([[[ 0,  1,  4,  3],
        [ 2,  1, 15,  0],
        [-1, -1, -1,  2],
        [ 0,  0,  5,  1]],

       [[ 0,  1, 14,  1],
        [ 2,  1,  1,  1],
        [ 2,  1, 15,  1],
        [ 0,  1,  4,  2]],

       [[ 1,  1,  6,  1],
        [ 0,  1, 12,  0],
        [ 0,  0,  1,  1],
        [ 0,  1, 18,  0]],

       [[ 0,  1, 14,  3],
        [ 0,  1, 19,  2],
        [ 0,  0,  3,  2],
        [ 1,  1,  7,  2]],

       [[ 0,  1, 21,  3],
        [ 0,  0,  1,  2],
        [ 0,  1, 12,  3],
        [ 0,  1,  0,  0]],

       [[ 0,  1, 21,  2],
        [-1, -1, -1,  3],
        [ 0,  1, 18,  1],
        [ 0,  0,  1,  0]],

       [[ 0,  0,  5,  0],
        [-1, -1, -1,  3],
        [ 0,  1, 19,  0],
        [ 0,  1,  4,  0]]]),
             'tri': array([[[-1, -1, -1,  3],
        [ 1,  0,  0,  0],
        [ 0,  1, 18,  2]],

       [[ 0,  1, 19,  3],
        [ 0,  1, 14,  2],
        [ 0,  1,  4,  1]],

       [[ 0,  1, 21,  0],
        [ 0,  1,  0,  3],
        [-1, -1, -1,  2]]])},
        conn=array([[ 0,  1,  0,  0,  1, 19,  3],
       [ 0,  1,  1,  0,  1, 14,  2],
       [ 0,  1,  2,  0,  1,  4,  1],
       [ 0,  3,  0, -1, -1, -1,  3],
       [ 0,  3,  1,  1,  0,  0,  0],
       [ 0,  3,  2,  0,  1, 18,  2],
       [ 0,  5,  0,  0,  1, 21,  0],
       [ 0,  5,  1,  0,  1,  0,  3],
       [ 0,  5,  2, -1, -1, -1,  2],
       [ 1,  0,  0,  0,  1,  4,  3],
       [ 1,  0,  1,  2,  1, 15,  0],
       [ 1,  0,  2, -1, -1, -1,  2],
       [ 1,  0,  3,  0,  0,  5,  1],
       [ 1,  4,  0,  0,  1, 21,  3],
       [ 1,  4,  1,  0,  0,  1,  2],
       [ 1,  4,  2,  0,  1, 12,  3],
       [ 1,  4,  3,  0,  1,  0,  0],
       [ 1, 12,  0,  0,  1, 14,  1],
       [ 1, 12,  1,  2,  1,  1,  1],
       [ 1, 12,  2,  2,  1, 15,  1],
       [ 1, 12,  3,  0,  1,  4,  2],
       [ 1, 14,  0,  1,  1,  6,  1],
       [ 1, 14,  1,  0,  1, 12,  0],
       [ 1, 14,  2,  0,  0,  1,  1],
       [ 1, 14,  3,  0,  1, 18,  0],
       [ 1, 18,  0,  0,  1, 14,  3],
       [ 1, 18,  1,  0,  1, 19,  2],
       [ 1, 18,  2,  0,  0,  3,  2],
       [ 1, 18,  3,  1,  1,  7,  2],
       [ 1, 19,  0,  0,  1, 21,  2],
       [ 1, 19,  1, -1, -1, -1,  3],
       [ 1, 19,  2,  0,  1, 18,  1],
       [ 1, 19,  3,  0,  0,  1,  0],
       [ 1, 21,  0,  0,  0,  5,  0],
       [ 1, 21,  1, -1, -1, -1,  3],
       [ 1, 21,  2,  0,  1, 19,  0],
       [ 1, 21,  3,  0,  1,  4,  0]]),
        arrays={})
[Rank 0] Base totals  →  elems=30 conn-rows=112
[Rank 0] SubMesh(etypes=['quad', 'tri'],
        eidxs_base={'quad': array([ 0, 12, 14, 18,  4, 19, 21]),
                    'tri': array([3, 1, 5])},
        eidxs={'quad': array([ 0, 12, 14, 18,  4, 19, 21]),
               'tri': array([3, 1, 5])},
        con={'quad': array([[[ 0,  1,  4,  3],
        [ 2,  1, 15,  0],
        [-1, -1, -1,  2],
        [ 0,  0,  5,  1]],

       [[ 0,  1, 14,  1],
        [ 2,  1,  1,  1],
        [ 2,  1, 15,  1],
        [ 0,  1,  4,  2]],

       [[ 1,  1,  6,  1],
        [ 0,  1, 12,  0],
        [ 0,  0,  1,  1],
        [ 0,  1, 18,  0]],

       [[ 0,  1, 14,  3],
        [ 0,  1, 19,  2],
        [ 0,  0,  3,  2],
        [ 1,  1,  7,  2]],

       [[ 0,  1, 21,  3],
        [ 0,  0,  1,  2],
        [ 0,  1, 12,  3],
        [ 0,  1,  0,  0]],

       [[ 0,  1, 21,  2],
        [-1, -1, -1,  3],
        [ 0,  1, 18,  1],
        [ 0,  0,  1,  0]],

       [[ 0,  0,  5,  0],
        [-1, -1, -1,  3],
        [ 0,  1, 19,  0],
        [ 0,  1,  4,  0]]]),
             'tri': array([[[-1, -1, -1,  3],
        [ 1,  0,  0,  0],
        [ 0,  1, 18,  2]],

       [[ 0,  1, 19,  3],
        [ 0,  1, 14,  2],
        [ 0,  1,  4,  1]],

       [[ 0,  1, 21,  0],
        [ 0,  1,  0,  3],
        [-1, -1, -1,  2]]])},
        conn=array([[ 0,  1,  0,  0,  1, 19,  3],
       [ 0,  1,  1,  0,  1, 14,  2],
       [ 0,  1,  2,  0,  1,  4,  1],
       [ 0,  3,  0, -1, -1, -1,  3],
       [ 0,  3,  1,  1,  0,  0,  0],
       [ 0,  3,  2,  0,  1, 18,  2],
       [ 0,  5,  0,  0,  1, 21,  0],
       [ 0,  5,  1,  0,  1,  0,  3],
       [ 0,  5,  2, -1, -1, -1,  2],
       [ 1,  0,  0,  0,  1,  4,  3],
       [ 1,  0,  1,  2,  1, 15,  0],
       [ 1,  0,  2, -1, -1, -1,  2],
       [ 1,  0,  3,  0,  0,  5,  1],
       [ 1,  4,  0,  0,  1, 21,  3],
       [ 1,  4,  1,  0,  0,  1,  2],
       [ 1,  4,  2,  0,  1, 12,  3],
       [ 1,  4,  3,  0,  1,  0,  0],
       [ 1, 12,  0,  0,  1, 14,  1],
       [ 1, 12,  1,  2,  1,  1,  1],
       [ 1, 12,  2,  2,  1, 15,  1],
       [ 1, 12,  3,  0,  1,  4,  2],
       [ 1, 14,  0,  1,  1,  6,  1],
       [ 1, 14,  1,  0,  1, 12,  0],
       [ 1, 14,  2,  0,  0,  1,  1],
       [ 1, 14,  3,  0,  1, 18,  0],
       [ 1, 18,  0,  0,  1, 14,  3],
       [ 1, 18,  1,  0,  1, 19,  2],
       [ 1, 18,  2,  0,  0,  3,  2],
       [ 1, 18,  3,  1,  1,  7,  2],
       [ 1, 19,  0,  0,  1, 21,  2],
       [ 1, 19,  1, -1, -1, -1,  3],
       [ 1, 19,  2,  0,  1, 18,  1],
       [ 1, 19,  3,  0,  0,  1,  0],
       [ 1, 21,  0,  0,  0,  5,  0],
       [ 1, 21,  1, -1, -1, -1,  3],
       [ 1, 21,  2,  0,  1, 19,  0],
       [ 1, 21,  3,  0,  1,  4,  0]]),
        arrays={})
[Rank 0] Base totals  →  elems=30 conn-rows=112
[Rank 0] SubMesh(etypes=['quad', 'tri'],
        eidxs_base={'quad': array([ 0, 12, 14, 18,  4, 19, 21]),
                    'tri': array([3, 1, 5])},
        eidxs={'quad': array([ 0, 12, 14, 18,  4, 19, 21]),
               'tri': array([3, 1, 5])},
        con={'quad': array([[[ 0,  1,  4,  3],
        [ 2,  1, 15,  0],
        [-1, -1, -1,  2],
        [ 0,  0,  5,  1]],

       [[ 0,  1, 14,  1],
        [ 2,  1,  1,  1],
        [ 2,  1, 15,  1],
        [ 0,  1,  4,  2]],

       [[ 1,  1,  6,  1],
        [ 0,  1, 12,  0],
        [ 0,  0,  1,  1],
        [ 0,  1, 18,  0]],

       [[ 0,  1, 14,  3],
        [ 0,  1, 19,  2],
        [ 0,  0,  3,  2],
        [ 1,  1,  7,  2]],

       [[ 0,  1, 21,  3],
        [ 0,  0,  1,  2],
        [ 0,  1, 12,  3],
        [ 0,  1,  0,  0]],

       [[ 0,  1, 21,  2],
        [-1, -1, -1,  3],
        [ 0,  1, 18,  1],
        [ 0,  0,  1,  0]],

       [[ 0,  0,  5,  0],
        [-1, -1, -1,  3],
        [ 0,  1, 19,  0],
        [ 0,  1,  4,  0]]]),
             'tri': array([[[-1, -1, -1,  3],
        [ 1,  0,  0,  0],
        [ 0,  1, 18,  2]],

       [[ 0,  1, 19,  3],
        [ 0,  1, 14,  2],
        [ 0,  1,  4,  1]],

       [[ 0,  1, 21,  0],
        [ 0,  1,  0,  3],
        [-1, -1, -1,  2]]])},
        conn=array([[ 0,  1,  0,  0,  1, 19,  3],
       [ 0,  1,  1,  0,  1, 14,  2],
       [ 0,  1,  2,  0,  1,  4,  1],
       [ 0,  3,  0, -1, -1, -1,  3],
       [ 0,  3,  1,  1,  0,  0,  0],
       [ 0,  3,  2,  0,  1, 18,  2],
       [ 0,  5,  0,  0,  1, 21,  0],
       [ 0,  5,  1,  0,  1,  0,  3],
       [ 0,  5,  2, -1, -1, -1,  2],
       [ 1,  0,  0,  0,  1,  4,  3],
       [ 1,  0,  1,  2,  1, 15,  0],
       [ 1,  0,  2, -1, -1, -1,  2],
       [ 1,  0,  3,  0,  0,  5,  1],
       [ 1,  4,  0,  0,  1, 21,  3],
       [ 1,  4,  1,  0,  0,  1,  2],
       [ 1,  4,  2,  0,  1, 12,  3],
       [ 1,  4,  3,  0,  1,  0,  0],
       [ 1, 12,  0,  0,  1, 14,  1],
       [ 1, 12,  1,  2,  1,  1,  1],
       [ 1, 12,  2,  2,  1, 15,  1],
       [ 1, 12,  3,  0,  1,  4,  2],
       [ 1, 14,  0,  1,  1,  6,  1],
       [ 1, 14,  1,  0,  1, 12,  0],
       [ 1, 14,  2,  0,  0,  1,  1],
       [ 1, 14,  3,  0,  1, 18,  0],
       [ 1, 18,  0,  0,  1, 14,  3],
       [ 1, 18,  1,  0,  1, 19,  2],
       [ 1, 18,  2,  0,  0,  3,  2],
       [ 1, 18,  3,  1,  1,  7,  2],
       [ 1, 19,  0,  0,  1, 21,  2],
       [ 1, 19,  1, -1, -1, -1,  3],
       [ 1, 19,  2,  0,  1, 18,  1],
       [ 1, 19,  3,  0,  0,  1,  0],
       [ 1, 21,  0,  0,  0,  5,  0],
       [ 1, 21,  1, -1, -1, -1,  3],
       [ 1, 21,  2,  0,  1, 19,  0],
       [ 1, 21,  3,  0,  1,  4,  0]]),
        arrays={})
[Rank 0] Base totals  →  elems=30 conn-rows=112
[Rank 0] SubMesh(etypes=['quad', 'tri'],
        eidxs_base={'quad': array([ 0, 12, 14, 18,  4, 19, 21]),
                    'tri': array([3, 1, 5])},
        eidxs={'quad': array([ 0, 12, 14, 18,  4, 19, 21]),
               'tri': array([3, 1, 5])},
        con={'quad': array([[[ 0,  1,  4,  3],
        [ 2,  1, 15,  0],
        [-1, -1, -1,  2],
        [ 0,  0,  5,  1]],

       [[ 0,  1, 14,  1],
        [ 2,  1,  1,  1],
        [ 2,  1, 15,  1],
        [ 0,  1,  4,  2]],

       [[ 1,  1,  6,  1],
        [ 0,  1, 12,  0],
        [ 0,  0,  1,  1],
        [ 0,  1, 18,  0]],

       [[ 0,  1, 14,  3],
        [ 0,  1, 19,  2],
        [ 0,  0,  3,  2],
        [ 1,  1,  7,  2]],

       [[ 0,  1, 21,  3],
        [ 0,  0,  1,  2],
        [ 0,  1, 12,  3],
        [ 0,  1,  0,  0]],

       [[ 0,  1, 21,  2],
        [-1, -1, -1,  3],
        [ 0,  1, 18,  1],
        [ 0,  0,  1,  0]],

       [[ 0,  0,  5,  0],
        [-1, -1, -1,  3],
        [ 0,  1, 19,  0],
        [ 0,  1,  4,  0]]]),
             'tri': array([[[-1, -1, -1,  3],
        [ 1,  0,  0,  0],
        [ 0,  1, 18,  2]],

       [[ 0,  1, 19,  3],
        [ 0,  1, 14,  2],
        [ 0,  1,  4,  1]],

       [[ 0,  1, 21,  0],
        [ 0,  1,  0,  3],
        [-1, -1, -1,  2]]])},
        conn=array([[ 0,  1,  0,  0,  1, 19,  3],
       [ 0,  1,  1,  0,  1, 14,  2],
       [ 0,  1,  2,  0,  1,  4,  1],
       [ 0,  3,  0, -1, -1, -1,  3],
       [ 0,  3,  1,  1,  0,  0,  0],
       [ 0,  3,  2,  0,  1, 18,  2],
       [ 0,  5,  0,  0,  1, 21,  0],
       [ 0,  5,  1,  0,  1,  0,  3],
       [ 0,  5,  2, -1, -1, -1,  2],
       [ 1,  0,  0,  0,  1,  4,  3],
       [ 1,  0,  1,  2,  1, 15,  0],
       [ 1,  0,  2, -1, -1, -1,  2],
       [ 1,  0,  3,  0,  0,  5,  1],
       [ 1,  4,  0,  0,  1, 21,  3],
       [ 1,  4,  1,  0,  0,  1,  2],
       [ 1,  4,  2,  0,  1, 12,  3],
       [ 1,  4,  3,  0,  1,  0,  0],
       [ 1, 12,  0,  0,  1, 14,  1],
       [ 1, 12,  1,  2,  1,  1,  1],
       [ 1, 12,  2,  2,  1, 15,  1],
       [ 1, 12,  3,  0,  1,  4,  2],
       [ 1, 14,  0,  1,  1,  6,  1],
       [ 1, 14,  1,  0,  1, 12,  0],
       [ 1, 14,  2,  0,  0,  1,  1],
       [ 1, 14,  3,  0,  1, 18,  0],
       [ 1, 18,  0,  0,  1, 14,  3],
       [ 1, 18,  1,  0,  1, 19,  2],
       [ 1, 18,  2,  0,  0,  3,  2],
       [ 1, 18,  3,  1,  1,  7,  2],
       [ 1, 19,  0,  0,  1, 21,  2],
       [ 1, 19,  1, -1, -1, -1,  3],
       [ 1, 19,  2,  0,  1, 18,  1],
       [ 1, 19,  3,  0,  0,  1,  0],
       [ 1, 21,  0,  0,  0,  5,  0],
       [ 1, 21,  1, -1, -1, -1,  3],
       [ 1, 21,  2,  0,  1, 19,  0],
       [ 1, 21,  3,  0,  1,  4,  0]]),
        arrays={})
[Rank 0] Base totals  →  elems=30 conn-rows=112
[Rank 0] SubMesh(etypes=['quad', 'tri'],
        eidxs_base={'quad': array([ 0, 12, 14, 18,  4, 19, 21]),
                    'tri': array([3, 1, 5])},
        eidxs={'quad': array([ 0, 12, 14, 18,  4, 19, 21]),
               'tri': array([3, 1, 5])},
        con={},
        conn=array([[ 0,  1,  0,  0,  1, 19,  3],
       [ 0,  1,  1,  0,  1, 14,  2],
       [ 0,  1,  2,  0,  1,  4,  1],
       [ 0,  3,  0, -1, -1, -1,  3],
       [ 0,  3,  1,  1,  0,  0,  0],
       [ 0,  3,  2,  0,  1, 18,  2],
       [ 0,  5,  0,  0,  1, 21,  0],
       [ 0,  5,  1,  0,  1,  0,  3],
       [ 0,  5,  2, -1, -1, -1,  2],
       [ 1,  0,  0,  0,  1,  4,  3],
       [ 1,  0,  1,  2,  1, 15,  0],
       [ 1,  0,  2, -1, -1, -1,  2],
       [ 1,  0,  3,  0,  0,  5,  1],
       [ 1,  4,  0,  0,  1, 21,  3],
       [ 1,  4,  1,  0,  0,  1,  2],
       [ 1,  4,  2,  0,  1, 12,  3],
       [ 1,  4,  3,  0,  1,  0,  0],
       [ 1, 12,  0,  0,  1, 14,  1],
       [ 1, 12,  1,  2,  1,  1,  1],
       [ 1, 12,  2,  2,  1, 15,  1],
       [ 1, 12,  3,  0,  1,  4,  2],
       [ 1, 14,  0,  1,  1,  6,  1],
       [ 1, 14,  1,  0,  1, 12,  0],
       [ 1, 14,  2,  0,  0,  1,  1],
       [ 1, 14,  3,  0,  1, 18,  0],
       [ 1, 18,  0,  0,  1, 14,  3],
       [ 1, 18,  1,  0,  1, 19,  2],
       [ 1, 18,  2,  0,  0,  3,  2],
       [ 1, 18,  3,  1,  1,  7,  2],
       [ 1, 19,  0,  0,  1, 21,  2],
       [ 1, 19,  1, -1, -1, -1,  3],
       [ 1, 19,  2,  0,  1, 18,  1],
       [ 1, 19,  3,  0,  0,  1,  0],
       [ 1, 21,  0,  0,  0,  5,  0],
       [ 1, 21,  1, -1, -1, -1,  3],
       [ 1, 21,  2,  0,  1, 19,  0],
       [ 1, 21,  3,  0,  1,  4,  0]]),
        arrays={'con': {'quad': array([[[ 0,  1,  4,  3],
        [ 2,  1, 15,  0],
        [-1, -1, -1,  2],
        [ 0,  0,  5,  1]],

       [[ 0,  1, 14,  1],
        [ 2,  1,  1,  1],
        [ 2,  1, 15,  1],
        [ 0,  1,  4,  2]],

       [[ 1,  1,  6,  1],
        [ 0,  1, 12,  0],
        [ 0,  0,  1,  1],
        [ 0,  1, 18,  0]],

       [[ 0,  1, 14,  3],
        [ 0,  1, 19,  2],
        [ 0,  0,  3,  2],
        [ 1,  1,  7,  2]],

       [[ 0,  1, 21,  3],
        [ 0,  0,  1,  2],
        [ 0,  1, 12,  3],
        [ 0,  1,  0,  0]],

       [[ 0,  1, 21,  2],
        [-1, -1, -1,  3],
        [ 0,  1, 18,  1],
        [ 0,  0,  1,  0]],

       [[ 0,  0,  5,  0],
        [-1, -1, -1,  3],
        [ 0,  1, 19,  0],
        [ 0,  1,  4,  0]]]),
                        'tri': array([[[-1, -1, -1,  3],
        [ 1,  0,  0,  0],
        [ 0,  1, 18,  2]],

       [[ 0,  1, 19,  3],
        [ 0,  1, 14,  2],
        [ 0,  1,  4,  1]],

       [[ 0,  1, 21,  0],
        [ 0,  1,  0,  3],
        [-1, -1, -1,  2]]])}})
[Rank 0] Base totals  →  elems=30 conn-rows=112
[Rank 0] SubMesh(etypes=['quad', 'tri'],
        eidxs={'quad': array([ 0, 12, 14, 18,  4, 19, 21]),
               'tri': array([3, 1, 5])},
        con={},
        conn=array([[ 0,  1,  0,  0,  1, 19,  3],
       [ 0,  1,  1,  0,  1, 14,  2],
       [ 0,  1,  2,  0,  1,  4,  1],
       [ 0,  3,  0, -1, -1, -1,  3],
       [ 0,  3,  1,  1,  0,  0,  0],
       [ 0,  3,  2,  0,  1, 18,  2],
       [ 0,  5,  0,  0,  1, 21,  0],
       [ 0,  5,  1,  0,  1,  0,  3],
       [ 0,  5,  2, -1, -1, -1,  2],
       [ 1,  0,  0,  0,  1,  4,  3],
       [ 1,  0,  1,  2,  1, 15,  0],
       [ 1,  0,  2, -1, -1, -1,  2],
       [ 1,  0,  3,  0,  0,  5,  1],
       [ 1,  4,  0,  0,  1, 21,  3],
       [ 1,  4,  1,  0,  0,  1,  2],
       [ 1,  4,  2,  0,  1, 12,  3],
       [ 1,  4,  3,  0,  1,  0,  0],
       [ 1, 12,  0,  0,  1, 14,  1],
       [ 1, 12,  1,  2,  1,  1,  1],
       [ 1, 12,  2,  2,  1, 15,  1],
       [ 1, 12,  3,  0,  1,  4,  2],
       [ 1, 14,  0,  1,  1,  6,  1],
       [ 1, 14,  1,  0,  1, 12,  0],
       [ 1, 14,  2,  0,  0,  1,  1],
       [ 1, 14,  3,  0,  1, 18,  0],
       [ 1, 18,  0,  0,  1, 14,  3],
       [ 1, 18,  1,  0,  1, 19,  2],
       [ 1, 18,  2,  0,  0,  3,  2],
       [ 1, 18,  3,  1,  1,  7,  2],
       [ 1, 19,  0,  0,  1, 21,  2],
       [ 1, 19,  1, -1, -1, -1,  3],
       [ 1, 19,  2,  0,  1, 18,  1],
       [ 1, 19,  3,  0,  0,  1,  0],
       [ 1, 21,  0,  0,  0,  5,  0],
       [ 1, 21,  1, -1, -1, -1,  3],
       [ 1, 21,  2,  0,  1, 19,  0],
       [ 1, 21,  3,  0,  1,  4,  0]]),
        arrays={'con': {'quad': array([[[ 0,  1,  4,  3],
        [ 2,  1, 15,  0],
        [-1, -1, -1,  2],
        [ 0,  0,  5,  1]],

       [[ 0,  1, 14,  1],
        [ 2,  1,  1,  1],
        [ 2,  1, 15,  1],
        [ 0,  1,  4,  2]],

       [[ 1,  1,  6,  1],
        [ 0,  1, 12,  0],
        [ 0,  0,  1,  1],
        [ 0,  1, 18,  0]],

       [[ 0,  1, 14,  3],
        [ 0,  1, 19,  2],
        [ 0,  0,  3,  2],
        [ 1,  1,  7,  2]],

       [[ 0,  1, 21,  3],
        [ 0,  0,  1,  2],
        [ 0,  1, 12,  3],
        [ 0,  1,  0,  0]],

       [[ 0,  1, 21,  2],
        [-1, -1, -1,  3],
        [ 0,  1, 18,  1],
        [ 0,  0,  1,  0]],

       [[ 0,  0,  5,  0],
        [-1, -1, -1,  3],
        [ 0,  1, 19,  0],
        [ 0,  1,  4,  0]]]),
                        'tri': array([[[-1, -1, -1,  3],
        [ 1,  0,  0,  0],
        [ 0,  1, 18,  2]],

       [[ 0,  1, 19,  3],
        [ 0,  1, 14,  2],
        [ 0,  1,  4,  1]],

       [[ 0,  1, 21,  0],
        [ 0,  1,  0,  3],
        [-1, -1, -1,  2]]])}})
[Rank 0] Base totals  →  elems=30 conn-rows=112
[Rank 0] SubMesh(etypes=['quad', 'tri'],
        eidxs={'quad': array([ 0, 12, 14, 18,  4, 19, 21]),
               'tri': array([3, 1, 5])},
        con={},
        conn=array([[ 0,  1,  0,  0,  1, 19,  3],
       [ 0,  1,  1,  0,  1, 14,  2],
       [ 0,  1,  2,  0,  1,  4,  1],
       [ 0,  3,  0, -1, -1, -1,  3],
       [ 0,  3,  1,  1,  0,  0,  0],
       [ 0,  3,  2,  0,  1, 18,  2],
       [ 0,  5,  0,  0,  1, 21,  0],
       [ 0,  5,  1,  0,  1,  0,  3],
       [ 0,  5,  2, -1, -1, -1,  2],
       [ 1,  0,  0,  0,  1,  4,  3],
       [ 1,  0,  1,  2,  1, 15,  0],
       [ 1,  0,  2, -1, -1, -1,  2],
       [ 1,  0,  3,  0,  0,  5,  1],
       [ 1,  4,  0,  0,  1, 21,  3],
       [ 1,  4,  1,  0,  0,  1,  2],
       [ 1,  4,  2,  0,  1, 12,  3],
       [ 1,  4,  3,  0,  1,  0,  0],
       [ 1, 12,  0,  0,  1, 14,  1],
       [ 1, 12,  1,  2,  1,  1,  1],
       [ 1, 12,  2,  2,  1, 15,  1],
       [ 1, 12,  3,  0,  1,  4,  2],
       [ 1, 14,  0,  1,  1,  6,  1],
       [ 1, 14,  1,  0,  1, 12,  0],
       [ 1, 14,  2,  0,  0,  1,  1],
       [ 1, 14,  3,  0,  1, 18,  0],
       [ 1, 18,  0,  0,  1, 14,  3],
       [ 1, 18,  1,  0,  1, 19,  2],
       [ 1, 18,  2,  0,  0,  3,  2],
       [ 1, 18,  3,  1,  1,  7,  2],
       [ 1, 19,  0,  0,  1, 21,  2],
       [ 1, 19,  1, -1, -1, -1,  3],
       [ 1, 19,  2,  0,  1, 18,  1],
       [ 1, 19,  3,  0,  0,  1,  0],
       [ 1, 21,  0,  0,  0,  5,  0],
       [ 1, 21,  1, -1, -1, -1,  3],
       [ 1, 21,  2,  0,  1, 19,  0],
       [ 1, 21,  3,  0,  1,  4,  0]]),
        arrays={'con': {'quad': array([[[ 0,  1,  4,  3],
        [ 2,  1, 15,  0],
        [-1, -1, -1,  2],
        [ 0,  0,  5,  1]],

       [[ 0,  1, 14,  1],
        [ 2,  1,  1,  1],
        [ 2,  1, 15,  1],
        [ 0,  1,  4,  2]],

       [[ 1,  1,  6,  1],
        [ 0,  1, 12,  0],
        [ 0,  0,  1,  1],
        [ 0,  1, 18,  0]],

       [[ 0,  1, 14,  3],
        [ 0,  1, 19,  2],
        [ 0,  0,  3,  2],
        [ 1,  1,  7,  2]],

       [[ 0,  1, 21,  3],
        [ 0,  0,  1,  2],
        [ 0,  1, 12,  3],
        [ 0,  1,  0,  0]],

       [[ 0,  1, 21,  2],
        [-1, -1, -1,  3],
        [ 0,  1, 18,  1],
        [ 0,  0,  1,  0]],

       [[ 0,  0,  5,  0],
        [-1, -1, -1,  3],
        [ 0,  1, 19,  0],
        [ 0,  1,  4,  0]]]),
                        'tri': array([[[-1, -1, -1,  3],
        [ 1,  0,  0,  0],
        [ 0,  1, 18,  2]],

       [[ 0,  1, 19,  3],
        [ 0,  1, 14,  2],
        [ 0,  1,  4,  1]],

       [[ 0,  1, 21,  0],
        [ 0,  1,  0,  3],
        [-1, -1, -1,  2]]])}})
[Rank 0] Base totals  →  elems=30 conn-rows=112
[Rank 0] SubMesh(etypes=['quad', 'tri'],
        eidxs={'quad': array([ 0, 12, 14, 18,  4, 19, 21]),
               'tri': array([3, 1, 5])},
        con={},
        conn=array([[ 0,  1,  0,  0,  1, 19,  3],
       [ 0,  1,  1,  0,  1, 14,  2],
       [ 0,  1,  2,  0,  1,  4,  1],
       [ 0,  3,  0, -1, -1, -1,  3],
       [ 0,  3,  1,  1,  0,  0,  0],
       [ 0,  3,  2,  0,  1, 18,  2],
       [ 0,  5,  0,  0,  1, 21,  0],
       [ 0,  5,  1,  0,  1,  0,  3],
       [ 0,  5,  2, -1, -1, -1,  2],
       [ 1,  0,  0,  0,  1,  4,  3],
       [ 1,  0,  1,  2,  1, 15,  0],
       [ 1,  0,  2, -1, -1, -1,  2],
       [ 1,  0,  3,  0,  0,  5,  1],
       [ 1,  4,  0,  0,  1, 21,  3],
       [ 1,  4,  1,  0,  0,  1,  2],
       [ 1,  4,  2,  0,  1, 12,  3],
       [ 1,  4,  3,  0,  1,  0,  0],
       [ 1, 12,  0,  0,  1, 14,  1],
       [ 1, 12,  1,  2,  1,  1,  1],
       [ 1, 12,  2,  2,  1, 15,  1],
       [ 1, 12,  3,  0,  1,  4,  2],
       [ 1, 14,  0,  1,  1,  6,  1],
       [ 1, 14,  1,  0,  1, 12,  0],
       [ 1, 14,  2,  0,  0,  1,  1],
       [ 1, 14,  3,  0,  1, 18,  0],
       [ 1, 18,  0,  0,  1, 14,  3],
       [ 1, 18,  1,  0,  1, 19,  2],
       [ 1, 18,  2,  0,  0,  3,  2],
       [ 1, 18,  3,  1,  1,  7,  2],
       [ 1, 19,  0,  0,  1, 21,  2],
       [ 1, 19,  1, -1, -1, -1,  3],
       [ 1, 19,  2,  0,  1, 18,  1],
       [ 1, 19,  3,  0,  0,  1,  0],
       [ 1, 21,  0,  0,  0,  5,  0],
       [ 1, 21,  1, -1, -1, -1,  3],
       [ 1, 21,  2,  0,  1, 19,  0],
       [ 1, 21,  3,  0,  1,  4,  0]]),
        arrays={'con': {'quad': array([[[ 0,  1,  4,  3],
        [ 2,  1, 15,  0],
        [-1, -1, -1,  2],
        [ 0,  0,  5,  1]],

       [[ 0,  1, 14,  1],
        [ 2,  1,  1,  1],
        [ 2,  1, 15,  1],
        [ 0,  1,  4,  2]],

       [[ 1,  1,  6,  1],
        [ 0,  1, 12,  0],
        [ 0,  0,  1,  1],
        [ 0,  1, 18,  0]],

       [[ 0,  1, 14,  3],
        [ 0,  1, 19,  2],
        [ 0,  0,  3,  2],
        [ 1,  1,  7,  2]],

       [[ 0,  1, 21,  3],
        [ 0,  0,  1,  2],
        [ 0,  1, 12,  3],
        [ 0,  1,  0,  0]],

       [[ 0,  1, 21,  2],
        [-1, -1, -1,  3],
        [ 0,  1, 18,  1],
        [ 0,  0,  1,  0]],

       [[ 0,  0,  5,  0],
        [-1, -1, -1,  3],
        [ 0,  1, 19,  0],
        [ 0,  1,  4,  0]]]),
                        'tri': array([[[-1, -1, -1,  3],
        [ 1,  0,  0,  0],
        [ 0,  1, 18,  2]],

       [[ 0,  1, 19,  3],
        [ 0,  1, 14,  2],
        [ 0,  1,  4,  1]],

       [[ 0,  1, 21,  0],
        [ 0,  1,  0,  3],
        [-1, -1, -1,  2]]])}})
[Rank 0] Base totals  →  elems=30 conn-rows=112
[Rank 0] SubMesh(etypes=['quad', 'tri'],
        eidxs={'quad': array([ 0, 12, 14, 18,  4, 19, 21]),
               'tri': array([3, 1, 5])},
        con={},
        conn=array([[ 0,  1,  0,  0,  1, 19,  3],
       [ 0,  1,  1,  0,  1, 14,  2],
       [ 0,  1,  2,  0,  1,  4,  1],
       [ 0,  3,  0, -1, -1, -1,  3],
       [ 0,  3,  1,  1,  0,  0,  0],
       [ 0,  3,  2,  0,  1, 18,  2],
       [ 0,  5,  0,  0,  1, 21,  0],
       [ 0,  5,  1,  0,  1,  0,  3],
       [ 0,  5,  2, -1, -1, -1,  2],
       [ 1,  0,  0,  0,  1,  4,  3],
       [ 1,  0,  1,  2,  1, 15,  0],
       [ 1,  0,  2, -1, -1, -1,  2],
       [ 1,  0,  3,  0,  0,  5,  1],
       [ 1,  4,  0,  0,  1, 21,  3],
       [ 1,  4,  1,  0,  0,  1,  2],
       [ 1,  4,  2,  0,  1, 12,  3],
       [ 1,  4,  3,  0,  1,  0,  0],
       [ 1, 12,  0,  0,  1, 14,  1],
       [ 1, 12,  1,  2,  1,  1,  1],
       [ 1, 12,  2,  2,  1, 15,  1],
       [ 1, 12,  3,  0,  1,  4,  2],
       [ 1, 14,  0,  1,  1,  6,  1],
       [ 1, 14,  1,  0,  1, 12,  0],
       [ 1, 14,  2,  0,  0,  1,  1],
       [ 1, 14,  3,  0,  1, 18,  0],
       [ 1, 18,  0,  0,  1, 14,  3],
       [ 1, 18,  1,  0,  1, 19,  2],
       [ 1, 18,  2,  0,  0,  3,  2],
       [ 1, 18,  3,  1,  1,  7,  2],
       [ 1, 19,  0,  0,  1, 21,  2],
       [ 1, 19,  1, -1, -1, -1,  3],
       [ 1, 19,  2,  0,  1, 18,  1],
       [ 1, 19,  3,  0,  0,  1,  0],
       [ 1, 21,  0,  0,  0,  5,  0],
       [ 1, 21,  1, -1, -1, -1,  3],
       [ 1, 21,  2,  0,  1, 19,  0],
       [ 1, 21,  3,  0,  1,  4,  0]]),
        arrays={'con': {'quad': array([[[ 0,  1,  4,  3],
        [ 2,  1, 15,  0],
        [-1, -1, -1,  2],
        [ 0,  0,  5,  1]],

       [[ 0,  1, 14,  1],
        [ 2,  1,  1,  1],
        [ 2,  1, 15,  1],
        [ 0,  1,  4,  2]],

       [[ 1,  1,  6,  1],
        [ 0,  1, 12,  0],
        [ 0,  0,  1,  1],
        [ 0,  1, 18,  0]],

       [[ 0,  1, 14,  3],
        [ 0,  1, 19,  2],
        [ 0,  0,  3,  2],
        [ 1,  1,  7,  2]],

       [[ 0,  1, 21,  3],
        [ 0,  0,  1,  2],
        [ 0,  1, 12,  3],
        [ 0,  1,  0,  0]],

       [[ 0,  1, 21,  2],
        [-1, -1, -1,  3],
        [ 0,  1, 18,  1],
        [ 0,  0,  1,  0]],

       [[ 0,  0,  5,  0],
        [-1, -1, -1,  3],
        [ 0,  1, 19,  0],
        [ 0,  1,  4,  0]]]),
                        'tri': array([[[-1, -1, -1,  3],
        [ 1,  0,  0,  0],
        [ 0,  1, 18,  2]],

       [[ 0,  1, 19,  3],
        [ 0,  1, 14,  2],
        [ 0,  1,  4,  1]],

       [[ 0,  1, 21,  0],
        [ 0,  1,  0,  3],
        [-1, -1, -1,  2]]])}})
[Rank 0] Base totals  →  elems=30 conn-rows=112
[Rank 0] SubMesh(etypes=['quad', 'tri'],
        eidxs={'quad': array([ 0,  4, 12, 14, 18, 19, 21]),
               'tri': array([1, 3, 5])},
        con={},
        conn=array([[ 0,  1,  0,  0,  1, 19,  3],
       [ 0,  1,  1,  0,  1, 14,  2],
       [ 0,  1,  2,  0,  1,  4,  1],
       [ 0,  3,  0, -1, -1, -1,  3],
       [ 0,  3,  1,  1,  0,  0,  0],
       [ 0,  3,  2,  0,  1, 18,  2],
       [ 0,  5,  0,  0,  1, 21,  0],
       [ 0,  5,  1,  0,  1,  0,  3],
       [ 0,  5,  2, -1, -1, -1,  2],
       [ 1,  0,  0,  0,  1,  4,  3],
       [ 1,  0,  1,  2,  1, 15,  0],
       [ 1,  0,  2, -1, -1, -1,  2],
       [ 1,  0,  3,  0,  0,  5,  1],
       [ 1,  4,  0,  0,  1, 21,  3],
       [ 1,  4,  1,  0,  0,  1,  2],
       [ 1,  4,  2,  0,  1, 12,  3],
       [ 1,  4,  3,  0,  1,  0,  0],
       [ 1, 12,  0,  0,  1, 14,  1],
       [ 1, 12,  1,  2,  1,  1,  1],
       [ 1, 12,  2,  2,  1, 15,  1],
       [ 1, 12,  3,  0,  1,  4,  2],
       [ 1, 14,  0,  1,  1,  6,  1],
       [ 1, 14,  1,  0,  1, 12,  0],
       [ 1, 14,  2,  0,  0,  1,  1],
       [ 1, 14,  3,  0,  1, 18,  0],
       [ 1, 18,  0,  0,  1, 14,  3],
       [ 1, 18,  1,  0,  1, 19,  2],
       [ 1, 18,  2,  0,  0,  3,  2],
       [ 1, 18,  3,  1,  1,  7,  2],
       [ 1, 19,  0,  0,  1, 21,  2],
       [ 1, 19,  1, -1, -1, -1,  3],
       [ 1, 19,  2,  0,  1, 18,  1],
       [ 1, 19,  3,  0,  0,  1,  0],
       [ 1, 21,  0,  0,  0,  5,  0],
       [ 1, 21,  1, -1, -1, -1,  3],
       [ 1, 21,  2,  0,  1, 19,  0],
       [ 1, 21,  3,  0,  1,  4,  0]]),
        arrays={'con': {'quad': array([[[ 0,  1,  4,  3],
        [ 2,  1, 15,  0],
        [-1, -1, -1,  2],
        [ 0,  0,  5,  1]],

       [[ 0,  1, 14,  1],
        [ 2,  1,  1,  1],
        [ 2,  1, 15,  1],
        [ 0,  1,  4,  2]],

       [[ 1,  1,  6,  1],
        [ 0,  1, 12,  0],
        [ 0,  0,  1,  1],
        [ 0,  1, 18,  0]],

       [[ 0,  1, 14,  3],
        [ 0,  1, 19,  2],
        [ 0,  0,  3,  2],
        [ 1,  1,  7,  2]],

       [[ 0,  1, 21,  3],
        [ 0,  0,  1,  2],
        [ 0,  1, 12,  3],
        [ 0,  1,  0,  0]],

       [[ 0,  1, 21,  2],
        [-1, -1, -1,  3],
        [ 0,  1, 18,  1],
        [ 0,  0,  1,  0]],

       [[ 0,  0,  5,  0],
        [-1, -1, -1,  3],
        [ 0,  1, 19,  0],
        [ 0,  1,  4,  0]]]),
                        'tri': array([[[-1, -1, -1,  3],
        [ 1,  0,  0,  0],
        [ 0,  1, 18,  2]],

       [[ 0,  1, 19,  3],
        [ 0,  1, 14,  2],
        [ 0,  1,  4,  1]],

       [[ 0,  1, 21,  0],
        [ 0,  1,  0,  3],
        [-1, -1, -1,  2]]])}})
[Rank 0] Base totals  →  elems=30 conn-rows=112
[Rank 0] Base totals  →  elems=30 conn-rows=112
[Rank 0] Base totals  →  elems=30 conn-rows=22
[Rank 0] Base totals  →  elems=30 conn-rows=112
[Rank 0] SubMesh(etypes=['quad', 'tri'],
        eidxs={'quad': array([ 0, 12, 14, 18,  4, 19, 21]),
               'tri': array([3, 1, 5])},
        arrays={'con': {'quad': array([[[ 0,  1,  4,  3],
        [ 2,  1, 15,  0],
        [-1, -1, -1,  2],
        [ 0,  0,  5,  1]],

       [[ 0,  1, 14,  1],
        [ 2,  1,  1,  1],
        [ 2,  1, 15,  1],
        [ 0,  1,  4,  2]],

       [[ 1,  1,  6,  1],
        [ 0,  1, 12,  0],
        [ 0,  0,  1,  1],
        [ 0,  1, 18,  0]],

       [[ 0,  1, 14,  3],
        [ 0,  1, 19,  2],
        [ 0,  0,  3,  2],
        [ 1,  1,  7,  2]],

       [[ 0,  1, 21,  3],
        [ 0,  0,  1,  2],
        [ 0,  1, 12,  3],
        [ 0,  1,  0,  0]],

       [[ 0,  1, 21,  2],
        [-1, -1, -1,  3],
        [ 0,  1, 18,  1],
        [ 0,  0,  1,  0]],

       [[ 0,  0,  5,  0],
        [-1, -1, -1,  3],
        [ 0,  1, 19,  0],
        [ 0,  1,  4,  0]]]),
                        'tri': array([[[-1, -1, -1,  3],
        [ 1,  0,  0,  0],
        [ 0,  1, 18,  2]],

       [[ 0,  1, 19,  3],
        [ 0,  1, 14,  2],
        [ 0,  1,  4,  1]],

       [[ 0,  1, 21,  0],
        [ 0,  1,  0,  3],
        [-1, -1, -1,  2]]])}})
[Rank 0] [after rebuild]   local elem-counts: {0: {'quad': 7, 'tri': 3}, 1: {'quad': 0, 'tri': 0}, 2: {'quad': 0, 'tri': 0}}
[Rank 0] [after rebuild]   local elem-counts: {0: {'quad': 7, 'tri': 3}, 1: {'quad': 0, 'tri': 0}, 2: {'quad': 0, 'tri': 0}}
[Rank 0] [after rebuild]   local elem-counts: {0: {'quad': 7, 'tri': 3}, 1: {'quad': 0, 'tri': 0}, 2: {'quad': 0, 'tri': 0}}
[Rank 0] [after rebuild]   local elem-counts: {0: {'quad': 7, 'tri': 3}, 1: {'quad': 0, 'tri': 0}, 2: {'quad': 0, 'tri': 0}}
[Rank 0] [after rebuild]   local elem-counts: {0: {'quad': 7, 'tri': 3}, 1: {'quad': 0, 'tri': 0}, 2: {'quad': 0, 'tri': 0}}
[Rank 0] [after rebuild]   local elem-counts: {0: {'quad': 7, 'tri': 3}, 1: {'quad': 0, 'tri': 0}, 2: {'quad': 0, 'tri': 0}}
[Rank 0] [after rebuild]   local elem-counts: {0: {'quad': 7, 'tri': 3}, 1: {'quad': 0, 'tri': 0}, 2: {'quad': 0, 'tri': 0}}
[Rank 0] [after rebuild]   local elem-counts: {0: {'quad': 7, 'tri': 3}, 1: {'quad': 0, 'tri': 0}, 2: {'quad': 0, 'tri': 0}}
[Rank 0] [after rebuild]   local elem-counts: {0: {'quad': 7, 'tri': 3}, 1: {'quad': 0, 'tri': 0}, 2: {'quad': 0, 'tri': 0}}
[Rank 0] [after rebuild]   local elem-counts: {0: {'quad': 7, 'tri': 3}, 1: {'quad': 0, 'tri': 0}, 2: {'quad': 0, 'tri': 0}}
[Rank 0] [after rebuild]   local elem-counts: {0: {'quad': 7, 'tri': 3}, 1: {'quad': 0, 'tri': 0}, 2: {'quad': 0, 'tri': 0}}
[Rank 0] [after rebuild]   local elem-counts: {0: {'quad': 7, 'tri': 3}, 1: {'quad': 0, 'tri': 0}, 2: {'quad': 0, 'tri': 0}}
[Rank 0] [after rebuild]   local elem-counts: {0: {'quad': 7, 'tri': 3}, 1: {'quad': 0, 'tri': 0}, 2: {'quad': 0, 'tri': 0}}
[Rank 0] [after rebuild]   local elem-counts: {0: {'quad': 7, 'tri': 3}, 1: {'quad': 0, 'tri': 0}, 2: {'quad': 0, 'tri': 0}}
[Rank 0] [after rebuild]   local elem-counts: {0: {'quad': 7, 'tri': 3}, 1: {'quad': 0, 'tri': 0}, 2: {'quad': 0, 'tri': 0}}
[Rank 0] [after rebuild]   local elem-counts: {0: {'quad': 7, 'tri': 3}, 1: {'quad': 0, 'tri': 0}, 2: {'quad': 0, 'tri': 0}}
[Rank 0] [after rebuild]   local elem-counts: {0: {'quad': 7, 'tri': 3}, 1: {'quad': 0, 'tri': 0}, 2: {'quad': 0, 'tri': 0}}
[Rank 0] [after rebuild]   local elem-counts: {0: {'quad': 7, 'tri': 3}, 1: {'quad': 0, 'tri': 0}, 2: {'quad': 0, 'tri': 0}}
[Rank 0] [after rebuild]   local elem-counts: {0: {'quad': 7, 'tri': 3}, 1: {'quad': 0, 'tri': 0}, 2: {'quad': 0, 'tri': 0}}
[Rank 0] [after rebuild]   local elem-counts: {0: {'quad': 7, 'tri': 3}, 1: {'quad': 0, 'tri': 0}, 2: {'quad': 0, 'tri': 0}}
[Rank 0] [after rebuild]   local elem-counts: {0: {'quad': 7, 'tri': 3}, 1: {'quad': 0, 'tri': 0}, 2: {'quad': 0, 'tri': 0}}
[Rank 0] [after rebuild]   local elem-counts: {0: {'quad': 7, 'tri': 3}, 1: {'quad': 0, 'tri': 0}, 2: {'quad': 0, 'tri': 0}}
[Rank 0] [after rebuild]   local elem-counts: {0: {'quad': 7, 'tri': 3}, 1: {'quad': 0, 'tri': 0}, 2: {'quad': 0, 'tri': 0}}
[Rank 0] [after rebuild]   local elem-counts: {0: {'quad': 7, 'tri': 3}, 1: {'quad': 0, 'tri': 0}, 2: {'quad': 0, 'tri': 0}}
[Rank 0] [after rebuild]   local elem-counts: {0: {'quad': 7, 'tri': 3}, 1: {'quad': 0, 'tri': 0}, 2: {'quad': 0, 'tri': 0}}
[Rank 0] [after rebuild]   local elem-counts: {0: {'quad': 7, 'tri': 3}, 1: {'quad': 0, 'tri': 0}, 2: {'quad': 0, 'tri': 0}}
[Rank 0] [after rebuild]   local elem-counts: {0: {'quad': 7, 'tri': 3}, 1: {'quad': 0, 'tri': 0}, 2: {'quad': 0, 'tri': 0}}
[Rank 0] [after rebuild]   local elem-counts: {0: {'quad': 7, 'tri': 3}, 1: {'quad': 0, 'tri': 0}, 2: {'quad': 0, 'tri': 0}}
[Rank 0] [after rebuild]   local elem-counts: {0: {'quad': 7, 'tri': 3}, 1: {'quad': 0, 'tri': 0}, 2: {'quad': 0, 'tri': 0}}
[Rank 0] [after rebuild]   local elem-counts: {0: {'quad': 7, 'tri': 3}, 1: {'quad': 0, 'tri': 0}, 2: {'quad': 0, 'tri': 0}}
[Rank 0] [after rebuild]   local elem-counts: {0: {'quad': 7, 'tri': 3}, 1: {'quad': 0, 'tri': 0}, 2: {'quad': 0, 'tri': 0}}
[Rank 0] [after rebuild]   local elem-counts: {0: {'quad': 7, 'tri': 3}, 1: {'quad': 0, 'tri': 0}, 2: {'quad': 0, 'tri': 0}}
[Rank 0] [run_function_once]  local elem-counts: {0: {'quad': 7, 'tri': 3}, 1: {'quad': 0, 'tri': 0}, 2: {'quad': 0, 'tri': 0}}
[Rank 0] [run_function_once]  local elem-counts: {0: {'quad': 7, 'tri': 3}, 1: {'quad': 0, 'tri': 0}, 2: {'quad': 0, 'tri': 0}}
[Rank 0] [run_function_once]  local elem-counts: {0: {'quad': 7, 'tri': 3}, 1: {'quad': 0, 'tri': 0}, 2: {'quad': 0, 'tri': 0}}
[Rank 0] [run_function_once]  local elem-counts: {0: {'quad': 7, 'tri': 3}, 1: {'quad': 0, 'tri': 0}, 2: {'quad': 0, 'tri': 0}}
[Rank 0] [run_function_once]  local elem-counts: {0: {'quad': 7, 'tri': 3}, 1: {'quad': 0, 'tri': 0}, 2: {'quad': 0, 'tri': 0}}
[Rank 0] '[dbg] quad send=[0, 0, 0] recv=[0, 0, 0]'
[Rank 0] [dbg] quad send=[0, 0, 0] recv=[0, 0, 0]
[Rank 0] [perform_all_exchanges]  quad send: [0, 0, 0] recv: [0, 0, 0]
[Rank 0] [perform_all_exchanges] quad send: [0, 0, 0] recv: [0, 0, 0]
[Rank 0] [perform_all_exchanges] quad send: [0, 0, 0] recv: [0, 0, 0]
[Rank 0] [perform_all_exchanges] quad send [0, 0, 0] | recv [0, 0, 0]
[Rank 0] {'quad': array([False, False, False, False, False, False, False]),
 'tri': array([False, False, False])}
[Rank 0] {'quad': array([False, False, False, False, False, False, False]),
 'tri': array([False, False, False])}
[Rank 0] {'quad': array([False, False, False, False, False, False, False]),
 'tri': array([False, False, False])}
[Rank 0] {'quad': array([False, False, False, False, False, False, False]),
 'tri': array([False, False, False])}
[Rank 0] {'quad': array([False, False, False, False, False, False, False]),
 'tri': array([False, False, False])}
[Rank 0] {'quad': array([[18, 28, 11, 10],
       [32, 31, 28, 29],
       [24, 31, 23, 32],
       [24, 23, 25, 14],
       [18, 19, 28, 32],
       [19, 13, 23, 14],
       [18, 12, 19, 13]]),
 'tri': array([[14, 15, 25],
       [19, 23, 32],
       [12, 18, 11]])}
[Rank 0] [dtype('int64'), (7, 4)]
[Rank 0] [dtype('<f8'), (4, 7, 2)]
[Rank 0] [dtype('int64'), (7, 4)]
[Rank 0] [dtype('<f8'), (4, 7, 2)]
[Rank 0] [dtype('int64'), (7, 4)]
[Rank 0] [dtype('<f8'), (4, 7, 2)]
[Rank 0] [dtype('int64'), (7, 4)]
[Rank 0] [dtype('<f8'), (4, 7, 2)]
[Rank 0] [dtype('int64'), (7, 4)]
[Rank 0] [dtype('<f8'), (4, 7, 2)]
[Rank 0] {'quad': array([False, False, False, False, False, False, False]),
 'tri': array([False, False, False])}
[Rank 0] {'quad': array([False, False, False, False, False, False, False]),
 'tri': array([False, False, False])}
[Rank 0] [dtype('int64'), (7, 4)]
[Rank 0] [dtype('<f8'), (4, 7, 2)]
[Rank 0] {'quad': array([False, False, False, False, False, False, False]),
 'tri': array([False, False, False])}
[Rank 0] {'quad': array([False, False, False, False, False, False, False]),
 'tri': array([False, False, False])}
[Rank 0] [dtype('int64'), (7, 4)]
[Rank 0] [dtype('<f8'), (4, 7, 2)]
[Rank 0] {'quad': array([False, False, False, False, False, False, False]),
 'tri': array([False, False, False])}
[Rank 0] {'quad': array([False, False, False, False, False, False, False]),
 'tri': array([False, False, False])}
[Rank 0] [dtype('int64'), (7, 4)]
[Rank 0] [dtype('<f8'), (4, 7, 2)]
[Rank 0] {'quad': array([False, False, False, False, False, False, False]),
 'tri': array([False, False, False])}
[Rank 0] {'quad': array([False, False, False, False, False, False, False]),
 'tri': array([False, False, False])}
[Rank 0] [dtype('int64'), (7, 4)]
[Rank 0] [dtype('<f8'), (4, 7, 2)]
[Rank 0] {'quad': array([False, False, False, False, False, False, False]),
 'tri': array([False, False, False])}
[Rank 0] {'quad': array([[[0.83782797, 0.76479963],
        [0.7818017 , 0.58014363],
        [1.        , 0.75      ],
        [1.        , 0.5       ]],

       [[0.63002644, 0.6375102 ],
        [0.49592129, 0.49379152],
        [0.7818017 , 0.58014363],
        [0.68074413, 0.41970635]],

       [[0.38534186, 0.6857371 ],
        [0.49592129, 0.49379152],
        [0.52285327, 0.80110305],
        [0.63002644, 0.6375102 ]],

       [[0.38534186, 0.6857371 ],
        [0.52285327, 0.80110305],
        [0.32888457, 0.85398126],
        [0.5       , 1.        ]],

       [[0.83782797, 0.76479963],
        [0.71431293, 0.82270356],
        [0.7818017 , 0.58014363],
        [0.63002644, 0.6375102 ]],

       [[0.71431293, 0.82270356],
        [0.75      , 1.        ],
        [0.52285327, 0.80110305],
        [0.5       , 1.        ]],

       [[0.83782797, 0.76479963],
        [1.        , 1.        ],
        [0.71431293, 0.82270356],
        [0.75      , 1.        ]]]),
 'tri': array([[[0.5       , 1.        ],
        [0.25      , 1.        ],
        [0.32888457, 0.85398126]],

       [[0.71431293, 0.82270356],
        [0.52285327, 0.80110305],
        [0.63002644, 0.6375102 ]],

       [[1.        , 1.        ],
        [0.83782797, 0.76479963],
        [1.        , 0.75      ]]])}
[Rank 0] [dtype('int64'), (7, 4)]
[Rank 0] [dtype('<f8'), (4, 7, 2)]
[Rank 0] {'quad': array([False, False, False, False, False, False, False]),
 'tri': array([False, False, False])}
[Rank 0] SubMesh(etypes=['quad', 'tri'],
        eidxs={'quad': array([ 0, 12, 14, 18,  4, 19, 21]),
               'tri': array([3, 1, 5])},
        arrays={'con': {'quad': array([[[ 0,  0,  4,  3],
        [ 2,  0, 15,  0],
        [-1, -1, -1,  2],
        [ 0,  1,  5,  1]],

       [[ 0,  0, 14,  1],
        [ 2,  0,  1,  1],
        [ 2,  0, 15,  1],
        [ 0,  0,  4,  2]],

       [[ 1,  0,  6,  1],
        [ 0,  0, 12,  0],
        [ 0,  1,  1,  1],
        [ 0,  0, 18,  0]],

       [[ 0,  0, 14,  3],
        [ 0,  0, 19,  2],
        [ 0,  1,  3,  2],
        [ 1,  0,  7,  2]],

       [[ 0,  0, 21,  3],
        [ 0,  1,  1,  2],
        [ 0,  0, 12,  3],
        [ 0,  0,  0,  0]],

       [[ 0,  0, 21,  2],
        [-1, -1, -1,  3],
        [ 0,  0, 18,  1],
        [ 0,  1,  1,  0]],

       [[ 0,  1,  5,  0],
        [-1, -1, -1,  3],
        [ 0,  0, 19,  0],
        [ 0,  0,  4,  0]]]),
                        'tri': array([[[-1, -1, -1,  3],
        [ 1,  1,  0,  0],
        [ 0,  0, 18,  2]],

       [[ 0,  0, 19,  3],
        [ 0,  0, 14,  2],
        [ 0,  0,  4,  1]],

       [[ 0,  0, 21,  0],
        [ 0,  0,  0,  3],
        [-1, -1, -1,  2]]])},
                'spts': {'quad': array([[[0.83782797, 0.76479963],
        [0.7818017 , 0.58014363],
        [1.        , 0.75      ],
        [1.        , 0.5       ]],

       [[0.63002644, 0.6375102 ],
        [0.49592129, 0.49379152],
        [0.7818017 , 0.58014363],
        [0.68074413, 0.41970635]],

       [[0.38534186, 0.6857371 ],
        [0.49592129, 0.49379152],
        [0.52285327, 0.80110305],
        [0.63002644, 0.6375102 ]],

       [[0.38534186, 0.6857371 ],
        [0.52285327, 0.80110305],
        [0.32888457, 0.85398126],
        [0.5       , 1.        ]],

       [[0.83782797, 0.76479963],
        [0.71431293, 0.82270356],
        [0.7818017 , 0.58014363],
        [0.63002644, 0.6375102 ]],

       [[0.71431293, 0.82270356],
        [0.75      , 1.        ],
        [0.52285327, 0.80110305],
        [0.5       , 1.        ]],

       [[0.83782797, 0.76479963],
        [1.        , 1.        ],
        [0.71431293, 0.82270356],
        [0.75      , 1.        ]]]),
                         'tri': array([[[0.5       , 1.        ],
        [0.25      , 1.        ],
        [0.32888457, 0.85398126]],

       [[0.71431293, 0.82270356],
        [0.52285327, 0.80110305],
        [0.63002644, 0.6375102 ]],

       [[1.        , 1.        ],
        [0.83782797, 0.76479963],
        [1.        , 0.75      ]]])},
                'spts_curved': {'quad': array([False, False, False, False, False, False, False]),
                                'tri': array([False, False, False])},
                'spts_nodes': {'quad': array([[18, 28, 11, 10],
       [32, 31, 28, 29],
       [24, 31, 23, 32],
       [24, 23, 25, 14],
       [18, 19, 28, 32],
       [19, 13, 23, 14],
       [18, 12, 19, 13]]),
                               'tri': array([[14, 15, 25],
       [19, 23, 32],
       [12, 18, 11]])}})
[Rank 0] [dtype('int64'), (7, 4)]
[Rank 0] [dtype('<f8'), (4, 7, 2)]
[Rank 0] SubMesh(etypes=['quad', 'tri'],
        eidxs={'quad': array([ 0, 12, 14, 18,  4, 19, 21]),
               'tri': array([3, 1, 5])},
        arrays={'con': {'quad': array([[[ 0,  0,  4,  3],
        [ 2,  0, 15,  0],
        [-1, -1, -1,  2],
        [ 0,  1,  5,  1]],

       [[ 0,  0, 14,  1],
        [ 2,  0,  1,  1],
        [ 2,  0, 15,  1],
        [ 0,  0,  4,  2]],

       [[ 1,  0,  6,  1],
        [ 0,  0, 12,  0],
        [ 0,  1,  1,  1],
        [ 0,  0, 18,  0]],

       [[ 0,  0, 14,  3],
        [ 0,  0, 19,  2],
        [ 0,  1,  3,  2],
        [ 1,  0,  7,  2]],

       [[ 0,  0, 21,  3],
        [ 0,  1,  1,  2],
        [ 0,  0, 12,  3],
        [ 0,  0,  0,  0]],

       [[ 0,  0, 21,  2],
        [-1, -1, -1,  3],
        [ 0,  0, 18,  1],
        [ 0,  1,  1,  0]],

       [[ 0,  1,  5,  0],
        [-1, -1, -1,  3],
        [ 0,  0, 19,  0],
        [ 0,  0,  4,  0]]]),
                        'tri': array([[[-1, -1, -1,  3],
        [ 1,  1,  0,  0],
        [ 0,  0, 18,  2]],

       [[ 0,  0, 19,  3],
        [ 0,  0, 14,  2],
        [ 0,  0,  4,  1]],

       [[ 0,  0, 21,  0],
        [ 0,  0,  0,  3],
        [-1, -1, -1,  2]]])},
                'spts': {'quad': array([[[0.83782797, 0.76479963],
        [0.7818017 , 0.58014363],
        [1.        , 0.75      ],
        [1.        , 0.5       ]],

       [[0.63002644, 0.6375102 ],
        [0.49592129, 0.49379152],
        [0.7818017 , 0.58014363],
        [0.68074413, 0.41970635]],

       [[0.38534186, 0.6857371 ],
        [0.49592129, 0.49379152],
        [0.52285327, 0.80110305],
        [0.63002644, 0.6375102 ]],

       [[0.38534186, 0.6857371 ],
        [0.52285327, 0.80110305],
        [0.32888457, 0.85398126],
        [0.5       , 1.        ]],

       [[0.83782797, 0.76479963],
        [0.71431293, 0.82270356],
        [0.7818017 , 0.58014363],
        [0.63002644, 0.6375102 ]],

       [[0.71431293, 0.82270356],
        [0.75      , 1.        ],
        [0.52285327, 0.80110305],
        [0.5       , 1.        ]],

       [[0.83782797, 0.76479963],
        [1.        , 1.        ],
        [0.71431293, 0.82270356],
        [0.75      , 1.        ]]]),
                         'tri': array([[[0.5       , 1.        ],
        [0.25      , 1.        ],
        [0.32888457, 0.85398126]],

       [[0.71431293, 0.82270356],
        [0.52285327, 0.80110305],
        [0.63002644, 0.6375102 ]],

       [[1.        , 1.        ],
        [0.83782797, 0.76479963],
        [1.        , 0.75      ]]])},
                'spts_curved': {'quad': array([False, False, False, False, False, False, False]),
                                'tri': array([False, False, False])},
                'spts_nodes': {'quad': array([[18, 28, 11, 10],
       [32, 31, 28, 29],
       [24, 31, 23, 32],
       [24, 23, 25, 14],
       [18, 19, 28, 32],
       [19, 13, 23, 14],
       [18, 12, 19, 13]]),
                               'tri': array([[14, 15, 25],
       [19, 23, 32],
       [12, 18, 11]])}})
[Rank 0] SubMesh(etypes=['quad', 'tri'],
        eidxs={'quad': array([ 0, 12, 14, 18,  4, 19, 21]),
               'tri': array([3, 1, 5])},
        arrays={'con': {'quad': array([[[ 0,  0,  4,  3],
        [ 2,  0, 15,  0],
        [-1, -1, -1,  2],
        [ 0,  1,  5,  1]],

       [[ 0,  0, 14,  1],
        [ 2,  0,  1,  1],
        [ 2,  0, 15,  1],
        [ 0,  0,  4,  2]],

       [[ 1,  0,  6,  1],
        [ 0,  0, 12,  0],
        [ 0,  1,  1,  1],
        [ 0,  0, 18,  0]],

       [[ 0,  0, 14,  3],
        [ 0,  0, 19,  2],
        [ 0,  1,  3,  2],
        [ 1,  0,  7,  2]],

       [[ 0,  0, 21,  3],
        [ 0,  1,  1,  2],
        [ 0,  0, 12,  3],
        [ 0,  0,  0,  0]],

       [[ 0,  0, 21,  2],
        [-1, -1, -1,  3],
        [ 0,  0, 18,  1],
        [ 0,  1,  1,  0]],

       [[ 0,  1,  5,  0],
        [-1, -1, -1,  3],
        [ 0,  0, 19,  0],
        [ 0,  0,  4,  0]]]),
                        'tri': array([[[-1, -1, -1,  3],
        [ 1,  1,  0,  0],
        [ 0,  0, 18,  2]],

       [[ 0,  0, 19,  3],
        [ 0,  0, 14,  2],
        [ 0,  0,  4,  1]],

       [[ 0,  0, 21,  0],
        [ 0,  0,  0,  3],
        [-1, -1, -1,  2]]])},
                'spts': {'quad': array([[[0.83782797, 0.76479963],
        [0.7818017 , 0.58014363],
        [1.        , 0.75      ],
        [1.        , 0.5       ]],

       [[0.63002644, 0.6375102 ],
        [0.49592129, 0.49379152],
        [0.7818017 , 0.58014363],
        [0.68074413, 0.41970635]],

       [[0.38534186, 0.6857371 ],
        [0.49592129, 0.49379152],
        [0.52285327, 0.80110305],
        [0.63002644, 0.6375102 ]],

       [[0.38534186, 0.6857371 ],
        [0.52285327, 0.80110305],
        [0.32888457, 0.85398126],
        [0.5       , 1.        ]],

       [[0.83782797, 0.76479963],
        [0.71431293, 0.82270356],
        [0.7818017 , 0.58014363],
        [0.63002644, 0.6375102 ]],

       [[0.71431293, 0.82270356],
        [0.75      , 1.        ],
        [0.52285327, 0.80110305],
        [0.5       , 1.        ]],

       [[0.83782797, 0.76479963],
        [1.        , 1.        ],
        [0.71431293, 0.82270356],
        [0.75      , 1.        ]]]),
                         'tri': array([[[0.5       , 1.        ],
        [0.25      , 1.        ],
        [0.32888457, 0.85398126]],

       [[0.71431293, 0.82270356],
        [0.52285327, 0.80110305],
        [0.63002644, 0.6375102 ]],

       [[1.        , 1.        ],
        [0.83782797, 0.76479963],
        [1.        , 0.75      ]]])},
                'spts_curved': {'quad': array([False, False, False, False, False, False, False]),
                                'tri': array([False, False, False])},
                'spts_nodes': {'quad': array([[18, 28, 11, 10],
       [32, 31, 28, 29],
       [24, 31, 23, 32],
       [24, 23, 25, 14],
       [18, 19, 28, 32],
       [19, 13, 23, 14],
       [18, 12, 19, 13]]),
                               'tri': array([[14, 15, 25],
       [19, 23, 32],
       [12, 18, 11]])}})
[Rank 0] SubMesh(etypes=['quad', 'tri'],
        eidxs={'quad': array([ 0, 12, 14, 18,  4, 19, 21]),
               'tri': array([3, 1, 5])},
        arrays={'con': {'quad': array([[[ 0,  0,  4,  3],
        [ 2,  0, 15,  0],
        [-1, -1, -1,  2],
        [ 0,  1,  5,  1]],

       [[ 0,  0, 14,  1],
        [ 2,  0,  1,  1],
        [ 2,  0, 15,  1],
        [ 0,  0,  4,  2]],

       [[ 1,  0,  6,  1],
        [ 0,  0, 12,  0],
        [ 0,  1,  1,  1],
        [ 0,  0, 18,  0]],

       [[ 0,  0, 14,  3],
        [ 0,  0, 19,  2],
        [ 0,  1,  3,  2],
        [ 1,  0,  7,  2]],

       [[ 0,  0, 21,  3],
        [ 0,  1,  1,  2],
        [ 0,  0, 12,  3],
        [ 0,  0,  0,  0]],

       [[ 0,  0, 21,  2],
        [-1, -1, -1,  3],
        [ 0,  0, 18,  1],
        [ 0,  1,  1,  0]],

       [[ 0,  1,  5,  0],
        [-1, -1, -1,  3],
        [ 0,  0, 19,  0],
        [ 0,  0,  4,  0]]]),
                        'tri': array([[[-1, -1, -1,  3],
        [ 1,  1,  0,  0],
        [ 0,  0, 18,  2]],

       [[ 0,  0, 19,  3],
        [ 0,  0, 14,  2],
        [ 0,  0,  4,  1]],

       [[ 0,  0, 21,  0],
        [ 0,  0,  0,  3],
        [-1, -1, -1,  2]]])},
                'spts': {'quad': array([[[0.83782797, 0.76479963],
        [0.7818017 , 0.58014363],
        [1.        , 0.75      ],
        [1.        , 0.5       ]],

       [[0.63002644, 0.6375102 ],
        [0.49592129, 0.49379152],
        [0.7818017 , 0.58014363],
        [0.68074413, 0.41970635]],

       [[0.38534186, 0.6857371 ],
        [0.49592129, 0.49379152],
        [0.52285327, 0.80110305],
        [0.63002644, 0.6375102 ]],

       [[0.38534186, 0.6857371 ],
        [0.52285327, 0.80110305],
        [0.32888457, 0.85398126],
        [0.5       , 1.        ]],

       [[0.83782797, 0.76479963],
        [0.71431293, 0.82270356],
        [0.7818017 , 0.58014363],
        [0.63002644, 0.6375102 ]],

       [[0.71431293, 0.82270356],
        [0.75      , 1.        ],
        [0.52285327, 0.80110305],
        [0.5       , 1.        ]],

       [[0.83782797, 0.76479963],
        [1.        , 1.        ],
        [0.71431293, 0.82270356],
        [0.75      , 1.        ]]]),
                         'tri': array([[[0.5       , 1.        ],
        [0.25      , 1.        ],
        [0.32888457, 0.85398126]],

       [[0.71431293, 0.82270356],
        [0.52285327, 0.80110305],
        [0.63002644, 0.6375102 ]],

       [[1.        , 1.        ],
        [0.83782797, 0.76479963],
        [1.        , 0.75      ]]])},
                'spts_curved': {'quad': array([False, False, False, False, False, False, False]),
                                'tri': array([False, False, False])},
                'spts_nodes': {'quad': array([[18, 28, 11, 10],
       [32, 31, 28, 29],
       [24, 31, 23, 32],
       [24, 23, 25, 14],
       [18, 19, 28, 32],
       [19, 13, 23, 14],
       [18, 12, 19, 13]]),
                               'tri': array([[14, 15, 25],
       [19, 23, 32],
       [12, 18, 11]])}})
[Rank 0] SubMesh(etypes=['quad', 'tri'],
        eidxs={'quad': array([ 0, 12, 14, 18,  4, 19, 21]),
               'tri': array([3, 1, 5])},
        arrays={'con': {'quad': array([[[ 0,  0,  4,  3],
        [ 2,  0, 15,  0],
        [-1, -1, -1,  2],
        [ 0,  1,  5,  1]],

       [[ 0,  0, 14,  1],
        [ 2,  0,  1,  1],
        [ 2,  0, 15,  1],
        [ 0,  0,  4,  2]],

       [[ 1,  0,  6,  1],
        [ 0,  0, 12,  0],
        [ 0,  1,  1,  1],
        [ 0,  0, 18,  0]],

       [[ 0,  0, 14,  3],
        [ 0,  0, 19,  2],
        [ 0,  1,  3,  2],
        [ 1,  0,  7,  2]],

       [[ 0,  0, 21,  3],
        [ 0,  1,  1,  2],
        [ 0,  0, 12,  3],
        [ 0,  0,  0,  0]],

       [[ 0,  0, 21,  2],
        [-1, -1, -1,  3],
        [ 0,  0, 18,  1],
        [ 0,  1,  1,  0]],

       [[ 0,  1,  5,  0],
        [-1, -1, -1,  3],
        [ 0,  0, 19,  0],
        [ 0,  0,  4,  0]]]),
                        'tri': array([[[-1, -1, -1,  3],
        [ 1,  1,  0,  0],
        [ 0,  0, 18,  2]],

       [[ 0,  0, 19,  3],
        [ 0,  0, 14,  2],
        [ 0,  0,  4,  1]],

       [[ 0,  0, 21,  0],
        [ 0,  0,  0,  3],
        [-1, -1, -1,  2]]])},
                'spts': {'quad': array([[[0.83782797, 0.76479963],
        [0.7818017 , 0.58014363],
        [1.        , 0.75      ],
        [1.        , 0.5       ]],

       [[0.63002644, 0.6375102 ],
        [0.49592129, 0.49379152],
        [0.7818017 , 0.58014363],
        [0.68074413, 0.41970635]],

       [[0.38534186, 0.6857371 ],
        [0.49592129, 0.49379152],
        [0.52285327, 0.80110305],
        [0.63002644, 0.6375102 ]],

       [[0.38534186, 0.6857371 ],
        [0.52285327, 0.80110305],
        [0.32888457, 0.85398126],
        [0.5       , 1.        ]],

       [[0.83782797, 0.76479963],
        [0.71431293, 0.82270356],
        [0.7818017 , 0.58014363],
        [0.63002644, 0.6375102 ]],

       [[0.71431293, 0.82270356],
        [0.75      , 1.        ],
        [0.52285327, 0.80110305],
        [0.5       , 1.        ]],

       [[0.83782797, 0.76479963],
        [1.        , 1.        ],
        [0.71431293, 0.82270356],
        [0.75      , 1.        ]]]),
                         'tri': array([[[0.5       , 1.        ],
        [0.25      , 1.        ],
        [0.32888457, 0.85398126]],

       [[0.71431293, 0.82270356],
        [0.52285327, 0.80110305],
        [0.63002644, 0.6375102 ]],

       [[1.        , 1.        ],
        [0.83782797, 0.76479963],
        [1.        , 0.75      ]]])},
                'spts_curved': {'quad': array([False, False, False, False, False, False, False]),
                                'tri': array([False, False, False])},
                'spts_nodes': {'quad': array([[18, 28, 11, 10],
       [32, 31, 28, 29],
       [24, 31, 23, 32],
       [24, 23, 25, 14],
       [18, 19, 28, 32],
       [19, 13, 23, 14],
       [18, 12, 19, 13]]),
                               'tri': array([[14, 15, 25],
       [19, 23, 32],
       [12, 18, 11]])}})
[Rank 0] SubMesh(etypes=['quad', 'tri'],
        eidxs={'quad': array([ 0, 12, 14, 18,  4, 19, 21]),
               'tri': array([3, 1, 5])},
        arrays={'con': {'quad': array([[[ 0,  0,  4,  3],
        [ 2,  0, 15,  0],
        [-1, -1, -1,  2],
        [ 0,  1,  5,  1]],

       [[ 0,  0, 14,  1],
        [ 2,  0,  1,  1],
        [ 2,  0, 15,  1],
        [ 0,  0,  4,  2]],

       [[ 1,  0,  6,  1],
        [ 0,  0, 12,  0],
        [ 0,  1,  1,  1],
        [ 0,  0, 18,  0]],

       [[ 0,  0, 14,  3],
        [ 0,  0, 19,  2],
        [ 0,  1,  3,  2],
        [ 1,  0,  7,  2]],

       [[ 0,  0, 21,  3],
        [ 0,  1,  1,  2],
        [ 0,  0, 12,  3],
        [ 0,  0,  0,  0]],

       [[ 0,  0, 21,  2],
        [-1, -1, -1,  3],
        [ 0,  0, 18,  1],
        [ 0,  1,  1,  0]],

       [[ 0,  1,  5,  0],
        [-1, -1, -1,  3],
        [ 0,  0, 19,  0],
        [ 0,  0,  4,  0]]]),
                        'tri': array([[[-1, -1, -1,  3],
        [ 1,  1,  0,  0],
        [ 0,  0, 18,  2]],

       [[ 0,  0, 19,  3],
        [ 0,  0, 14,  2],
        [ 0,  0,  4,  1]],

       [[ 0,  0, 21,  0],
        [ 0,  0,  0,  3],
        [-1, -1, -1,  2]]])},
                'spts': {'quad': array([[[0.83782797, 0.76479963],
        [0.7818017 , 0.58014363],
        [1.        , 0.75      ],
        [1.        , 0.5       ]],

       [[0.63002644, 0.6375102 ],
        [0.49592129, 0.49379152],
        [0.7818017 , 0.58014363],
        [0.68074413, 0.41970635]],

       [[0.38534186, 0.6857371 ],
        [0.49592129, 0.49379152],
        [0.52285327, 0.80110305],
        [0.63002644, 0.6375102 ]],

       [[0.38534186, 0.6857371 ],
        [0.52285327, 0.80110305],
        [0.32888457, 0.85398126],
        [0.5       , 1.        ]],

       [[0.83782797, 0.76479963],
        [0.71431293, 0.82270356],
        [0.7818017 , 0.58014363],
        [0.63002644, 0.6375102 ]],

       [[0.71431293, 0.82270356],
        [0.75      , 1.        ],
        [0.52285327, 0.80110305],
        [0.5       , 1.        ]],

       [[0.83782797, 0.76479963],
        [1.        , 1.        ],
        [0.71431293, 0.82270356],
        [0.75      , 1.        ]]]),
                         'tri': array([[[0.5       , 1.        ],
        [0.25      , 1.        ],
        [0.32888457, 0.85398126]],

       [[0.71431293, 0.82270356],
        [0.52285327, 0.80110305],
        [0.63002644, 0.6375102 ]],

       [[1.        , 1.        ],
        [0.83782797, 0.76479963],
        [1.        , 0.75      ]]])},
                'spts_curved': {'quad': array([False, False, False, False, False, False, False]),
                                'tri': array([False, False, False])},
                'spts_nodes': {'quad': array([[18, 28, 11, 10],
       [32, 31, 28, 29],
       [24, 31, 23, 32],
       [24, 23, 25, 14],
       [18, 19, 28, 32],
       [19, 13, 23, 14],
       [18, 12, 19, 13]]),
                               'tri': array([[14, 15, 25],
       [19, 23, 32],
       [12, 18, 11]])}})
[Rank 0] SubMesh(etypes=['quad', 'tri'],
        eidxs={'quad': array([ 0, 12, 14, 18,  4, 19, 21]),
               'tri': array([3, 1, 5])},
        arrays={'con': {'quad': array([[[ 0,  0,  4,  3],
        [ 2,  0, 15,  0],
        [-1, -1, -1,  2],
        [ 0,  1,  5,  1]],

       [[ 0,  0, 14,  1],
        [ 2,  0,  1,  1],
        [ 2,  0, 15,  1],
        [ 0,  0,  4,  2]],

       [[ 1,  0,  6,  1],
        [ 0,  0, 12,  0],
        [ 0,  1,  1,  1],
        [ 0,  0, 18,  0]],

       [[ 0,  0, 14,  3],
        [ 0,  0, 19,  2],
        [ 0,  1,  3,  2],
        [ 1,  0,  7,  2]],

       [[ 0,  0, 21,  3],
        [ 0,  1,  1,  2],
        [ 0,  0, 12,  3],
        [ 0,  0,  0,  0]],

       [[ 0,  0, 21,  2],
        [-1, -1, -1,  3],
        [ 0,  0, 18,  1],
        [ 0,  1,  1,  0]],

       [[ 0,  1,  5,  0],
        [-1, -1, -1,  3],
        [ 0,  0, 19,  0],
        [ 0,  0,  4,  0]]]),
                        'tri': array([[[-1, -1, -1,  3],
        [ 1,  1,  0,  0],
        [ 0,  0, 18,  2]],

       [[ 0,  0, 19,  3],
        [ 0,  0, 14,  2],
        [ 0,  0,  4,  1]],

       [[ 0,  0, 21,  0],
        [ 0,  0,  0,  3],
        [-1, -1, -1,  2]]])},
                'spts': {'quad': array([[[0.83782797, 0.76479963],
        [0.7818017 , 0.58014363],
        [1.        , 0.75      ],
        [1.        , 0.5       ]],

       [[0.63002644, 0.6375102 ],
        [0.49592129, 0.49379152],
        [0.7818017 , 0.58014363],
        [0.68074413, 0.41970635]],

       [[0.38534186, 0.6857371 ],
        [0.49592129, 0.49379152],
        [0.52285327, 0.80110305],
        [0.63002644, 0.6375102 ]],

       [[0.38534186, 0.6857371 ],
        [0.52285327, 0.80110305],
        [0.32888457, 0.85398126],
        [0.5       , 1.        ]],

       [[0.83782797, 0.76479963],
        [0.71431293, 0.82270356],
        [0.7818017 , 0.58014363],
        [0.63002644, 0.6375102 ]],

       [[0.71431293, 0.82270356],
        [0.75      , 1.        ],
        [0.52285327, 0.80110305],
        [0.5       , 1.        ]],

       [[0.83782797, 0.76479963],
        [1.        , 1.        ],
        [0.71431293, 0.82270356],
        [0.75      , 1.        ]]]),
                         'tri': array([[[0.5       , 1.        ],
        [0.25      , 1.        ],
        [0.32888457, 0.85398126]],

       [[0.71431293, 0.82270356],
        [0.52285327, 0.80110305],
        [0.63002644, 0.6375102 ]],

       [[1.        , 1.        ],
        [0.83782797, 0.76479963],
        [1.        , 0.75      ]]])},
                'spts_curved': {'quad': array([False, False, False, False, False, False, False]),
                                'tri': array([False, False, False])},
                'spts_nodes': {'quad': array([[18, 28, 11, 10],
       [32, 31, 28, 29],
       [24, 31, 23, 32],
       [24, 23, 25, 14],
       [18, 19, 28, 32],
       [19, 13, 23, 14],
       [18, 12, 19, 13]]),
                               'tri': array([[14, 15, 25],
       [19, 23, 32],
       [12, 18, 11]])}})
[Rank 0] SubMesh(etypes=['quad', 'tri'],
        eidxs={'quad': array([ 0, 12, 14, 18,  4, 19, 21]),
               'tri': array([3, 1, 5])},
        arrays={'con': {'quad': array([[[ 0,  0,  4,  3],
        [ 2,  0, 15,  0],
        [-1, -1, -1,  2],
        [ 0,  1,  5,  1]],

       [[ 0,  0, 14,  1],
        [ 2,  0,  1,  1],
        [ 2,  0, 15,  1],
        [ 0,  0,  4,  2]],

       [[ 1,  0,  6,  1],
        [ 0,  0, 12,  0],
        [ 0,  1,  1,  1],
        [ 0,  0, 18,  0]],

       [[ 0,  0, 14,  3],
        [ 0,  0, 19,  2],
        [ 0,  1,  3,  2],
        [ 1,  0,  7,  2]],

       [[ 0,  0, 21,  3],
        [ 0,  1,  1,  2],
        [ 0,  0, 12,  3],
        [ 0,  0,  0,  0]],

       [[ 0,  0, 21,  2],
        [-1, -1, -1,  3],
        [ 0,  0, 18,  1],
        [ 0,  1,  1,  0]],

       [[ 0,  1,  5,  0],
        [-1, -1, -1,  3],
        [ 0,  0, 19,  0],
        [ 0,  0,  4,  0]]]),
                        'tri': array([[[-1, -1, -1,  3],
        [ 1,  1,  0,  0],
        [ 0,  0, 18,  2]],

       [[ 0,  0, 19,  3],
        [ 0,  0, 14,  2],
        [ 0,  0,  4,  1]],

       [[ 0,  0, 21,  0],
        [ 0,  0,  0,  3],
        [-1, -1, -1,  2]]])},
                'spts': {'quad': array([[[0.83782797, 0.76479963],
        [0.7818017 , 0.58014363],
        [1.        , 0.75      ],
        [1.        , 0.5       ]],

       [[0.63002644, 0.6375102 ],
        [0.49592129, 0.49379152],
        [0.7818017 , 0.58014363],
        [0.68074413, 0.41970635]],

       [[0.38534186, 0.6857371 ],
        [0.49592129, 0.49379152],
        [0.52285327, 0.80110305],
        [0.63002644, 0.6375102 ]],

       [[0.38534186, 0.6857371 ],
        [0.52285327, 0.80110305],
        [0.32888457, 0.85398126],
        [0.5       , 1.        ]],

       [[0.83782797, 0.76479963],
        [0.71431293, 0.82270356],
        [0.7818017 , 0.58014363],
        [0.63002644, 0.6375102 ]],

       [[0.71431293, 0.82270356],
        [0.75      , 1.        ],
        [0.52285327, 0.80110305],
        [0.5       , 1.        ]],

       [[0.83782797, 0.76479963],
        [1.        , 1.        ],
        [0.71431293, 0.82270356],
        [0.75      , 1.        ]]]),
                         'tri': array([[[0.5       , 1.        ],
        [0.25      , 1.        ],
        [0.32888457, 0.85398126]],

       [[0.71431293, 0.82270356],
        [0.52285327, 0.80110305],
        [0.63002644, 0.6375102 ]],

       [[1.        , 1.        ],
        [0.83782797, 0.76479963],
        [1.        , 0.75      ]]])},
                'spts_curved': {'quad': array([False, False, False, False, False, False, False]),
                                'tri': array([False, False, False])},
                'spts_nodes': {'quad': array([[18, 28, 11, 10],
       [32, 31, 28, 29],
       [24, 31, 23, 32],
       [24, 23, 25, 14],
       [18, 19, 28, 32],
       [19, 13, 23, 14],
       [18, 12, 19, 13]]),
                               'tri': array([[14, 15, 25],
       [19, 23, 32],
       [12, 18, 11]])}})
[Rank 0] SubMesh(etypes=['quad', 'tri'],
        eidxs={'quad': array([ 4, 12, 14, 18,  0, 19, 21]),
               'tri': array([1, 3, 5])},
        arrays={'con': {'quad': array([[[ 0,  0, 21,  3],
        [ 0,  1,  1,  2],
        [ 0,  0, 12,  3],
        [ 0,  0,  0,  0]],

       [[ 0,  0, 14,  1],
        [ 2,  0,  1,  1],
        [ 2,  0, 15,  1],
        [ 0,  0,  4,  2]],

       [[ 1,  0,  6,  1],
        [ 0,  0, 12,  0],
        [ 0,  1,  1,  1],
        [ 0,  0, 18,  0]],

       [[ 0,  0, 14,  3],
        [ 0,  0, 19,  2],
        [ 0,  1,  3,  2],
        [ 1,  0,  7,  2]],

       [[ 0,  0,  4,  3],
        [ 2,  0, 15,  0],
        [-1, -1, -1,  2],
        [ 0,  1,  5,  1]],

       [[ 0,  0, 21,  2],
        [-1, -1, -1,  3],
        [ 0,  0, 18,  1],
        [ 0,  1,  1,  0]],

       [[ 0,  1,  5,  0],
        [-1, -1, -1,  3],
        [ 0,  0, 19,  0],
        [ 0,  0,  4,  0]]]),
                        'tri': array([[[ 0,  0, 19,  3],
        [ 0,  0, 14,  2],
        [ 0,  0,  4,  1]],

       [[-1, -1, -1,  3],
        [ 1,  1,  0,  0],
        [ 0,  0, 18,  2]],

       [[ 0,  0, 21,  0],
        [ 0,  0,  0,  3],
        [-1, -1, -1,  2]]])},
                'spts': {'quad': array([[[0.83782797, 0.76479963],
        [0.71431293, 0.82270356],
        [0.7818017 , 0.58014363],
        [0.63002644, 0.6375102 ]],

       [[0.63002644, 0.6375102 ],
        [0.49592129, 0.49379152],
        [0.7818017 , 0.58014363],
        [0.68074413, 0.41970635]],

       [[0.38534186, 0.6857371 ],
        [0.49592129, 0.49379152],
        [0.52285327, 0.80110305],
        [0.63002644, 0.6375102 ]],

       [[0.38534186, 0.6857371 ],
        [0.52285327, 0.80110305],
        [0.32888457, 0.85398126],
        [0.5       , 1.        ]],

       [[0.83782797, 0.76479963],
        [0.7818017 , 0.58014363],
        [1.        , 0.75      ],
        [1.        , 0.5       ]],

       [[0.71431293, 0.82270356],
        [0.75      , 1.        ],
        [0.52285327, 0.80110305],
        [0.5       , 1.        ]],

       [[0.83782797, 0.76479963],
        [1.        , 1.        ],
        [0.71431293, 0.82270356],
        [0.75      , 1.        ]]]),
                         'tri': array([[[0.71431293, 0.82270356],
        [0.52285327, 0.80110305],
        [0.63002644, 0.6375102 ]],

       [[0.5       , 1.        ],
        [0.25      , 1.        ],
        [0.32888457, 0.85398126]],

       [[1.        , 1.        ],
        [0.83782797, 0.76479963],
        [1.        , 0.75      ]]])},
                'spts_curved': {'quad': array([False, False, False, False, False, False, False]),
                                'tri': array([False, False, False])},
                'spts_nodes': {'quad': array([[18, 19, 28, 32],
       [32, 31, 28, 29],
       [24, 31, 23, 32],
       [24, 23, 25, 14],
       [18, 28, 11, 10],
       [19, 13, 23, 14],
       [18, 12, 19, 13]]),
                               'tri': array([[19, 23, 32],
       [14, 15, 25],
       [12, 18, 11]])}})
[Rank 0] SubMesh(etypes=['quad', 'tri'],
        eidxs={'quad': array([ 0, 12, 14, 18,  4, 19, 21]),
               'tri': array([3, 1, 5])},
        arrays={'con': {'quad': array([[[ 0,  0,  4,  3],
        [ 2,  0, 15,  0],
        [-1, -1, -1,  2],
        [ 0,  1,  5,  1]],

       [[ 0,  0, 14,  1],
        [ 2,  0,  1,  1],
        [ 2,  0, 15,  1],
        [ 0,  0,  4,  2]],

       [[ 1,  0,  6,  1],
        [ 0,  0, 12,  0],
        [ 0,  1,  1,  1],
        [ 0,  0, 18,  0]],

       [[ 0,  0, 14,  3],
        [ 0,  0, 19,  2],
        [ 0,  1,  3,  2],
        [ 1,  0,  7,  2]],

       [[ 0,  0, 21,  3],
        [ 0,  1,  1,  2],
        [ 0,  0, 12,  3],
        [ 0,  0,  0,  0]],

       [[ 0,  0, 21,  2],
        [-1, -1, -1,  3],
        [ 0,  0, 18,  1],
        [ 0,  1,  1,  0]],

       [[ 0,  1,  5,  0],
        [-1, -1, -1,  3],
        [ 0,  0, 19,  0],
        [ 0,  0,  4,  0]]]),
                        'tri': array([[[-1, -1, -1,  3],
        [ 1,  1,  0,  0],
        [ 0,  0, 18,  2]],

       [[ 0,  0, 19,  3],
        [ 0,  0, 14,  2],
        [ 0,  0,  4,  1]],

       [[ 0,  0, 21,  0],
        [ 0,  0,  0,  3],
        [-1, -1, -1,  2]]])},
                'spts': {'quad': array([[[0.83782797, 0.76479963],
        [0.7818017 , 0.58014363],
        [1.        , 0.75      ],
        [1.        , 0.5       ]],

       [[0.63002644, 0.6375102 ],
        [0.49592129, 0.49379152],
        [0.7818017 , 0.58014363],
        [0.68074413, 0.41970635]],

       [[0.38534186, 0.6857371 ],
        [0.49592129, 0.49379152],
        [0.52285327, 0.80110305],
        [0.63002644, 0.6375102 ]],

       [[0.38534186, 0.6857371 ],
        [0.52285327, 0.80110305],
        [0.32888457, 0.85398126],
        [0.5       , 1.        ]],

       [[0.83782797, 0.76479963],
        [0.71431293, 0.82270356],
        [0.7818017 , 0.58014363],
        [0.63002644, 0.6375102 ]],

       [[0.71431293, 0.82270356],
        [0.75      , 1.        ],
        [0.52285327, 0.80110305],
        [0.5       , 1.        ]],

       [[0.83782797, 0.76479963],
        [1.        , 1.        ],
        [0.71431293, 0.82270356],
        [0.75      , 1.        ]]]),
                         'tri': array([[[0.5       , 1.        ],
        [0.25      , 1.        ],
        [0.32888457, 0.85398126]],

       [[0.71431293, 0.82270356],
        [0.52285327, 0.80110305],
        [0.63002644, 0.6375102 ]],

       [[1.        , 1.        ],
        [0.83782797, 0.76479963],
        [1.        , 0.75      ]]])},
                'spts_curved': {'quad': array([False, False, False, False, False, False, False]),
                                'tri': array([False, False, False])},
                'spts_nodes': {'quad': array([[18, 28, 11, 10],
       [32, 31, 28, 29],
       [24, 31, 23, 32],
       [24, 23, 25, 14],
       [18, 19, 28, 32],
       [19, 13, 23, 14],
       [18, 12, 19, 13]]),
                               'tri': array([[14, 15, 25],
       [19, 23, 32],
       [12, 18, 11]])}})
[Rank 0] SubMesh(etypes=['quad', 'tri'],
        eidxs={'quad': array([ 4, 19, 21,  0, 12, 14, 18]),
               'tri': array([1, 5, 3])},
        arrays={'con': {'quad': array([[[ 0,  0, 21,  3],
        [ 0,  1,  1,  2],
        [ 0,  0, 12,  3],
        [ 0,  0,  0,  0]],

       [[ 0,  0, 21,  2],
        [-1, -1, -1,  3],
        [ 0,  0, 18,  1],
        [ 0,  1,  1,  0]],

       [[ 0,  1,  5,  0],
        [-1, -1, -1,  3],
        [ 0,  0, 19,  0],
        [ 0,  0,  4,  0]],

       [[ 0,  0,  4,  3],
        [ 2,  0, 15,  0],
        [-1, -1, -1,  2],
        [ 0,  1,  5,  1]],

       [[ 0,  0, 14,  1],
        [ 2,  0,  1,  1],
        [ 2,  0, 15,  1],
        [ 0,  0,  4,  2]],

       [[ 1,  0,  6,  1],
        [ 0,  0, 12,  0],
        [ 0,  1,  1,  1],
        [ 0,  0, 18,  0]],

       [[ 0,  0, 14,  3],
        [ 0,  0, 19,  2],
        [ 0,  1,  3,  2],
        [ 1,  0,  7,  2]]]),
                        'tri': array([[[ 0,  0, 19,  3],
        [ 0,  0, 14,  2],
        [ 0,  0,  4,  1]],

       [[ 0,  0, 21,  0],
        [ 0,  0,  0,  3],
        [-1, -1, -1,  2]],

       [[-1, -1, -1,  3],
        [ 1,  1,  0,  0],
        [ 0,  0, 18,  2]]])},
                'spts': {'quad': array([[[0.83782797, 0.76479963],
        [0.71431293, 0.82270356],
        [0.7818017 , 0.58014363],
        [0.63002644, 0.6375102 ]],

       [[0.71431293, 0.82270356],
        [0.75      , 1.        ],
        [0.52285327, 0.80110305],
        [0.5       , 1.        ]],

       [[0.83782797, 0.76479963],
        [1.        , 1.        ],
        [0.71431293, 0.82270356],
        [0.75      , 1.        ]],

       [[0.83782797, 0.76479963],
        [0.7818017 , 0.58014363],
        [1.        , 0.75      ],
        [1.        , 0.5       ]],

       [[0.63002644, 0.6375102 ],
        [0.49592129, 0.49379152],
        [0.7818017 , 0.58014363],
        [0.68074413, 0.41970635]],

       [[0.38534186, 0.6857371 ],
        [0.49592129, 0.49379152],
        [0.52285327, 0.80110305],
        [0.63002644, 0.6375102 ]],

       [[0.38534186, 0.6857371 ],
        [0.52285327, 0.80110305],
        [0.32888457, 0.85398126],
        [0.5       , 1.        ]]]),
                         'tri': array([[[0.71431293, 0.82270356],
        [0.52285327, 0.80110305],
        [0.63002644, 0.6375102 ]],

       [[1.        , 1.        ],
        [0.83782797, 0.76479963],
        [1.        , 0.75      ]],

       [[0.5       , 1.        ],
        [0.25      , 1.        ],
        [0.32888457, 0.85398126]]])},
                'spts_curved': {'quad': array([False, False, False, False, False, False, False]),
                                'tri': array([False, False, False])},
                'spts_nodes': {'quad': array([[18, 19, 28, 32],
       [19, 13, 23, 14],
       [18, 12, 19, 13],
       [18, 28, 11, 10],
       [32, 31, 28, 29],
       [24, 31, 23, 32],
       [24, 23, 25, 14]]),
                               'tri': array([[19, 23, 32],
       [12, 18, 11],
       [14, 15, 25]])}})
[Rank 0] SubMesh(etypes=['quad', 'tri'],
        eidxs={'quad': array([ 0, 12, 14, 18,  4, 19, 21]),
               'tri': array([3, 1, 5])},
        arrays={'con': {'quad': array([[[ 0,  0,  4,  3],
        [ 2,  0, 15,  0],
        [-1, -1, -1,  2],
        [ 0,  1,  5,  1]],

       [[ 0,  0, 14,  1],
        [ 2,  0,  1,  1],
        [ 2,  0, 15,  1],
        [ 0,  0,  4,  2]],

       [[ 1,  0,  6,  1],
        [ 0,  0, 12,  0],
        [ 0,  1,  1,  1],
        [ 0,  0, 18,  0]],

       [[ 0,  0, 14,  3],
        [ 0,  0, 19,  2],
        [ 0,  1,  3,  2],
        [ 1,  0,  7,  2]],

       [[ 0,  0, 21,  3],
        [ 0,  1,  1,  2],
        [ 0,  0, 12,  3],
        [ 0,  0,  0,  0]],

       [[ 0,  0, 21,  2],
        [-1, -1, -1,  3],
        [ 0,  0, 18,  1],
        [ 0,  1,  1,  0]],

       [[ 0,  1,  5,  0],
        [-1, -1, -1,  3],
        [ 0,  0, 19,  0],
        [ 0,  0,  4,  0]]]),
                        'tri': array([[[-1, -1, -1,  3],
        [ 1,  1,  0,  0],
        [ 0,  0, 18,  2]],

       [[ 0,  0, 19,  3],
        [ 0,  0, 14,  2],
        [ 0,  0,  4,  1]],

       [[ 0,  0, 21,  0],
        [ 0,  0,  0,  3],
        [-1, -1, -1,  2]]])},
                'spts': {'quad': array([[[0.83782797, 0.76479963],
        [0.7818017 , 0.58014363],
        [1.        , 0.75      ],
        [1.        , 0.5       ]],

       [[0.63002644, 0.6375102 ],
        [0.49592129, 0.49379152],
        [0.7818017 , 0.58014363],
        [0.68074413, 0.41970635]],

       [[0.38534186, 0.6857371 ],
        [0.49592129, 0.49379152],
        [0.52285327, 0.80110305],
        [0.63002644, 0.6375102 ]],

       [[0.38534186, 0.6857371 ],
        [0.52285327, 0.80110305],
        [0.32888457, 0.85398126],
        [0.5       , 1.        ]],

       [[0.83782797, 0.76479963],
        [0.71431293, 0.82270356],
        [0.7818017 , 0.58014363],
        [0.63002644, 0.6375102 ]],

       [[0.71431293, 0.82270356],
        [0.75      , 1.        ],
        [0.52285327, 0.80110305],
        [0.5       , 1.        ]],

       [[0.83782797, 0.76479963],
        [1.        , 1.        ],
        [0.71431293, 0.82270356],
        [0.75      , 1.        ]]]),
                         'tri': array([[[0.5       , 1.        ],
        [0.25      , 1.        ],
        [0.32888457, 0.85398126]],

       [[0.71431293, 0.82270356],
        [0.52285327, 0.80110305],
        [0.63002644, 0.6375102 ]],

       [[1.        , 1.        ],
        [0.83782797, 0.76479963],
        [1.        , 0.75      ]]])},
                'spts_curved': {'quad': array([False, False, False, False, False, False, False]),
                                'tri': array([False, False, False])},
                'spts_nodes': {'quad': array([[18, 28, 11, 10],
       [32, 31, 28, 29],
       [24, 31, 23, 32],
       [24, 23, 25, 14],
       [18, 19, 28, 32],
       [19, 13, 23, 14],
       [18, 12, 19, 13]]),
                               'tri': array([[14, 15, 25],
       [19, 23, 32],
       [12, 18, 11]])}})
[Rank 0] {'quad': array([ True,  True,  True,  True, False, False, False]),
 'tri': array([ True, False, False])}
[Rank 0] SubMesh(etypes=['quad', 'tri'],
        eidxs={'quad': array([ 4, 19, 21,  0, 12, 14, 18]),
               'tri': array([1, 5, 3])},
        arrays={'con': {'quad': array([[[ 0,  0, 21,  3],
        [ 0,  1,  1,  2],
        [ 0,  0, 12,  3],
        [ 0,  0,  0,  0]],

       [[ 0,  0, 21,  2],
        [-1, -1, -1,  3],
        [ 0,  0, 18,  1],
        [ 0,  1,  1,  0]],

       [[ 0,  1,  5,  0],
        [-1, -1, -1,  3],
        [ 0,  0, 19,  0],
        [ 0,  0,  4,  0]],

       [[ 0,  0,  4,  3],
        [ 2,  0, 15,  0],
        [-1, -1, -1,  2],
        [ 0,  1,  5,  1]],

       [[ 0,  0, 14,  1],
        [ 2,  0,  1,  1],
        [ 2,  0, 15,  1],
        [ 0,  0,  4,  2]],

       [[ 1,  0,  6,  1],
        [ 0,  0, 12,  0],
        [ 0,  1,  1,  1],
        [ 0,  0, 18,  0]],

       [[ 0,  0, 14,  3],
        [ 0,  0, 19,  2],
        [ 0,  1,  3,  2],
        [ 1,  0,  7,  2]]]),
                        'tri': array([[[ 0,  0, 19,  3],
        [ 0,  0, 14,  2],
        [ 0,  0,  4,  1]],

       [[ 0,  0, 21,  0],
        [ 0,  0,  0,  3],
        [-1, -1, -1,  2]],

       [[-1, -1, -1,  3],
        [ 1,  1,  0,  0],
        [ 0,  0, 18,  2]]])},
                'spts': {'quad': array([[[0.83782797, 0.76479963],
        [0.71431293, 0.82270356],
        [0.7818017 , 0.58014363],
        [0.63002644, 0.6375102 ]],

       [[0.71431293, 0.82270356],
        [0.75      , 1.        ],
        [0.52285327, 0.80110305],
        [0.5       , 1.        ]],

       [[0.83782797, 0.76479963],
        [1.        , 1.        ],
        [0.71431293, 0.82270356],
        [0.75      , 1.        ]],

       [[0.83782797, 0.76479963],
        [0.7818017 , 0.58014363],
        [1.        , 0.75      ],
        [1.        , 0.5       ]],

       [[0.63002644, 0.6375102 ],
        [0.49592129, 0.49379152],
        [0.7818017 , 0.58014363],
        [0.68074413, 0.41970635]],

       [[0.38534186, 0.6857371 ],
        [0.49592129, 0.49379152],
        [0.52285327, 0.80110305],
        [0.63002644, 0.6375102 ]],

       [[0.38534186, 0.6857371 ],
        [0.52285327, 0.80110305],
        [0.32888457, 0.85398126],
        [0.5       , 1.        ]]]),
                         'tri': array([[[0.71431293, 0.82270356],
        [0.52285327, 0.80110305],
        [0.63002644, 0.6375102 ]],

       [[1.        , 1.        ],
        [0.83782797, 0.76479963],
        [1.        , 0.75      ]],

       [[0.5       , 1.        ],
        [0.25      , 1.        ],
        [0.32888457, 0.85398126]]])},
                'spts_curved': {'quad': array([False, False, False, False, False, False, False]),
                                'tri': array([False, False, False])},
                'spts_nodes': {'quad': array([[18, 19, 28, 32],
       [19, 13, 23, 14],
       [18, 12, 19, 13],
       [18, 28, 11, 10],
       [32, 31, 28, 29],
       [24, 31, 23, 32],
       [24, 23, 25, 14]]),
                               'tri': array([[19, 23, 32],
       [12, 18, 11],
       [14, 15, 25]])}})
[Rank 0] {'quad': array([ True,  True,  True,  True, False, False, False]),
 'tri': array([ True, False, False])}
[Rank 0] {'quad': array([ 0, 12, 14, 18,  4, 19, 21]), 'tri': array([3, 1, 5])}
[Rank 0] {'quad': array([ True,  True,  True,  True, False, False, False]),
 'tri': array([ True, False, False])}
[Rank 0] {'quad': array([ 4, 19, 21,  0, 12, 14, 18]), 'tri': array([1, 5, 3])}
[Rank 0] {'quad': array([ 0, 12, 14, 18,  4, 19, 21]), 'tri': array([3, 1, 5])}
[Rank 0] {'quad': array([ True,  True,  True,  True, False, False, False]),
 'tri': array([ True, False, False])}
[Rank 0] {'quad': array([ 0, 12, 14, 18,  4, 19, 21]), 'tri': array([3, 1, 5])}
[Rank 0] {'quad': array([ 0, 12,  4, 19, 21]), 'tri': array([1])}
[Rank 0] {'quad': array([ 0, 12,  4, 19, 21]), 'tri': array([1])}
[Rank 0] {'quad': array([ 0, 12, 14, 18,  4, 19, 21]), 'tri': array([3, 1, 5])}
[Rank 0] {'quad': array([ 0, 12,  4, 19, 21]), 'tri': array([1])}
[Rank 0] {'quad': array([14, 18]), 'tri': array([3, 5])}
[Rank 0] {'quad': array([[[ 0,  0,  4,  3],
        [ 2,  0, 15,  0],
        [-1, -1, -1,  2],
        [ 0,  1,  5,  1]],

       [[ 0,  0, 14,  1],
        [ 2,  0,  1,  1],
        [ 2,  0, 15,  1],
        [ 0,  0,  4,  2]],

       [[ 1,  0,  6,  1],
        [ 0,  0, 12,  0],
        [ 0,  1,  1,  1],
        [ 0,  0, 18,  0]],

       [[ 0,  0, 14,  3],
        [ 0,  0, 19,  2],
        [ 0,  1,  3,  2],
        [ 1,  0,  7,  2]],

       [[ 0,  0, 21,  3],
        [ 0,  1,  1,  2],
        [ 0,  0, 12,  3],
        [ 0,  0,  0,  0]],

       [[ 0,  0, 21,  2],
        [-1, -1, -1,  3],
        [ 0,  0, 18,  1],
        [ 0,  1,  1,  0]],

       [[ 0,  1,  5,  0],
        [-1, -1, -1,  3],
        [ 0,  0, 19,  0],
        [ 0,  0,  4,  0]]]),
 'tri': array([[[-1, -1, -1,  3],
        [ 1,  1,  0,  0],
        [ 0,  0, 18,  2]],

       [[ 0,  0, 19,  3],
        [ 0,  0, 14,  2],
        [ 0,  0,  4,  1]],

       [[ 0,  0, 21,  0],
        [ 0,  0,  0,  3],
        [-1, -1, -1,  2]]])}
[Rank 0] {'quad': array([ 0, 12, 14, 18,  4, 19, 21]), 'tri': array([3, 1, 5])}
[Rank 0] {'quad': array([ 0, 12,  4, 19, 21]), 'tri': array([1])}
[Rank 0] {'quad': array([14, 18]), 'tri': array([3, 5])}
[Rank 0] {'quad': array([[[ 0,  0,  4,  3],
        [ 2,  0, 15,  0],
        [-1, -1, -1,  2],
        [ 0,  1,  5,  1]],

       [[ 0,  0, 14,  1],
        [ 2,  0,  1,  1],
        [ 2,  0, 15,  1],
        [ 0,  0,  4,  2]],

       [[ 1,  0,  6,  1],
        [ 0,  0, 12,  0],
        [ 0,  1,  1,  1],
        [ 0,  0, 18,  0]],

       [[ 0,  0, 14,  3],
        [ 0,  0, 19,  2],
        [ 0,  1,  3,  2],
        [ 1,  0,  7,  2]],

       [[ 0,  0, 21,  3],
        [ 0,  1,  1,  2],
        [ 0,  0, 12,  3],
        [ 0,  0,  0,  0]],

       [[ 0,  0, 21,  2],
        [-1, -1, -1,  3],
        [ 0,  0, 18,  1],
        [ 0,  1,  1,  0]],

       [[ 0,  1,  5,  0],
        [-1, -1, -1,  3],
        [ 0,  0, 19,  0],
        [ 0,  0,  4,  0]]]),
 'tri': array([[[-1, -1, -1,  3],
        [ 1,  1,  0,  0],
        [ 0,  0, 18,  2]],

       [[ 0,  0, 19,  3],
        [ 0,  0, 14,  2],
        [ 0,  0,  4,  1]],

       [[ 0,  0, 21,  0],
        [ 0,  0,  0,  3],
        [-1, -1, -1,  2]]])}
[Rank 0] {'quad': array([ 0, 12, 14, 18,  4, 19, 21]), 'tri': array([3, 1, 5])}
[Rank 0] {'quad': array([ 0, 12,  4, 19, 21]), 'tri': array([1])}
[Rank 0] {'quad': array([14, 18]), 'tri': array([3, 5])}
[Rank 0] {'quad': array([ 0, 12, 14, 18,  4, 19, 21]), 'tri': array([3, 1, 5])}
[Rank 0] {'quad': array([14, 18]), 'tri': array([3, 5])}
[Rank 0] {'quad': array([ 0, 12, 14, 18,  4, 19, 21]), 'tri': array([3, 1, 5])}
[Rank 0] {'quad': array([ 0, 12, 14, 18,  4, 19, 21]), 'tri': array([3, 1, 5])}
[Rank 0] {'quad': array([ 0, 12, 14, 18,  4, 19, 21]), 'tri': array([3, 1, 5])}
[Rank 0] {'quad': array([14, 18]), 'tri': array([3, 5])}
